unsigned char encoder_clf_raw_pruned_qat_int8_tflite[] = {
  0x1c, 0x00, 0x00, 0x00, 0x54, 0x46, 0x4c, 0x33, 0x14, 0x00, 0x20, 0x00,
  0x1c, 0x00, 0x18, 0x00, 0x14, 0x00, 0x10, 0x00, 0x0c, 0x00, 0x00, 0x00,
  0x08, 0x00, 0x04, 0x00, 0x14, 0x00, 0x00, 0x00, 0x1c, 0x00, 0x00, 0x00,
  0xa4, 0x00, 0x00, 0x00, 0xfc, 0x00, 0x00, 0x00, 0xb0, 0xa5, 0x00, 0x00,
  0xc0, 0xa5, 0x00, 0x00, 0xc4, 0xb1, 0x00, 0x00, 0x03, 0x00, 0x00, 0x00,
  0x01, 0x00, 0x00, 0x00, 0x10, 0x00, 0x00, 0x00, 0x00, 0x00, 0x0a, 0x00,
  0x10, 0x00, 0x0c, 0x00, 0x08, 0x00, 0x04, 0x00, 0x0a, 0x00, 0x00, 0x00,
  0x0c, 0x00, 0x00, 0x00, 0x1c, 0x00, 0x00, 0x00, 0x48, 0x00, 0x00, 0x00,
  0x0f, 0x00, 0x00, 0x00, 0x73, 0x65, 0x72, 0x76, 0x69, 0x6e, 0x67, 0x5f,
  0x64, 0x65, 0x66, 0x61, 0x75, 0x6c, 0x74, 0x00, 0x01, 0x00, 0x00, 0x00,
  0x04, 0x00, 0x00, 0x00, 0x84, 0xff, 0xff, 0xff, 0x0d, 0x00, 0x00, 0x00,
  0x04, 0x00, 0x00, 0x00, 0x16, 0x00, 0x00, 0x00, 0x71, 0x75, 0x61, 0x6e,
  0x74, 0x5f, 0x61, 0x63, 0x74, 0x69, 0x76, 0x69, 0x74, 0x79, 0x5f, 0x73,
  0x6f, 0x66, 0x74, 0x6d, 0x61, 0x78, 0x00, 0x00, 0x01, 0x00, 0x00, 0x00,
  0x04, 0x00, 0x00, 0x00, 0x3e, 0x5a, 0xff, 0xff, 0x04, 0x00, 0x00, 0x00,
  0x0c, 0x00, 0x00, 0x00, 0x77, 0x69, 0x6e, 0x64, 0x6f, 0x77, 0x5f, 0x69,
  0x6e, 0x70, 0x75, 0x74, 0x00, 0x00, 0x00, 0x00, 0x02, 0x00, 0x00, 0x00,
  0x34, 0x00, 0x00, 0x00, 0x04, 0x00, 0x00, 0x00, 0xdc, 0xff, 0xff, 0xff,
  0x10, 0x00, 0x00, 0x00, 0x04, 0x00, 0x00, 0x00, 0x13, 0x00, 0x00, 0x00,
  0x43, 0x4f, 0x4e, 0x56, 0x45, 0x52, 0x53, 0x49, 0x4f, 0x4e, 0x5f, 0x4d,
  0x45, 0x54, 0x41, 0x44, 0x41, 0x54, 0x41, 0x00, 0x08, 0x00, 0x0c, 0x00,
  0x08, 0x00, 0x04, 0x00, 0x08, 0x00, 0x00, 0x00, 0x0f, 0x00, 0x00, 0x00,
  0x04, 0x00, 0x00, 0x00, 0x13, 0x00, 0x00, 0x00, 0x6d, 0x69, 0x6e, 0x5f,
  0x72, 0x75, 0x6e, 0x74, 0x69, 0x6d, 0x65, 0x5f, 0x76, 0x65, 0x72, 0x73,
  0x69, 0x6f, 0x6e, 0x00, 0x11, 0x00, 0x00, 0x00, 0xb0, 0xa4, 0x00, 0x00,
  0xa8, 0xa4, 0x00, 0x00, 0x98, 0x0e, 0x00, 0x00, 0x88, 0x0d, 0x00, 0x00,
  0x80, 0x0d, 0x00, 0x00, 0x70, 0x05, 0x00, 0x00, 0xe0, 0x04, 0x00, 0x00,
  0xd8, 0x04, 0x00, 0x00, 0x48, 0x02, 0x00, 0x00, 0xe8, 0x01, 0x00, 0x00,
  0xe0, 0x01, 0x00, 0x00, 0xe0, 0x00, 0x00, 0x00, 0xa0, 0x00, 0x00, 0x00,
  0x98, 0x00, 0x00, 0x00, 0x90, 0x00, 0x00, 0x00, 0x70, 0x00, 0x00, 0x00,
  0x04, 0x00, 0x00, 0x00, 0xfe, 0x5a, 0xff, 0xff, 0x04, 0x00, 0x00, 0x00,
  0x5c, 0x00, 0x00, 0x00, 0x0c, 0x00, 0x00, 0x00, 0x08, 0x00, 0x0e, 0x00,
  0x08, 0x00, 0x04, 0x00, 0x08, 0x00, 0x00, 0x00, 0x10, 0x00, 0x00, 0x00,
  0x2c, 0x00, 0x00, 0x00, 0x00, 0x00, 0x06, 0x00, 0x08, 0x00, 0x04, 0x00,
  0x06, 0x00, 0x00, 0x00, 0x04, 0x00, 0x00, 0x00, 0x02, 0x00, 0x00, 0x00,
  0xeb, 0x03, 0x00, 0x00, 0xd0, 0x07, 0x00, 0x00, 0x00, 0x00, 0x0a, 0x00,
  0x10, 0x00, 0x0c, 0x00, 0x08, 0x00, 0x04, 0x00, 0x0a, 0x00, 0x00, 0x00,
  0x02, 0x00, 0x00, 0x00, 0x02, 0x00, 0x00, 0x00, 0x04, 0x00, 0x00, 0x00,
  0x06, 0x00, 0x00, 0x00, 0x32, 0x2e, 0x31, 0x34, 0x2e, 0x31, 0x00, 0x00,
  0x66, 0x5b, 0xff, 0xff, 0x04, 0x00, 0x00, 0x00, 0x10, 0x00, 0x00, 0x00,
  0x31, 0x2e, 0x31, 0x34, 0x2e, 0x30, 0x00, 0x00, 0x00, 0x00, 0x00, 0x00,
  0x00, 0x00, 0x00, 0x00, 0xdc, 0x5a, 0xff, 0xff, 0xe0, 0x5a, 0xff, 0xff,
  0x8a, 0x5b, 0xff, 0xff, 0x04, 0x00, 0x00, 0x00, 0x30, 0x00, 0x00, 0x00,
  0x62, 0x01, 0x00, 0x00, 0xbe, 0x01, 0x00, 0x00, 0x32, 0xff, 0xff, 0xff,
  0x4e, 0xfe, 0xff, 0xff, 0xe8, 0x01, 0x00, 0x00, 0xc1, 0x00, 0x00, 0x00,
  0x6a, 0x01, 0x00, 0x00, 0x41, 0x01, 0x00, 0x00, 0xd1, 0x01, 0x00, 0x00,
  0x41, 0xfe, 0xff, 0xff, 0x2c, 0xfe, 0xff, 0xff, 0xcb, 0xfe, 0xff, 0xff,
  0xc6, 0x5b, 0xff, 0xff, 0x04, 0x00, 0x00, 0x00, 0xf0, 0x00, 0x00, 0x00,
  0x00, 0x00, 0x81, 0xa4, 0x00, 0xda, 0x00, 0xe1, 0x00, 0xcf, 0xda, 0x00,
  0xe0, 0x00, 0xe6, 0x00, 0x00, 0x00, 0xd1, 0xb2, 0x00, 0xcd, 0x00, 0xd2,
  0x00, 0xb6, 0x00, 0x00, 0x00, 0x00, 0x00, 0x00, 0x00, 0x00, 0x00, 0x00,
  0x00, 0x00, 0x00, 0xc7, 0x00, 0x00, 0x00, 0x00, 0x00, 0x00, 0x00, 0x00,
  0x00, 0x11, 0x17, 0xe3, 0x00, 0x00, 0x00, 0x00, 0x00, 0x00, 0x00, 0x00,
  0x00, 0x00, 0x18, 0x1f, 0x00, 0x00, 0x00, 0x00, 0x00, 0x00, 0x00, 0x00,
  0xd7, 0x00, 0x00, 0x00, 0x00, 0x00, 0x00, 0x00, 0x00, 0x00, 0x00, 0x00,
  0x00, 0x00, 0x00, 0x00, 0xe3, 0xe1, 0x00, 0x00, 0x00, 0x00, 0x00, 0x00,
  0x00, 0x00, 0x00, 0x00, 0x00, 0x00, 0x00, 0x00, 0x00, 0xc3, 0x00, 0x00,
  0x00, 0xde, 0x00, 0x00, 0x00, 0x00, 0xeb, 0x00, 0x00, 0x00, 0xab, 0x00,
  0x00, 0xcf, 0x00, 0xd1, 0x00, 0x00, 0x00, 0xe1, 0x00, 0xe3, 0x00, 0x00,
  0x00, 0x00, 0x00, 0x00, 0x00, 0x00, 0x00, 0x00, 0x00, 0x00, 0xc3, 0x00,
  0x00, 0xd0, 0x00, 0x00, 0x00, 0xe0, 0x00, 0x00, 0x00, 0x00, 0x00, 0x00,
  0x00, 0x00, 0xd8, 0x00, 0x00, 0xd0, 0xce, 0xd8, 0x00, 0xe0, 0x00, 0x00,
  0x00, 0x00, 0x00, 0x00, 0x00, 0x00, 0xdf, 0x00, 0x00, 0x00, 0xe7, 0xcc,
  0x00, 0x00, 0x00, 0x00, 0x00, 0x00, 0x00, 0x00, 0x00, 0x00, 0x00, 0x00,
  0x13, 0x00, 0x00, 0x00, 0x00, 0x15, 0x00, 0x00, 0x00, 0x00, 0x00, 0x15,
  0x19, 0x00, 0x00, 0x00, 0x00, 0x00, 0x00, 0x00, 0x00, 0x00, 0x00, 0x00,
  0x00, 0x00, 0x00, 0x0f, 0x00, 0x1c, 0x07, 0x00, 0x00, 0x00, 0x00, 0x00,
  0x00, 0x00, 0x00, 0x00, 0x00, 0x00, 0x15, 0x00, 0x00, 0x00, 0x00, 0x00,
  0x1c, 0x5c, 0xff, 0xff, 0xc6, 0x5c, 0xff, 0xff, 0x04, 0x00, 0x00, 0x00,
  0x50, 0x00, 0x00, 0x00, 0x89, 0xff, 0xff, 0xff, 0x66, 0x00, 0x00, 0x00,
  0x47, 0x00, 0x00, 0x00, 0xed, 0xff, 0xff, 0xff, 0x47, 0xff, 0xff, 0xff,
  0x04, 0x00, 0x00, 0x00, 0xb4, 0xff, 0xff, 0xff, 0x96, 0x00, 0x00, 0x00,
  0xc8, 0xff, 0xff, 0xff, 0x4e, 0x00, 0x00, 0x00, 0x20, 0x00, 0x00, 0x00,
  0xde, 0x01, 0x00, 0x00, 0x6e, 0x00, 0x00, 0x00, 0xe2, 0xff, 0xff, 0xff,
  0x44, 0x00, 0x00, 0x00, 0x7d, 0xff, 0xff, 0xff, 0xfc, 0xff, 0xff, 0xff,
  0xe2, 0xfe, 0xff, 0xff, 0xa7, 0x00, 0x00, 0x00, 0x18, 0x00, 0x00, 0x00,
  0x22, 0x5d, 0xff, 0xff, 0x04, 0x00, 0x00, 0x00, 0x80, 0x02, 0x00, 0x00,
  0x00, 0x00, 0x00, 0x00, 0x00, 0xb3, 0x00, 0x00, 0xcf, 0x00, 0x00, 0x32,
  0x00, 0xc9, 0xb2, 0x00, 0x00, 0x00, 0x00, 0x00, 0x46, 0x00, 0x00, 0x30,
  0x00, 0xa8, 0x00, 0x00, 0x00, 0x00, 0x00, 0x00, 0x40, 0x00, 0x00, 0x00,
  0x00, 0xbf, 0x00, 0x00, 0x00, 0x00, 0x00, 0x00, 0x00, 0x00, 0x00, 0x00,
  0x00, 0x00, 0x4e, 0x00, 0x00, 0x00, 0xac, 0xca, 0x00, 0x00, 0x00, 0x00,
  0x32, 0xbb, 0x00, 0xc5, 0xcb, 0x00, 0x00, 0x00, 0x00, 0x4e, 0x00, 0x00,
  0x66, 0x00, 0x00, 0x4c, 0x00, 0x00, 0x4b, 0x00, 0x3e, 0x00, 0x00, 0xcd,
  0xa0, 0xb6, 0xb8, 0x00, 0x00, 0x00, 0x8c, 0xab, 0x00, 0x00, 0x00, 0x4e,
  0xda, 0x00, 0xb2, 0x00, 0x00, 0x60, 0x00, 0x00, 0x00, 0x00, 0x49, 0x00,
  0x00, 0x00, 0xb0, 0x00, 0x00, 0x00, 0x2f, 0x00, 0x61, 0x00, 0x00, 0x00,
  0x00, 0x00, 0x00, 0x00, 0x00, 0x00, 0x00, 0x9e, 0x00, 0x00, 0x00, 0x00,
  0x00, 0x00, 0x00, 0x00, 0x00, 0x00, 0x00, 0x00, 0x00, 0x00, 0x00, 0xbc,
  0x00, 0x00, 0x00, 0x00, 0x00, 0x00, 0x00, 0xcd, 0x4f, 0x00, 0x00, 0x00,
  0x00, 0x00, 0x00, 0x00, 0x00, 0x27, 0x00, 0x00, 0x00, 0x00, 0x00, 0x00,
  0x00, 0x00, 0x00, 0x00, 0x62, 0x00, 0x00, 0x1f, 0x00, 0x61, 0x00, 0x00,
  0x00, 0x00, 0x00, 0x00, 0x00, 0x00, 0x00, 0xd6, 0x00, 0x00, 0x00, 0x00,
  0x42, 0x00, 0x00, 0x00, 0x00, 0x00, 0x00, 0x00, 0xbb, 0x00, 0x00, 0xce,
  0x00, 0x00, 0x31, 0x00, 0x3c, 0xcf, 0x00, 0x00, 0x00, 0x00, 0x00, 0x00,
  0x3b, 0x00, 0x00, 0xb8, 0x00, 0x00, 0x00, 0x00, 0x42, 0x00, 0x00, 0x00,
  0x00, 0xb8, 0x00, 0x00, 0xa9, 0x00, 0x00, 0x00, 0x00, 0x00, 0x00, 0x00,
  0x00, 0x00, 0xb9, 0xd0, 0x00, 0x00, 0x00, 0x00, 0x00, 0x00, 0x28, 0xd8,
  0x00, 0x00, 0x00, 0x00, 0x00, 0x00, 0x00, 0x29, 0x00, 0x00, 0x00, 0x00,
  0x00, 0x00, 0x00, 0x00, 0x00, 0x00, 0x00, 0x00, 0xb2, 0x00, 0x00, 0x00,
  0x00, 0x00, 0x3a, 0xb2, 0x00, 0x00, 0x00, 0x44, 0x00, 0x00, 0x00, 0x00,
  0x00, 0x00, 0x33, 0x00, 0x00, 0x00, 0x00, 0xac, 0x00, 0x00, 0x42, 0x00,
  0x00, 0x00, 0x00, 0xcb, 0x62, 0x00, 0x00, 0x00, 0x00, 0x00, 0x00, 0x00,
  0xbb, 0x00, 0x00, 0x00, 0x00, 0x00, 0x47, 0xc5, 0x00, 0x00, 0x00, 0xbf,
  0x3b, 0x51, 0x00, 0x00, 0x00, 0x00, 0x00, 0x00, 0x00, 0x35, 0x00, 0x00,
  0x00, 0x00, 0x00, 0x00, 0x00, 0x00, 0x00, 0xc0, 0x00, 0x00, 0x00, 0x00,
  0x00, 0x00, 0x00, 0x00, 0x00, 0x00, 0x00, 0x00, 0x00, 0x00, 0x00, 0x00,
  0x00, 0x00, 0xbc, 0x00, 0x00, 0x00, 0x00, 0x00, 0xc3, 0x49, 0x00, 0xd5,
  0x00, 0xb3, 0x00, 0x00, 0x00, 0x00, 0x00, 0x00, 0x00, 0x00, 0x00, 0x00,
  0x00, 0x00, 0x00, 0x57, 0x00, 0xe4, 0x00, 0x00, 0xb1, 0x65, 0x00, 0x4f,
  0x00, 0x00, 0xd9, 0xc7, 0x00, 0x00, 0x00, 0x00, 0x49, 0x00, 0x00, 0x00,
  0x00, 0x00, 0x5e, 0x00, 0xc4, 0x00, 0x00, 0x00, 0x00, 0x44, 0x00, 0x00,
  0x00, 0x00, 0x00, 0x00, 0x3c, 0x00, 0x00, 0x00, 0xce, 0x00, 0x00, 0x00,
  0x00, 0x00, 0x00, 0x00, 0x00, 0x3c, 0x00, 0x00, 0xd0, 0x30, 0x00, 0x45,
  0x3f, 0x36, 0xc2, 0x00, 0x00, 0x00, 0x00, 0x00, 0x00, 0x81, 0x00, 0x00,
  0x00, 0x00, 0x00, 0x00, 0x00, 0x4e, 0x00, 0x00, 0x00, 0x00, 0x00, 0x00,
  0x00, 0x00, 0x3c, 0x00, 0x56, 0x00, 0x00, 0x00, 0x3b, 0x00, 0x00, 0x00,
  0x32, 0x00, 0xcc, 0x00, 0x00, 0x00, 0x00, 0x00, 0x00, 0x00, 0x00, 0x00,
  0x00, 0x00, 0x00, 0x00, 0x39, 0x00, 0x00, 0x00, 0xce, 0x00, 0x00, 0x00,
  0x3f, 0x00, 0xc8, 0x00, 0x00, 0x00, 0x00, 0x00, 0x00, 0x00, 0x00, 0x00,
  0x00, 0x00, 0x00, 0x00, 0x00, 0x00, 0x00, 0x00, 0x00, 0x00, 0x00, 0x34,
  0x00, 0x00, 0x00, 0x00, 0x00, 0x00, 0x00, 0x00, 0x00, 0x00, 0x00, 0x00,
  0x00, 0x00, 0x00, 0x00, 0x00, 0x40, 0x00, 0x35, 0x41, 0x00, 0x00, 0x00,
  0x00, 0x00, 0x00, 0x00, 0x00, 0x00, 0x00, 0x00, 0x00, 0x00, 0x00, 0x00,
  0x00, 0x00, 0x00, 0x00, 0x33, 0x00, 0x00, 0x00, 0x00, 0x00, 0xb4, 0x00,
  0x00, 0x00, 0x00, 0x00, 0x00, 0x00, 0x00, 0x3b, 0x00, 0x00, 0x00, 0x00,
  0x00, 0x35, 0x6d, 0x1e, 0x00, 0x00, 0x39, 0x92, 0x00, 0x91, 0x00, 0x00,
  0x00, 0x00, 0x39, 0x00, 0x00, 0x00, 0x00, 0x00, 0x00, 0x00, 0x00, 0x00,
  0x00, 0x50, 0x00, 0x30, 0x00, 0x00, 0x00, 0x00, 0x00, 0x00, 0x00, 0x00,
  0x00, 0x00, 0x00, 0x00, 0x00, 0x00, 0x00, 0x00, 0x43, 0x00, 0x00, 0x00,
  0xc2, 0x00, 0x00, 0x00, 0x08, 0x5f, 0xff, 0xff, 0xb2, 0x5f, 0xff, 0xff,
  0x04, 0x00, 0x00, 0x00, 0x80, 0x00, 0x00, 0x00, 0x4e, 0x00, 0x00, 0x00,
  0xea, 0xff, 0xff, 0xff, 0xf9, 0xff, 0xff, 0xff, 0x14, 0x00, 0x00, 0x00,
  0x46, 0x00, 0x00, 0x00, 0x0a, 0x00, 0x00, 0x00, 0xf1, 0xff, 0xff, 0xff,
  0xe4, 0xff, 0xff, 0xff, 0x45, 0x00, 0x00, 0x00, 0x1c, 0x00, 0x00, 0x00,
  0x10, 0x00, 0x00, 0x00, 0xf9, 0xff, 0xff, 0xff, 0xf7, 0xff, 0xff, 0xff,
  0x2f, 0x00, 0x00, 0x00, 0xf7, 0xff, 0xff, 0xff, 0x1a, 0x00, 0x00, 0x00,
  0xf9, 0xff, 0xff, 0xff, 0x4c, 0x00, 0x00, 0x00, 0xc6, 0xff, 0xff, 0xff,
  0xca, 0xff, 0xff, 0xff, 0x49, 0x00, 0x00, 0x00, 0xea, 0xff, 0xff, 0xff,
  0xb8, 0xff, 0xff, 0xff, 0xc8, 0xff, 0xff, 0xff, 0xf6, 0xff, 0xff, 0xff,
  0xee, 0xff, 0xff, 0xff, 0x39, 0x00, 0x00, 0x00, 0x7b, 0xff, 0xff, 0xff,
  0x1a, 0x00, 0x00, 0x00, 0x0b, 0x00, 0x00, 0x00, 0xaa, 0x00, 0x00, 0x00,
  0x20, 0x00, 0x00, 0x00, 0x3e, 0x60, 0xff, 0xff, 0x04, 0x00, 0x00, 0x00,
  0x00, 0x08, 0x00, 0x00, 0x00, 0x00, 0x00, 0x00, 0x00, 0x26, 0x00, 0x00,
  0x00, 0x3a, 0xd1, 0x00, 0x00, 0x00, 0xd8, 0x00, 0x00, 0x00, 0x00, 0xd3,
  0x00, 0x00, 0x00, 0x00, 0x00, 0x00, 0xca, 0x00, 0x00, 0xe0, 0x00, 0x00,
  0x00, 0x00, 0x00, 0x00, 0x00, 0x00, 0x41, 0x00, 0x3d, 0x00, 0x31, 0x00,
  0xd1, 0x00, 0x00, 0x00, 0x00, 0x00, 0x00, 0x3f, 0x00, 0x41, 0x00, 0x28,
  0x00, 0x2e, 0x00, 0x00, 0x00, 0x00, 0x00, 0x51, 0x00, 0x00, 0x00, 0x00,
  0x00, 0x00, 0x00, 0x00, 0x00, 0xd8, 0x00, 0x00, 0x00, 0x00, 0x00, 0x00,
  0x00, 0x00, 0x00, 0xcd, 0x00, 0xca, 0x00, 0x00, 0x00, 0x00, 0x29, 0x00,
  0x00, 0x00, 0x00, 0xd5, 0x00, 0x00, 0x00, 0x00, 0xd6, 0x00, 0xd3, 0x00,
  0x00, 0x00, 0x00, 0x00, 0x00, 0x00, 0x00, 0x00, 0x00, 0x00, 0x00, 0xbb,
  0x00, 0x00, 0x00, 0xc8, 0xc0, 0xcb, 0x00, 0x00, 0x00, 0x00, 0xa9, 0x00,
  0x00, 0x2f, 0x00, 0x00, 0x00, 0x00, 0x00, 0x00, 0x00, 0x30, 0x00, 0x00,
  0x00, 0x00, 0x00, 0xcd, 0xc7, 0x00, 0x00, 0x00, 0x00, 0x00, 0x00, 0x00,
  0x00, 0xd3, 0x00, 0x00, 0x00, 0x00, 0x00, 0x00, 0x00, 0x00, 0x3b, 0x00,
  0x00, 0x00, 0x00, 0x2f, 0x00, 0x00, 0x00, 0x00, 0x00, 0x00, 0x00, 0x00,
  0x00, 0x00, 0x00, 0x00, 0x00, 0x00, 0x00, 0x00, 0x00, 0xcc, 0x00, 0x00,
  0x00, 0x00, 0x00, 0x00, 0x00, 0x00, 0x00, 0x00, 0x00, 0x00, 0x00, 0x36,
  0x00, 0x00, 0xe4, 0xe6, 0xe0, 0x00, 0x00, 0x00, 0x00, 0x00, 0x00, 0x00,
  0xd5, 0x00, 0xcf, 0x00, 0x00, 0x5b, 0x00, 0x00, 0xdd, 0x00, 0xd5, 0x00,
  0x00, 0x00, 0x00, 0x00, 0x00, 0x00, 0x00, 0x00, 0x00, 0x00, 0x00, 0xc4,
  0x00, 0x00, 0x00, 0x00, 0x00, 0x00, 0x00, 0x00, 0xd4, 0x00, 0x00, 0x00,
  0x40, 0x00, 0x00, 0x00, 0x00, 0xb1, 0xe3, 0x00, 0x00, 0x00, 0x00, 0x2e,
  0x2a, 0x00, 0x00, 0x00, 0x00, 0x00, 0x00, 0x00, 0xb7, 0x00, 0x00, 0x00,
  0x00, 0x00, 0x00, 0x00, 0x00, 0x00, 0x00, 0x00, 0x00, 0x00, 0x00, 0x00,
  0x00, 0x00, 0x00, 0xd8, 0x00, 0x00, 0x00, 0x00, 0x00, 0x1d, 0x00, 0x00,
  0x00, 0xbf, 0x00, 0x00, 0x33, 0xc3, 0x00, 0x00, 0x00, 0x00, 0x00, 0x00,
  0x00, 0x00, 0x00, 0x00, 0x00, 0xca, 0x00, 0x00, 0x00, 0x00, 0x00, 0xc6,
  0x00, 0x00, 0x00, 0x00, 0x00, 0x00, 0x00, 0x00, 0x00, 0x00, 0x00, 0x00,
  0x00, 0xcc, 0x00, 0x00, 0x00, 0x00, 0x00, 0x25, 0x00, 0x00, 0x00, 0x00,
  0xcd, 0x27, 0x00, 0x00, 0x3c, 0x00, 0x00, 0x00, 0x3c, 0x00, 0x00, 0x00,
  0x00, 0x00, 0x00, 0x00, 0x00, 0x00, 0xb2, 0x00, 0x00, 0x00, 0x00, 0x00,
  0x00, 0x00, 0x00, 0x00, 0x00, 0x00, 0x00, 0x00, 0x00, 0x00, 0x00, 0x00,
  0x26, 0x00, 0x00, 0x00, 0x00, 0x00, 0x36, 0x00, 0x00, 0x00, 0x00, 0x00,
  0x00, 0x00, 0x00, 0x00, 0x00, 0x00, 0x00, 0xcc, 0x00, 0x00, 0x00, 0xbc,
  0x00, 0x00, 0x00, 0x00, 0x00, 0x32, 0x00, 0xb4, 0x00, 0x00, 0x00, 0x00,
  0x00, 0x00, 0x00, 0x00, 0x00, 0x34, 0x00, 0x28, 0x00, 0x00, 0x00, 0x00,
  0x00, 0x00, 0xd0, 0xc1, 0x00, 0x29, 0x00, 0x00, 0x00, 0x00, 0x00, 0x00,
  0x00, 0x00, 0x2e, 0x00, 0x00, 0x00, 0x00, 0x00, 0x00, 0x00, 0x00, 0x00,
  0xcc, 0xc4, 0x00, 0x00, 0x00, 0x00, 0x00, 0x00, 0x00, 0x00, 0x00, 0x00,
  0x59, 0xdb, 0x00, 0xcf, 0x00, 0x00, 0xd3, 0x3a, 0xce, 0x00, 0x5a, 0x00,
  0xd7, 0x00, 0x00, 0x00, 0x00, 0x00, 0x00, 0x00, 0x00, 0x00, 0x00, 0x00,
  0x00, 0x00, 0x00, 0xcd, 0xd2, 0x00, 0x00, 0x00, 0x00, 0xc8, 0x00, 0xc0,
  0xc3, 0x00, 0x00, 0x00, 0x00, 0x00, 0x00, 0x00, 0x00, 0x00, 0x00, 0x32,
  0x00, 0x1d, 0x00, 0x00, 0x00, 0x00, 0x00, 0x00, 0x00, 0xc8, 0x00, 0x00,
  0xd0, 0x00, 0x00, 0x2c, 0x00, 0xd1, 0x00, 0x00, 0x00, 0x00, 0xd0, 0x00,
  0x00, 0x00, 0x00, 0xcd, 0x33, 0x00, 0x00, 0x00, 0x00, 0x00, 0x00, 0x2a,
  0x00, 0x00, 0xd0, 0x00, 0xbd, 0x00, 0x00, 0x00, 0x00, 0x00, 0xba, 0x00,
  0x00, 0x00, 0x00, 0x00, 0x00, 0x00, 0xd9, 0x00, 0x00, 0x00, 0x00, 0x00,
  0x00, 0x00, 0x00, 0x00, 0x50, 0x00, 0x00, 0xa5, 0x00, 0x00, 0x00, 0x00,
  0x00, 0x00, 0x00, 0xd1, 0x00, 0x00, 0x00, 0x00, 0x00, 0x00, 0x2a, 0x4d,
  0x00, 0x00, 0x00, 0x00, 0x00, 0x00, 0x57, 0x00, 0x00, 0x00, 0x00, 0x00,
  0x00, 0x00, 0x00, 0x00, 0x00, 0x00, 0x00, 0x00, 0x00, 0x00, 0x00, 0x00,
  0x3d, 0x00, 0x00, 0x00, 0xe0, 0x00, 0x00, 0xd8, 0x00, 0xb4, 0x00, 0x00,
  0x00, 0x00, 0x00, 0x00, 0x00, 0x00, 0x00, 0x00, 0x39, 0x00, 0x00, 0xdb,
  0x00, 0x00, 0x00, 0x00, 0x00, 0x00, 0x00, 0x00, 0xd6, 0x00, 0xcb, 0x00,
  0x4b, 0x00, 0x00, 0x00, 0x00, 0x00, 0x00, 0x00, 0x00, 0x00, 0x00, 0x00,
  0x00, 0x2b, 0xd2, 0x00, 0x00, 0xc8, 0x00, 0x00, 0x00, 0x00, 0xaf, 0x00,
  0x00, 0x00, 0x00, 0x00, 0xe6, 0x00, 0x00, 0x00, 0x00, 0x00, 0x00, 0x00,
  0x00, 0xd6, 0xd7, 0x00, 0x00, 0x00, 0x00, 0x00, 0x00, 0x00, 0x00, 0x00,
  0x3a, 0x00, 0x98, 0x00, 0x00, 0x00, 0x00, 0x00, 0x00, 0x00, 0x00, 0x00,
  0x00, 0x00, 0xd9, 0x00, 0x00, 0xd9, 0x00, 0x00, 0x00, 0xdd, 0xd3, 0x00,
  0x00, 0x00, 0x00, 0x00, 0x00, 0x25, 0xc5, 0x00, 0x3e, 0x00, 0x00, 0x00,
  0xcf, 0x00, 0xc0, 0x00, 0x00, 0x00, 0x00, 0xb1, 0x00, 0xbf, 0x00, 0x00,
  0x29, 0xc1, 0x00, 0x00, 0x00, 0x00, 0xd8, 0x00, 0x00, 0x00, 0xe1, 0x00,
  0x00, 0x00, 0xd1, 0x00, 0x00, 0x00, 0x00, 0x00, 0xd3, 0x00, 0x00, 0x00,
  0x57, 0x00, 0x00, 0x00, 0x00, 0x00, 0x00, 0x35, 0x00, 0x00, 0x00, 0x00,
  0x00, 0x00, 0x00, 0x00, 0xd0, 0x00, 0x00, 0x00, 0x00, 0x00, 0x30, 0x00,
  0xea, 0x00, 0x72, 0x00, 0x28, 0x00, 0x2b, 0xe2, 0x00, 0x00, 0x00, 0x00,
  0x5b, 0x42, 0x00, 0x00, 0xaf, 0x00, 0x42, 0x00, 0x30, 0x00, 0xd4, 0x39,
  0x00, 0x00, 0x00, 0x00, 0x00, 0xd5, 0x00, 0x52, 0x00, 0xd5, 0xdd, 0x00,
  0x00, 0x00, 0x00, 0xcf, 0x00, 0x00, 0x00, 0x00, 0x00, 0xd6, 0x00, 0x00,
  0x00, 0x00, 0x00, 0x00, 0x00, 0x00, 0x00, 0x00, 0x2f, 0x00, 0x00, 0x00,
  0x00, 0x00, 0x00, 0x48, 0x00, 0x00, 0x00, 0x00, 0x00, 0xcd, 0x00, 0x00,
  0x00, 0x00, 0x00, 0x00, 0x00, 0xb9, 0x00, 0x00, 0x00, 0x39, 0x00, 0x00,
  0x00, 0x24, 0x00, 0x00, 0x00, 0x00, 0x00, 0x00, 0x00, 0x00, 0x00, 0x00,
  0x00, 0x00, 0x00, 0x00, 0x00, 0x00, 0x39, 0xce, 0x00, 0x00, 0x00, 0x00,
  0xcb, 0x00, 0x00, 0x00, 0x00, 0x00, 0x00, 0x00, 0x00, 0x4a, 0xd6, 0x32,
  0x00, 0xd9, 0x00, 0x00, 0x00, 0x00, 0x00, 0x4d, 0x00, 0x00, 0x00, 0x00,
  0x00, 0x00, 0x00, 0x00, 0x00, 0x00, 0x00, 0x00, 0x1e, 0x00, 0x00, 0x00,
  0x00, 0x32, 0xbb, 0x00, 0x00, 0x00, 0x00, 0x00, 0x00, 0x00, 0x2b, 0x00,
  0x00, 0x00, 0x00, 0x3d, 0x00, 0x00, 0x3c, 0x00, 0x00, 0x00, 0x00, 0x00,
  0x00, 0xd6, 0x00, 0xd5, 0x00, 0x00, 0x00, 0x00, 0x00, 0xc7, 0x00, 0x00,
  0x00, 0x1f, 0x00, 0x00, 0x00, 0x00, 0x00, 0x00, 0x00, 0x00, 0x00, 0x00,
  0x00, 0x00, 0x00, 0x00, 0x00, 0xe6, 0x00, 0x00, 0xd8, 0x00, 0x00, 0x00,
  0x00, 0x00, 0x00, 0x00, 0x00, 0x00, 0xcd, 0x00, 0x00, 0x00, 0x00, 0x00,
  0x00, 0x00, 0xc9, 0x00, 0x00, 0x00, 0x00, 0x00, 0x00, 0x00, 0x00, 0xcf,
  0x3f, 0x00, 0x00, 0x00, 0x00, 0x00, 0x00, 0x31, 0xa7, 0x00, 0xbf, 0x00,
  0x00, 0x00, 0x30, 0x00, 0x00, 0x00, 0x00, 0x00, 0x00, 0xd2, 0x00, 0x00,
  0x00, 0x00, 0x00, 0x00, 0x00, 0x00, 0x2d, 0x00, 0x00, 0x00, 0x36, 0xd6,
  0x00, 0x00, 0x00, 0x00, 0x00, 0x00, 0x35, 0x00, 0x00, 0x32, 0x00, 0x00,
  0x00, 0x00, 0x00, 0x00, 0x00, 0x00, 0xcb, 0x00, 0x00, 0x00, 0x00, 0x00,
  0x00, 0xcf, 0x00, 0x00, 0x00, 0x00, 0xce, 0x00, 0x00, 0xc3, 0x45, 0x00,
  0x00, 0x00, 0x00, 0x00, 0x00, 0x00, 0x00, 0x00, 0x00, 0x00, 0x00, 0x00,
  0x2f, 0xe5, 0x00, 0x00, 0x00, 0x00, 0xca, 0x00, 0x37, 0x00, 0xda, 0xe3,
  0x31, 0x00, 0x00, 0x4c, 0x00, 0x00, 0x00, 0x00, 0x00, 0xc5, 0x7f, 0x00,
  0x00, 0x00, 0x00, 0x00, 0x00, 0x00, 0x00, 0x00, 0x00, 0x00, 0x00, 0x46,
  0xd0, 0x00, 0xe4, 0x00, 0x00, 0xea, 0x00, 0x3d, 0xd3, 0x00, 0x00, 0x00,
  0x52, 0x00, 0x00, 0x00, 0x00, 0x00, 0x00, 0x00, 0xe4, 0x00, 0x00, 0x2d,
  0x00, 0x00, 0x00, 0xb4, 0x00, 0x00, 0x00, 0x00, 0x00, 0x00, 0x00, 0xec,
  0x00, 0xe7, 0x00, 0x00, 0x2e, 0x00, 0xd3, 0x00, 0x00, 0x45, 0x00, 0x00,
  0x00, 0xc7, 0x00, 0x00, 0x00, 0x25, 0x00, 0x00, 0x00, 0xca, 0xe6, 0x31,
  0x00, 0x00, 0x00, 0xe7, 0x00, 0xd9, 0x00, 0x00, 0x23, 0x00, 0x00, 0x00,
  0x00, 0x00, 0x00, 0x00, 0x00, 0x00, 0x00, 0x00, 0x00, 0x00, 0x2d, 0x00,
  0x00, 0x22, 0x2c, 0x00, 0x00, 0x00, 0x00, 0x00, 0x00, 0xc5, 0x00, 0x00,
  0x00, 0x00, 0x00, 0x00, 0x00, 0x00, 0x45, 0x00, 0x00, 0x00, 0x00, 0xc6,
  0x00, 0x00, 0x00, 0x00, 0x00, 0xb5, 0x00, 0xcf, 0x00, 0x00, 0x00, 0x00,
  0x00, 0x00, 0x00, 0x3c, 0xb7, 0x00, 0x00, 0x00, 0x00, 0x00, 0x00, 0x00,
  0x00, 0x00, 0x00, 0x00, 0x00, 0x00, 0x00, 0x39, 0x00, 0x00, 0x00, 0x00,
  0x30, 0x2f, 0x00, 0xcc, 0x00, 0x00, 0x00, 0x00, 0x00, 0x00, 0x00, 0x00,
  0x00, 0x00, 0xea, 0x00, 0xc7, 0x00, 0x00, 0x00, 0x00, 0x00, 0x63, 0xdc,
  0x00, 0x00, 0x2f, 0x00, 0xe1, 0x00, 0x00, 0x00, 0x00, 0x00, 0x00, 0xd4,
  0x00, 0x00, 0x00, 0x37, 0x00, 0x00, 0x00, 0x34, 0x00, 0x00, 0xce, 0xd7,
  0x00, 0x28, 0x00, 0xc3, 0x00, 0x00, 0x00, 0x00, 0xd9, 0x28, 0x00, 0x00,
  0x00, 0x00, 0x00, 0x00, 0x00, 0x00, 0x00, 0x00, 0x00, 0xd6, 0x00, 0x00,
  0x00, 0x00, 0x00, 0xd5, 0x00, 0x00, 0x00, 0x00, 0x00, 0x00, 0x00, 0x00,
  0x34, 0x00, 0x00, 0x00, 0x32, 0x41, 0x00, 0x00, 0x00, 0x00, 0x00, 0x00,
  0x00, 0x00, 0x00, 0xc8, 0x00, 0x30, 0x00, 0x00, 0x00, 0x00, 0x00, 0x00,
  0x3d, 0x00, 0x00, 0x00, 0x00, 0x00, 0x00, 0xb9, 0x00, 0x00, 0x00, 0x00,
  0x00, 0x00, 0x00, 0xd7, 0x00, 0x00, 0x55, 0xcf, 0x00, 0x00, 0xca, 0xd0,
  0x00, 0x00, 0x00, 0x00, 0xd6, 0x00, 0x00, 0x00, 0x00, 0x26, 0x00, 0x00,
  0x00, 0x00, 0x00, 0x00, 0x00, 0x00, 0x00, 0x00, 0x28, 0x00, 0x00, 0x00,
  0x00, 0x00, 0x00, 0x00, 0x2d, 0x00, 0x00, 0x00, 0x00, 0x00, 0x00, 0x00,
  0x00, 0x00, 0x00, 0x00, 0x00, 0x00, 0x00, 0x00, 0x00, 0x00, 0x40, 0x00,
  0x4e, 0xce, 0x00, 0xca, 0x00, 0x00, 0x00, 0x20, 0x00, 0x00, 0x00, 0x00,
  0x00, 0x16, 0x00, 0x00, 0x00, 0x00, 0x4a, 0x00, 0x00, 0x00, 0x33, 0x00,
  0x00, 0x00, 0x00, 0x00, 0x00, 0x00, 0x00, 0x00, 0x00, 0x00, 0x00, 0x00,
  0x00, 0x00, 0x00, 0x00, 0x2c, 0x00, 0x00, 0x00, 0x00, 0x00, 0x00, 0x00,
  0x00, 0x00, 0x00, 0x00, 0x00, 0x00, 0x00, 0x00, 0x00, 0x17, 0xa6, 0x00,
  0x00, 0x00, 0x00, 0x00, 0x00, 0x28, 0x00, 0x00, 0x00, 0x2d, 0x00, 0x00,
  0xd6, 0xd7, 0x00, 0x00, 0xd4, 0x00, 0x00, 0x00, 0x00, 0x00, 0x00, 0x00,
  0x00, 0x00, 0x00, 0xd8, 0x00, 0x00, 0x00, 0x00, 0x00, 0x32, 0x00, 0x00,
  0x00, 0x00, 0x00, 0xcd, 0xcf, 0x57, 0x00, 0x00, 0x00, 0x00, 0xbf, 0x1f,
  0xc5, 0x00, 0x00, 0x00, 0x4f, 0x00, 0x00, 0x00, 0x00, 0x00, 0x31, 0x00,
  0x00, 0x00, 0x00, 0x00, 0x00, 0x00, 0x00, 0x26, 0x00, 0xd7, 0x2f, 0x00,
  0x00, 0xc3, 0x00, 0x00, 0x00, 0x00, 0x00, 0x00, 0x00, 0x00, 0x00, 0x00,
  0x00, 0x00, 0x00, 0x00, 0xd5, 0x28, 0x00, 0x00, 0x00, 0x00, 0x00, 0xc4,
  0x00, 0x00, 0x00, 0x2d, 0x38, 0xd6, 0x00, 0x32, 0x00, 0x00, 0x00, 0x00,
  0x00, 0x00, 0x00, 0x00, 0x36, 0x00, 0xd2, 0x00, 0x00, 0xd4, 0x00, 0xc0,
  0x00, 0xd2, 0x00, 0xc4, 0x00, 0x00, 0xc6, 0xce, 0x00, 0x00, 0x35, 0x00,
  0x00, 0x00, 0x34, 0x27, 0xd9, 0x00, 0x00, 0x00, 0x4d, 0x29, 0x00, 0x00,
  0x00, 0x00, 0xd8, 0x00, 0x00, 0x00, 0x00, 0x00, 0x00, 0x00, 0xce, 0xd8,
  0x30, 0x00, 0x00, 0x00, 0xdc, 0x00, 0x00, 0xba, 0x00, 0x00, 0x00, 0x00,
  0x00, 0x00, 0x00, 0x00, 0x00, 0x00, 0x00, 0x00, 0x00, 0x00, 0x00, 0x00,
  0x00, 0xd3, 0x00, 0xce, 0x00, 0x00, 0xd2, 0x00, 0x00, 0x00, 0x00, 0x00,
  0x00, 0x00, 0x00, 0x00, 0x00, 0x00, 0x00, 0x26, 0x2a, 0x16, 0x2d, 0xbd,
  0x00, 0x00, 0xb1, 0x00, 0x00, 0x00, 0x00, 0x00, 0x00, 0x00, 0x00, 0x00,
  0x00, 0xc0, 0x00, 0x00, 0x00, 0x00, 0x00, 0x00, 0x00, 0x4a, 0x00, 0x00,
  0x11, 0x00, 0x00, 0x16, 0x00, 0x00, 0x00, 0x00, 0x00, 0xb1, 0x00, 0x00,
  0x00, 0x00, 0x00, 0x00, 0x00, 0xd3, 0x00, 0x00, 0x00, 0x2e, 0x00, 0x1a,
  0xc3, 0x1a, 0x1e, 0x00, 0x2f, 0x00, 0x00, 0x00, 0x00, 0x00, 0x00, 0x00,
  0x00, 0x00, 0x00, 0x00, 0x00, 0x00, 0xce, 0xd0, 0x00, 0x00, 0x00, 0x00,
  0x00, 0x00, 0x00, 0xde, 0x00, 0x00, 0x00, 0x00, 0x00, 0x00, 0x00, 0x00,
  0x00, 0x00, 0xf4, 0x00, 0x00, 0x00, 0x00, 0x00, 0x00, 0x00, 0x00, 0x00,
  0xce, 0x00, 0x37, 0x00, 0x00, 0x00, 0x00, 0xad, 0x00, 0x00, 0x00, 0x00,
  0x00, 0x00, 0x00, 0x00, 0x00, 0x00, 0x00, 0x00, 0x00, 0xda, 0x00, 0x00,
  0x00, 0x00, 0x00, 0x00, 0x00, 0x00, 0x20, 0x00, 0x00, 0xd7, 0x00, 0x00,
  0x00, 0xbd, 0x00, 0x35, 0x00, 0xc0, 0x28, 0x00, 0x00, 0x00, 0x00, 0x22,
  0x00, 0x00, 0x00, 0x0f, 0x00, 0x00, 0x00, 0x00, 0x00, 0xb6, 0x00, 0x00,
  0x00, 0x00, 0x35, 0x00, 0x00, 0x00, 0xcc, 0x00, 0x1f, 0x00, 0xc1, 0x00,
  0x00, 0x30, 0x00, 0x00, 0x2b, 0x42, 0x00, 0x00, 0x00, 0x00, 0xba, 0x00,
  0x00, 0x00, 0x00, 0x00, 0x00, 0x00, 0x00, 0x00, 0x2c, 0x00, 0x00, 0x2f,
  0x00, 0x00, 0x00, 0x00, 0x00, 0x00, 0x00, 0x00, 0x00, 0x00, 0x00, 0x00,
  0x00, 0x00, 0x00, 0x00, 0x00, 0x00, 0x00, 0x00, 0x00, 0xd3, 0x00, 0x00,
  0xc9, 0x00, 0x47, 0x3f, 0x00, 0x00, 0x39, 0x00, 0x00, 0x00, 0xc4, 0x2a,
  0x00, 0x00, 0x00, 0x00, 0x00, 0x00, 0x00, 0x00, 0x00, 0x00, 0x00, 0x00,
  0x00, 0x00, 0x00, 0x00, 0x00, 0x00, 0x00, 0x00, 0x00, 0x00, 0xc6, 0x00,
  0x00, 0x00, 0x00, 0x36, 0x00, 0x00, 0x00, 0x00, 0x00, 0xc6, 0x27, 0x00,
  0x00, 0x00, 0x27, 0x00, 0x27, 0x00, 0x00, 0x00, 0x00, 0x00, 0x00, 0x00,
  0x00, 0x00, 0x00, 0x00, 0x24, 0xc4, 0xcc, 0x00, 0x00, 0x00, 0x00, 0x00,
  0x00, 0x00, 0x00, 0x00, 0x00, 0x26, 0x00, 0x00, 0x00, 0x23, 0x00, 0x00,
  0x00, 0x00, 0x00, 0x00, 0x00, 0x00, 0x00, 0x00, 0x00, 0x2e, 0x00, 0xc9,
  0xa4, 0x67, 0xff, 0xff, 0x4e, 0x68, 0xff, 0xff, 0x04, 0x00, 0x00, 0x00,
  0x00, 0x01, 0x00, 0x00, 0x0f, 0x00, 0x00, 0x00, 0xe7, 0xff, 0xff, 0xff,
  0xd2, 0xff, 0xff, 0xff, 0x1c, 0x00, 0x00, 0x00, 0xc2, 0xff, 0xff, 0xff,
  0xd5, 0xff, 0xff, 0xff, 0x4e, 0x00, 0x00, 0x00, 0xbe, 0x00, 0x00, 0x00,
  0xde, 0xff, 0xff, 0xff, 0xc4, 0xff, 0xff, 0xff, 0xf6, 0xff, 0xff, 0xff,
  0x83, 0x01, 0x00, 0x00, 0xf5, 0x00, 0x00, 0x00, 0x44, 0x00, 0x00, 0x00,
  0xf4, 0x00, 0x00, 0x00, 0xe4, 0xff, 0xff, 0xff, 0xb0, 0xff, 0xff, 0xff,
  0x22, 0x00, 0x00, 0x00, 0x19, 0x00, 0x00, 0x00, 0x9f, 0xff, 0xff, 0xff,
  0x3c, 0x00, 0x00, 0x00, 0xd9, 0xff, 0xff, 0xff, 0xd9, 0xff, 0xff, 0xff,
  0x8a, 0x00, 0x00, 0x00, 0xc0, 0xff, 0xff, 0xff, 0xa7, 0xff, 0xff, 0xff,
  0x51, 0xff, 0xff, 0xff, 0xd6, 0xff, 0xff, 0xff, 0x40, 0x00, 0x00, 0x00,
  0x66, 0xff, 0xff, 0xff, 0x94, 0xff, 0xff, 0xff, 0x58, 0x00, 0x00, 0x00,
  0x34, 0x00, 0x00, 0x00, 0x35, 0x00, 0x00, 0x00, 0x6e, 0xff, 0xff, 0xff,
  0xc7, 0x00, 0x00, 0x00, 0xe9, 0xff, 0xff, 0xff, 0x4e, 0xff, 0xff, 0xff,
  0xf0, 0xff, 0xff, 0xff, 0x6a, 0x00, 0x00, 0x00, 0xf7, 0xff, 0xff, 0xff,
  0x75, 0x00, 0x00, 0x00, 0xe1, 0xff, 0xff, 0xff, 0xfd, 0xff, 0xff, 0xff,
  0x5f, 0x00, 0x00, 0x00, 0x6a, 0xff, 0xff, 0xff, 0xf8, 0xff, 0xff, 0xff,
  0x83, 0x00, 0x00, 0x00, 0x14, 0x00, 0x00, 0x00, 0x38, 0x00, 0x00, 0x00,
  0x48, 0x00, 0x00, 0x00, 0xfb, 0xff, 0xff, 0xff, 0x59, 0x00, 0x00, 0x00,
  0xbf, 0xff, 0xff, 0xff, 0x04, 0x00, 0x00, 0x00, 0xd5, 0xff, 0xff, 0xff,
  0x1c, 0x00, 0x00, 0x00, 0x9c, 0x00, 0x00, 0x00, 0xd9, 0x00, 0x00, 0x00,
  0xc9, 0x00, 0x00, 0x00, 0x0a, 0x00, 0x00, 0x00, 0xdf, 0x00, 0x00, 0x00,
  0x73, 0x00, 0x00, 0x00, 0xc1, 0x00, 0x00, 0x00, 0x5a, 0x69, 0xff, 0xff,
  0x04, 0x00, 0x00, 0x00, 0x00, 0x96, 0x00, 0x00, 0x00, 0x00, 0x00, 0x27,
  0xf7, 0x00, 0x00, 0x00, 0x00, 0x00, 0x00, 0x00, 0x00, 0x00, 0x00, 0x25,
  0x00, 0x00, 0x00, 0x00, 0x00, 0x11, 0x00, 0x00, 0x00, 0x00, 0x00, 0x00,
  0x00, 0x00, 0x50, 0x00, 0x00, 0x00, 0x00, 0x00, 0x00, 0x00, 0x00, 0x00,
  0x00, 0x0c, 0x00, 0x00, 0x00, 0xd0, 0x00, 0x0c, 0x00, 0x00, 0x00, 0x00,
  0x00, 0x0e, 0x00, 0x00, 0x00, 0x00, 0x00, 0x0c, 0x00, 0x00, 0x00, 0xdf,
  0x38, 0x00, 0x00, 0x00, 0xe7, 0x00, 0x00, 0x0a, 0x00, 0x00, 0xda, 0x00,
  0x31, 0x00, 0x00, 0x00, 0xdd, 0x00, 0x1c, 0x00, 0x00, 0x00, 0xdd, 0x00,
  0x00, 0x00, 0x00, 0x00, 0xe0, 0x00, 0x1c, 0xfc, 0x00, 0x00, 0xec, 0x00,
  0x00, 0x00, 0x3a, 0xd2, 0xed, 0x31, 0x00, 0x00, 0x00, 0xd8, 0x00, 0x00,
  0x00, 0x00, 0x32, 0x00, 0x06, 0x00, 0x00, 0x00, 0x00, 0x00, 0xfe, 0x2c,
  0x00, 0x00, 0x00, 0x00, 0xed, 0x35, 0x00, 0x00, 0x31, 0x00, 0xdd, 0x00,
  0x00, 0x00, 0x00, 0x00, 0x00, 0x00, 0xd6, 0x00, 0x00, 0x00, 0x00, 0x00,
  0x00, 0x00, 0x00, 0x00, 0x00, 0x00, 0xcc, 0x00, 0x00, 0x00, 0x00, 0x00,
  0x00, 0x29, 0x00, 0x00, 0x00, 0x00, 0x00, 0x00, 0x00, 0x00, 0x00, 0x29,
  0x00, 0x32, 0x00, 0xd1, 0x00, 0x00, 0x00, 0x00, 0x00, 0x00, 0x00, 0x00,
  0x00, 0x2b, 0x00, 0x00, 0x00, 0x21, 0xdf, 0x00, 0x00, 0x00, 0x00, 0x00,
  0x00, 0x34, 0x00, 0x00, 0x00, 0x23, 0x00, 0x00, 0x00, 0xf2, 0xf4, 0x00,
  0xe3, 0x39, 0x00, 0x00, 0xf4, 0x14, 0xde, 0x00, 0x00, 0x00, 0x00, 0x00,
  0x00, 0x00, 0x00, 0x00, 0x00, 0x00, 0x00, 0x00, 0x00, 0x00, 0x00, 0x00,
  0x00, 0x00, 0x00, 0x00, 0x00, 0x00, 0x00, 0x0b, 0x00, 0x00, 0x00, 0x00,
  0x00, 0x09, 0x3d, 0x00, 0x00, 0x00, 0x00, 0x00, 0x00, 0x00, 0x00, 0x00,
  0x00, 0x00, 0x00, 0x00, 0xe7, 0x0d, 0x00, 0x07, 0x00, 0x00, 0x00, 0x00,
  0x00, 0x00, 0x00, 0x00, 0x11, 0x00, 0x00, 0x00, 0x00, 0x00, 0x00, 0x00,
  0x00, 0x0b, 0x00, 0x00, 0x00, 0x00, 0x00, 0x08, 0x00, 0x00, 0x00, 0x00,
  0x00, 0x08, 0x00, 0x00, 0x00, 0x00, 0x00, 0xfd, 0x00, 0x00, 0x00, 0x2a,
  0x00, 0x00, 0x00, 0x00, 0x00, 0x43, 0x00, 0x00, 0x3e, 0x00, 0x00, 0x00,
  0x00, 0x00, 0x00, 0x00, 0x00, 0x00, 0x00, 0x00, 0x00, 0x00, 0x00, 0x00,
  0x07, 0x00, 0x00, 0x00, 0x02, 0x00, 0x00, 0x00, 0x26, 0x00, 0x07, 0x00,
  0x00, 0x00, 0x3d, 0x00, 0xfb, 0x00, 0x00, 0x00, 0x3d, 0x00, 0xf3, 0x00,
  0x00, 0x19, 0x00, 0x00, 0xeb, 0x2a, 0x00, 0x00, 0x30, 0x00, 0x00, 0x00,
  0x00, 0x14, 0x00, 0x00, 0x00, 0x2a, 0x00, 0x00, 0x00, 0x00, 0x00, 0x31,
  0x00, 0x00, 0x00, 0x00, 0x00, 0x32, 0x00, 0x1f, 0x00, 0x00, 0x00, 0x00,
  0x00, 0x00, 0x00, 0x00, 0x00, 0x20, 0x00, 0x00, 0x00, 0x00, 0x00, 0x00,
  0x00, 0x00, 0x00, 0x00, 0xe4, 0x16, 0x00, 0x30, 0x00, 0x00, 0xcc, 0x00,
  0x00, 0x00, 0x00, 0x00, 0xde, 0x00, 0xf8, 0x00, 0x00, 0x00, 0xcc, 0x00,
  0x2a, 0x00, 0x00, 0x00, 0x00, 0x06, 0x00, 0x00, 0x00, 0x00, 0x00, 0xcb,
  0x00, 0x00, 0x00, 0x00, 0x00, 0x00, 0x00, 0x00, 0x00, 0x00, 0x00, 0x00,
  0x00, 0x00, 0x00, 0x00, 0x00, 0xbe, 0x00, 0x00, 0x00, 0x00, 0x00, 0xca,
  0x00, 0x00, 0x00, 0x00, 0x00, 0x00, 0x00, 0x00, 0x00, 0x00, 0x00, 0x00,
  0x00, 0x52, 0x00, 0x06, 0x00, 0x00, 0x1b, 0x00, 0x00, 0x00, 0xbc, 0x03,
  0x00, 0x00, 0x00, 0x03, 0x00, 0x10, 0x19, 0x00, 0x00, 0x00, 0xc6, 0x00,
  0x00, 0x00, 0x00, 0x00, 0x00, 0x00, 0x00, 0x00, 0x00, 0x00, 0x00, 0x0a,
  0x00, 0x1d, 0x00, 0x00, 0x00, 0x0e, 0x00, 0x1f, 0x00, 0x00, 0x00, 0x00,
  0x00, 0x00, 0x00, 0x00, 0xf6, 0x1f, 0x00, 0x00, 0x00, 0x00, 0xfe, 0x26,
  0x00, 0x00, 0x00, 0x00, 0x11, 0x3c, 0x00, 0x1d, 0x00, 0x00, 0x0c, 0x1e,
  0x00, 0x00, 0x00, 0x00, 0x00, 0x1b, 0x00, 0x00, 0x00, 0x00, 0x00, 0x41,
  0x00, 0x00, 0x00, 0x00, 0x00, 0x00, 0x00, 0x00, 0x00, 0x00, 0x00, 0x29,
  0x00, 0x00, 0x00, 0x00, 0x00, 0x00, 0xd0, 0x00, 0x00, 0x00, 0x00, 0x00,
  0x00, 0x00, 0x00, 0x00, 0x00, 0x00, 0x00, 0x00, 0x00, 0x00, 0x00, 0x2c,
  0x00, 0x00, 0x1e, 0x00, 0x00, 0x00, 0x00, 0x00, 0x00, 0x00, 0xc2, 0x00,
  0x00, 0x00, 0x00, 0x00, 0xc9, 0x00, 0x00, 0x00, 0x00, 0x00, 0xc7, 0x00,
  0x00, 0x00, 0x00, 0x00, 0xcf, 0x00, 0x00, 0x00, 0x00, 0x00, 0xd1, 0xfc,
  0x00, 0x14, 0x00, 0x19, 0x00, 0x00, 0x00, 0x00, 0x00, 0x00, 0x00, 0xff,
  0x00, 0x02, 0xcd, 0x00, 0x00, 0x00, 0x1f, 0x00, 0x00, 0x00, 0x00, 0xfa,
  0x00, 0x00, 0x00, 0x00, 0x00, 0x00, 0x00, 0x00, 0xd3, 0x00, 0x00, 0x00,
  0x17, 0x00, 0x00, 0x00, 0x00, 0x00, 0x00, 0x00, 0x00, 0x00, 0x00, 0xf8,
  0x00, 0x00, 0x00, 0x00, 0x00, 0x00, 0x00, 0x00, 0x00, 0x00, 0x00, 0x00,
  0x00, 0x00, 0x00, 0x00, 0x00, 0x00, 0x00, 0x00, 0x00, 0xe7, 0xe0, 0x00,
  0x00, 0x00, 0x00, 0x00, 0xe0, 0x00, 0x00, 0x00, 0x00, 0x00, 0xd9, 0x00,
  0x00, 0xc9, 0x00, 0x00, 0xdf, 0x00, 0x22, 0x00, 0x00, 0x00, 0xd5, 0x00,
  0x00, 0x00, 0x00, 0x00, 0x00, 0x00, 0x00, 0x04, 0x00, 0x00, 0x00, 0x00,
  0x00, 0x00, 0x00, 0x00, 0x00, 0xd5, 0x00, 0x00, 0x00, 0x00, 0x00, 0x00,
  0x30, 0x00, 0x00, 0x00, 0x00, 0x00, 0x00, 0x00, 0x00, 0x00, 0x00, 0x00,
  0x00, 0x00, 0x00, 0x2c, 0xd1, 0x00, 0x00, 0x00, 0x00, 0x2a, 0x00, 0x00,
  0x00, 0x00, 0x00, 0x00, 0x00, 0x00, 0x00, 0x00, 0x00, 0x00, 0x00, 0x14,
  0x00, 0x00, 0x00, 0x00, 0x00, 0x23, 0x00, 0x00, 0x00, 0x00, 0x00, 0x1a,
  0x00, 0x00, 0x00, 0x00, 0x00, 0x14, 0x00, 0x00, 0x00, 0x00, 0xe6, 0x29,
  0x00, 0x00, 0x00, 0x00, 0xd8, 0x00, 0x00, 0x00, 0x00, 0x00, 0xd8, 0x00,
  0x00, 0xf2, 0x00, 0x00, 0xd9, 0x2b, 0x00, 0x00, 0x00, 0x00, 0x00, 0x00,
  0x00, 0xf2, 0x00, 0x00, 0x00, 0x00, 0xee, 0x00, 0xe6, 0x00, 0x00, 0x24,
  0x00, 0xeb, 0x00, 0x00, 0x00, 0x33, 0x00, 0xe7, 0x00, 0x00, 0x00, 0x1b,
  0x00, 0x00, 0x00, 0x00, 0x00, 0x00, 0x00, 0xea, 0x00, 0x00, 0x00, 0x00,
  0x00, 0xe6, 0x00, 0x00, 0x00, 0x00, 0x00, 0x00, 0x00, 0x00, 0x00, 0x00,
  0x00, 0xf0, 0x00, 0x00, 0x00, 0xdd, 0x00, 0x00, 0x00, 0x00, 0x00, 0x00,
  0x00, 0xe7, 0x00, 0x00, 0x00, 0xc6, 0x00, 0x00, 0x00, 0x00, 0x00, 0xc7,
  0x00, 0x00, 0x00, 0x00, 0x00, 0x00, 0x00, 0xf6, 0x00, 0x00, 0xf7, 0xc1,
  0x00, 0x00, 0x00, 0x00, 0x00, 0x00, 0x00, 0x00, 0x00, 0xf2, 0x00, 0x00,
  0x00, 0x00, 0x00, 0xea, 0x00, 0x00, 0x00, 0x00, 0x00, 0x00, 0x00, 0xd2,
  0x00, 0x00, 0x00, 0x00, 0x0b, 0x00, 0x00, 0xee, 0x00, 0x00, 0x00, 0x00,
  0x00, 0xf4, 0x00, 0x00, 0x00, 0xd6, 0x2a, 0x00, 0x00, 0x00, 0x00, 0x00,
  0x00, 0x00, 0x00, 0x00, 0x00, 0x00, 0x00, 0x00, 0x00, 0x00, 0x00, 0x00,
  0x00, 0xfa, 0x00, 0x00, 0x00, 0x00, 0x00, 0x00, 0x00, 0x00, 0x00, 0x00,
  0x1b, 0x00, 0x00, 0x00, 0x00, 0x00, 0x00, 0x00, 0x00, 0x00, 0xd7, 0x00,
  0x00, 0x00, 0x00, 0x00, 0xdf, 0x00, 0x00, 0x00, 0x00, 0x00, 0x00, 0x00,
  0x00, 0x00, 0x00, 0xdf, 0xe8, 0x00, 0x00, 0x00, 0x00, 0xd6, 0x00, 0x00,
  0x00, 0x00, 0x00, 0xdd, 0xee, 0x00, 0x00, 0xff, 0x00, 0xe0, 0xf4, 0x11,
  0x00, 0x07, 0x00, 0xdd, 0xed, 0x2e, 0x00, 0x00, 0x00, 0x00, 0xf0, 0x00,
  0x00, 0x00, 0x00, 0x00, 0xf4, 0x19, 0x00, 0x00, 0x00, 0x00, 0x00, 0x25,
  0x00, 0x00, 0x00, 0x00, 0x00, 0x00, 0x00, 0x00, 0xc9, 0x00, 0x00, 0x29,
  0x00, 0xfd, 0x00, 0x00, 0x00, 0x1e, 0x00, 0x00, 0x00, 0x00, 0x00, 0x00,
  0x00, 0x03, 0xcc, 0x00, 0x00, 0x00, 0x00, 0x03, 0x00, 0x00, 0x00, 0x00,
  0x00, 0x0c, 0x00, 0x00, 0x00, 0x00, 0x00, 0x05, 0x00, 0x00, 0x00, 0xd4,
  0x00, 0x00, 0x00, 0x00, 0x00, 0x00, 0x00, 0x00, 0x00, 0x20, 0x00, 0xc3,
  0x00, 0x00, 0x00, 0x00, 0x00, 0x00, 0x00, 0x00, 0x00, 0x00, 0x00, 0xc0,
  0x00, 0x00, 0x00, 0x00, 0x00, 0xc2, 0x00, 0x00, 0x00, 0x00, 0x00, 0x00,
  0x00, 0x00, 0x00, 0x00, 0x00, 0x00, 0x00, 0xc7, 0x00, 0x00, 0x00, 0x00,
  0x00, 0x00, 0x00, 0xeb, 0x00, 0x00, 0x00, 0x00, 0x00, 0x00, 0x00, 0x14,
  0x00, 0x00, 0x00, 0x00, 0x00, 0x05, 0x00, 0x00, 0x00, 0x00, 0x00, 0x00,
  0x00, 0x00, 0x00, 0x00, 0x00, 0x11, 0x00, 0x00, 0x00, 0x00, 0x00, 0x10,
  0x00, 0x00, 0x00, 0x00, 0x00, 0x0c, 0x00, 0x00, 0x00, 0x00, 0x00, 0x14,
  0x00, 0x00, 0x00, 0x00, 0xf7, 0x00, 0x00, 0x00, 0x00, 0x00, 0xf3, 0xd8,
  0x00, 0x00, 0x00, 0x00, 0x00, 0xd4, 0x00, 0x00, 0x00, 0x00, 0x00, 0xda,
  0x00, 0x00, 0xf3, 0x00, 0x00, 0x00, 0x00, 0x00, 0x00, 0x00, 0x00, 0x00,
  0x00, 0x00, 0x00, 0x00, 0x00, 0x00, 0x00, 0x00, 0x00, 0x00, 0x00, 0x00,
  0x16, 0x00, 0x00, 0x00, 0x00, 0x00, 0x00, 0x00, 0x00, 0x00, 0x00, 0xdf,
  0x00, 0x00, 0x00, 0x00, 0x00, 0x00, 0x00, 0x00, 0x00, 0x00, 0x00, 0x00,
  0x00, 0x00, 0x00, 0x00, 0x00, 0x00, 0x00, 0xce, 0x00, 0x00, 0x00, 0x00,
  0x00, 0x00, 0x00, 0x00, 0x00, 0x00, 0x00, 0xd0, 0x00, 0x00, 0x00, 0x00,
  0x00, 0x00, 0x00, 0x00, 0x00, 0x00, 0x00, 0x00, 0x00, 0x00, 0x00, 0x00,
  0x00, 0xd1, 0x00, 0x00, 0x00, 0x00, 0x00, 0x00, 0x00, 0x00, 0x00, 0x00,
  0x00, 0x00, 0x00, 0x00, 0x00, 0x0c, 0x00, 0x00, 0x00, 0x00, 0x00, 0x00,
  0x19, 0x00, 0x00, 0x00, 0x00, 0x00, 0x00, 0xc5, 0x00, 0x00, 0x29, 0x00,
  0x00, 0xc2, 0x00, 0x00, 0x33, 0x17, 0x00, 0xc6, 0x00, 0x00, 0x34, 0x1f,
  0x1c, 0xc8, 0x00, 0x00, 0x2d, 0x0d, 0x00, 0x00, 0x00, 0x00, 0x2b, 0x0f,
  0x00, 0xc8, 0x00, 0x00, 0x00, 0x20, 0x00, 0xc8, 0x00, 0x00, 0x00, 0x17,
  0xe0, 0x00, 0x00, 0x00, 0x00, 0x00, 0x00, 0x00, 0x00, 0xe1, 0x00, 0x14,
  0xe0, 0x00, 0x00, 0xe7, 0x00, 0x1b, 0x00, 0x00, 0x00, 0x00, 0x00, 0x0b,
  0x00, 0x00, 0x00, 0xe3, 0x00, 0x25, 0x00, 0x00, 0x00, 0xe7, 0x00, 0xff,
  0xe2, 0x00, 0x00, 0x00, 0x00, 0x00, 0x00, 0x12, 0x00, 0xe7, 0x00, 0x00,
  0x00, 0x00, 0x00, 0x00, 0x00, 0x00, 0x00, 0x00, 0x00, 0x00, 0x00, 0xd0,
  0x00, 0x19, 0x00, 0x00, 0x00, 0x00, 0x15, 0x1b, 0x00, 0x00, 0x00, 0x00,
  0x0f, 0x00, 0x00, 0x00, 0x00, 0xc6, 0x00, 0x35, 0x00, 0x00, 0x00, 0x00,
  0x17, 0x1e, 0xed, 0x00, 0x00, 0xd5, 0x12, 0x1b, 0xe4, 0x00, 0x00, 0xda,
  0x18, 0x19, 0x00, 0x00, 0x00, 0x00, 0x00, 0x00, 0x00, 0x00, 0x00, 0x00,
  0x00, 0x00, 0x00, 0x00, 0xdd, 0x00, 0x00, 0x00, 0x00, 0x00, 0xe2, 0x00,
  0x00, 0x00, 0x00, 0x00, 0xf8, 0x00, 0x00, 0x00, 0x00, 0x00, 0x00, 0x00,
  0x00, 0x00, 0x00, 0x00, 0x00, 0xdc, 0x0f, 0x00, 0x00, 0x00, 0x00, 0x00,
  0x11, 0x00, 0x00, 0x00, 0x00, 0xd0, 0x00, 0x00, 0x00, 0x00, 0x00, 0x00,
  0x00, 0x00, 0x00, 0x00, 0x00, 0x00, 0x00, 0x00, 0x00, 0x00, 0x00, 0xdc,
  0x00, 0x00, 0x00, 0x00, 0x00, 0x00, 0x00, 0x00, 0x00, 0x00, 0x00, 0x00,
  0x00, 0x00, 0x00, 0x00, 0x00, 0x00, 0x00, 0x00, 0x00, 0xed, 0x00, 0x00,
  0x00, 0x00, 0x00, 0xec, 0x2e, 0x14, 0xdd, 0x00, 0x00, 0x00, 0x00, 0x0c,
  0x00, 0x00, 0x00, 0x00, 0x00, 0x14, 0xe5, 0xcb, 0x00, 0x00, 0x00, 0x00,
  0x00, 0x00, 0x00, 0x00, 0x2c, 0x0d, 0x00, 0x00, 0x00, 0xeb, 0x34, 0x00,
  0xd0, 0x00, 0x00, 0x00, 0x31, 0x00, 0x00, 0x00, 0x00, 0x00, 0x28, 0x00,
  0xd2, 0x00, 0x00, 0xe2, 0x2a, 0x00, 0x00, 0xcb, 0x00, 0xe7, 0x2c, 0x00,
  0x00, 0x00, 0x00, 0x00, 0x21, 0x1b, 0x00, 0xd0, 0x00, 0x00, 0x1d, 0x0d,
  0x00, 0x00, 0x00, 0x00, 0x1d, 0x1e, 0x00, 0x00, 0x00, 0x00, 0x1b, 0x00,
  0xe0, 0x00, 0x00, 0x00, 0x19, 0x00, 0x00, 0x00, 0x00, 0x00, 0x10, 0x00,
  0x00, 0x00, 0x00, 0x00, 0x00, 0xd9, 0x1c, 0x00, 0x00, 0x00, 0x0f, 0xc8,
  0x21, 0x00, 0x00, 0x00, 0x00, 0xcd, 0x00, 0x00, 0x00, 0x00, 0x00, 0x00,
  0x00, 0x00, 0x00, 0x00, 0x00, 0x00, 0x23, 0x00, 0x00, 0x00, 0x00, 0x10,
  0x00, 0x00, 0x00, 0x00, 0x00, 0x00, 0x00, 0x00, 0x00, 0x00, 0x00, 0x00,
  0x1f, 0x00, 0x00, 0x00, 0xeb, 0x00, 0x00, 0x00, 0x00, 0x00, 0xe9, 0x00,
  0x00, 0x00, 0x00, 0x00, 0xce, 0xd3, 0x00, 0x00, 0x00, 0x00, 0xcf, 0x00,
  0x00, 0x00, 0x00, 0x00, 0xdc, 0x00, 0x00, 0x00, 0x00, 0x00, 0xe0, 0x00,
  0x00, 0x00, 0x00, 0x00, 0xd9, 0x00, 0x00, 0x00, 0x00, 0x00, 0xd6, 0x16,
  0x00, 0x1a, 0x00, 0x00, 0xdc, 0x24, 0x00, 0x00, 0x00, 0x00, 0xd5, 0x00,
  0x00, 0x1d, 0x00, 0x00, 0x00, 0x00, 0x00, 0x00, 0x00, 0x00, 0x00, 0x00,
  0x00, 0x27, 0x00, 0x00, 0x00, 0x00, 0x00, 0x00, 0x00, 0x00, 0x00, 0x00,
  0x00, 0x00, 0x00, 0x00, 0x00, 0x00, 0x00, 0x00, 0x00, 0xee, 0x3d, 0x00,
  0x15, 0x00, 0x0d, 0x00, 0x00, 0x00, 0x00, 0x00, 0x00, 0x00, 0x00, 0x00,
  0x00, 0x00, 0x00, 0x00, 0x00, 0x00, 0x00, 0x00, 0x00, 0x00, 0x00, 0x00,
  0x00, 0x00, 0x00, 0x00, 0x00, 0x00, 0x00, 0x00, 0x00, 0x00, 0x00, 0x00,
  0x00, 0x00, 0x00, 0x00, 0x00, 0x00, 0x12, 0x00, 0x00, 0x00, 0x00, 0x00,
  0x17, 0x06, 0x00, 0x00, 0x00, 0x00, 0x00, 0x00, 0x00, 0x00, 0x00, 0x00,
  0x00, 0x00, 0x00, 0x00, 0x00, 0x0f, 0x18, 0x00, 0x00, 0x00, 0x00, 0xd8,
  0x00, 0x0c, 0x00, 0x00, 0x00, 0x00, 0x00, 0x08, 0x00, 0x00, 0x00, 0x00,
  0x1c, 0x00, 0x00, 0x00, 0x1e, 0x00, 0x00, 0x0b, 0x00, 0x00, 0x21, 0x00,
  0x00, 0x11, 0x07, 0x00, 0x26, 0x00, 0x00, 0x00, 0x0a, 0x00, 0x00, 0x00,
  0x00, 0x12, 0x00, 0x00, 0x00, 0x00, 0x00, 0x00, 0x00, 0x00, 0x31, 0x00,
  0x00, 0x00, 0x00, 0x00, 0x00, 0x00, 0x00, 0x00, 0x10, 0x00, 0xfb, 0x00,
  0x1b, 0x00, 0x00, 0x00, 0x00, 0x00, 0x00, 0x00, 0x00, 0x00, 0x00, 0x00,
  0x00, 0x00, 0x12, 0x00, 0x00, 0x00, 0x00, 0x00, 0x00, 0x00, 0x00, 0x0b,
  0x00, 0x00, 0x00, 0x00, 0x00, 0x00, 0x00, 0x00, 0x00, 0x00, 0x00, 0x00,
  0x00, 0x00, 0x01, 0x00, 0x1c, 0x00, 0x00, 0x00, 0x00, 0x00, 0x00, 0x00,
  0x00, 0x00, 0x00, 0x00, 0x29, 0x00, 0x16, 0x00, 0x00, 0x00, 0x00, 0xdc,
  0x00, 0x11, 0x00, 0x00, 0x00, 0x00, 0x00, 0x00, 0x00, 0x00, 0x00, 0x00,
  0x00, 0x11, 0x05, 0x00, 0x00, 0x00, 0x00, 0x00, 0x00, 0x00, 0x00, 0x00,
  0x00, 0x00, 0x00, 0x00, 0x3a, 0x00, 0x00, 0x00, 0x00, 0x00, 0x00, 0x00,
  0x00, 0x00, 0x00, 0x00, 0x2b, 0x00, 0x00, 0x00, 0x00, 0x00, 0x00, 0x00,
  0x00, 0x00, 0x00, 0x00, 0x00, 0x00, 0x00, 0x1a, 0x00, 0x00, 0x00, 0x00,
  0x00, 0x00, 0x00, 0x00, 0x00, 0x00, 0x00, 0x00, 0x00, 0x00, 0x00, 0x0e,
  0x00, 0x00, 0x00, 0x00, 0x00, 0x00, 0x00, 0x00, 0x00, 0x00, 0x00, 0x00,
  0x00, 0x00, 0x00, 0x00, 0x23, 0x00, 0x00, 0x00, 0x07, 0x00, 0x00, 0x00,
  0x00, 0x00, 0x00, 0x00, 0x36, 0x00, 0x0f, 0x1b, 0x00, 0x00, 0x00, 0x00,
  0x12, 0x16, 0x00, 0x00, 0x00, 0x00, 0x0e, 0x00, 0x00, 0x00, 0x29, 0x00,
  0x00, 0x00, 0x00, 0x00, 0x00, 0x00, 0x1b, 0x00, 0x00, 0x00, 0x00, 0x00,
  0x00, 0x00, 0x00, 0x00, 0x00, 0x00, 0x16, 0x00, 0x00, 0x00, 0x00, 0x00,
  0x14, 0x00, 0xfe, 0x00, 0x00, 0x00, 0x00, 0x00, 0x00, 0x00, 0x00, 0x00,
  0x00, 0x14, 0x00, 0x00, 0x00, 0x00, 0x00, 0x00, 0x00, 0x00, 0x00, 0x00,
  0x00, 0x0e, 0x00, 0x00, 0x26, 0x00, 0x00, 0x00, 0x00, 0x00, 0x00, 0x00,
  0x12, 0x00, 0x00, 0x00, 0x00, 0x06, 0x00, 0x00, 0x00, 0x00, 0x00, 0x00,
  0x00, 0x0b, 0x00, 0x00, 0x00, 0x00, 0x00, 0x00, 0x08, 0x00, 0x00, 0x00,
  0x00, 0x10, 0x00, 0x00, 0x00, 0x00, 0x00, 0x00, 0x00, 0x00, 0x00, 0x00,
  0x00, 0x00, 0x0c, 0x00, 0x00, 0x00, 0x00, 0x00, 0x00, 0x00, 0x00, 0x00,
  0x00, 0x00, 0x00, 0x00, 0x35, 0x00, 0x00, 0x00, 0x00, 0x00, 0x00, 0x0b,
  0x00, 0x00, 0x00, 0x00, 0x39, 0x00, 0x13, 0x00, 0x00, 0x00, 0x00, 0x00,
  0x00, 0x06, 0xda, 0x00, 0x00, 0x00, 0x00, 0x00, 0x00, 0x00, 0xef, 0x00,
  0x00, 0x00, 0x00, 0x00, 0x00, 0x00, 0x00, 0x00, 0x14, 0x00, 0x00, 0x00,
  0x00, 0x00, 0x00, 0x00, 0x2d, 0x00, 0x00, 0x00, 0x00, 0xe1, 0x00, 0x00,
  0x00, 0x00, 0x15, 0x00, 0x00, 0x00, 0x00, 0x00, 0x00, 0x00, 0x00, 0x00,
  0x00, 0x0b, 0x00, 0x00, 0x00, 0x00, 0x00, 0x00, 0x00, 0x00, 0x37, 0x00,
  0x00, 0x0f, 0x00, 0x00, 0x00, 0x04, 0x00, 0x00, 0x00, 0x00, 0x00, 0x06,
  0x00, 0x13, 0x00, 0x31, 0x20, 0x00, 0x00, 0x0a, 0x00, 0x00, 0x00, 0x00,
  0x00, 0x00, 0x00, 0x00, 0x00, 0x00, 0x19, 0x00, 0x00, 0x00, 0x00, 0x00,
  0x00, 0x0f, 0x00, 0x00, 0x00, 0x00, 0x00, 0x00, 0x00, 0x00, 0x00, 0x00,
  0x00, 0x00, 0x00, 0x00, 0x00, 0x00, 0x00, 0x00, 0xc5, 0x00, 0x00, 0x00,
  0x00, 0x00, 0x07, 0x00, 0x00, 0x00, 0x11, 0x00, 0x0f, 0x00, 0x00, 0x00,
  0x00, 0x00, 0x00, 0x00, 0x00, 0x00, 0x00, 0x1c, 0x00, 0x00, 0x00, 0x00,
  0x00, 0x00, 0x00, 0x00, 0x00, 0x00, 0x00, 0x10, 0x00, 0x00, 0x00, 0x00,
  0x00, 0x00, 0x00, 0x00, 0x10, 0x00, 0x00, 0x00, 0x00, 0x00, 0x00, 0x00,
  0x00, 0x00, 0x00, 0x00, 0x00, 0x00, 0x00, 0x00, 0x00, 0x00, 0xdf, 0x00,
  0x00, 0x00, 0x00, 0x00, 0x00, 0x00, 0x00, 0x00, 0x00, 0x11, 0x00, 0x00,
  0x00, 0x00, 0x00, 0x00, 0x00, 0x00, 0x00, 0x00, 0x00, 0x00, 0x00, 0x00,
  0x00, 0x15, 0x00, 0x00, 0x00, 0x00, 0x00, 0x00, 0x00, 0x00, 0x00, 0x00,
  0x00, 0x00, 0x00, 0x00, 0x0c, 0x00, 0x00, 0x15, 0x00, 0x00, 0x00, 0x00,
  0x00, 0x12, 0x00, 0x0e, 0x00, 0x00, 0x00, 0x00, 0x00, 0x00, 0x00, 0x00,
  0x00, 0x00, 0x00, 0x00, 0x00, 0x00, 0x00, 0x11, 0x00, 0x00, 0x00, 0x00,
  0x00, 0x00, 0x00, 0x00, 0x00, 0x0d, 0x00, 0x00, 0x00, 0x00, 0x00, 0x00,
  0x00, 0x00, 0x00, 0x00, 0x13, 0x00, 0x00, 0x00, 0x00, 0x00, 0x0d, 0x00,
  0x00, 0x00, 0x00, 0x12, 0x00, 0x00, 0x00, 0x00, 0x00, 0x00, 0x00, 0x00,
  0x00, 0x00, 0x00, 0x11, 0x00, 0x0d, 0x00, 0x00, 0x00, 0x00, 0x00, 0x00,
  0x00, 0x00, 0x00, 0x0f, 0x00, 0x00, 0x00, 0x0f, 0x00, 0x00, 0x00, 0x00,
  0x0f, 0x10, 0x00, 0x00, 0x00, 0x00, 0x00, 0x00, 0x00, 0x0f, 0x00, 0x00,
  0x00, 0x00, 0x00, 0x13, 0x00, 0x00, 0x00, 0x00, 0x00, 0x00, 0x00, 0x00,
  0x10, 0x00, 0x00, 0x00, 0x00, 0x00, 0x10, 0x00, 0x00, 0x00, 0x00, 0x00,
  0x0e, 0x00, 0xdf, 0x00, 0x00, 0x00, 0x00, 0x00, 0x00, 0x00, 0x00, 0x00,
  0x11, 0x00, 0x00, 0x00, 0x0d, 0x00, 0x11, 0x00, 0x00, 0x00, 0x00, 0x00,
  0x0e, 0x00, 0x00, 0x00, 0x00, 0x00, 0x00, 0x00, 0x00, 0x00, 0x00, 0x00,
  0x0d, 0x00, 0x00, 0x10, 0x00, 0x00, 0x00, 0x00, 0x00, 0x00, 0x00, 0x00,
  0x00, 0x00, 0x00, 0x00, 0x0e, 0x00, 0x00, 0x10, 0x00, 0x0f, 0x00, 0x00,
  0x00, 0x00, 0x00, 0x13, 0x00, 0x00, 0x0d, 0x00, 0xde, 0x00, 0x00, 0x00,
  0x00, 0x00, 0x00, 0x00, 0x00, 0x00, 0x00, 0x00, 0x00, 0x0d, 0x00, 0x00,
  0x00, 0x00, 0x00, 0x00, 0x00, 0x00, 0x00, 0x00, 0x00, 0x00, 0x00, 0x00,
  0x00, 0x00, 0x00, 0x15, 0x00, 0x00, 0x00, 0x00, 0x00, 0x00, 0x00, 0x00,
  0x00, 0x00, 0x00, 0x00, 0x00, 0x00, 0x00, 0x00, 0x00, 0x00, 0x00, 0x00,
  0x00, 0x0d, 0x00, 0x00, 0x00, 0x00, 0x00, 0x00, 0x00, 0x00, 0x00, 0x00,
  0x00, 0x0f, 0x00, 0x00, 0x00, 0x00, 0x00, 0x00, 0x00, 0x00, 0x00, 0x00,
  0x00, 0x00, 0x00, 0x00, 0x00, 0x00, 0x00, 0x00, 0x00, 0x00, 0x00, 0x00,
  0x00, 0x0e, 0x00, 0x00, 0x00, 0x00, 0x00, 0x00, 0x00, 0x00, 0x00, 0x0d,
  0x00, 0x00, 0x00, 0x00, 0x00, 0x00, 0x00, 0x00, 0x00, 0x00, 0x00, 0x00,
  0x12, 0x00, 0x00, 0x00, 0x00, 0x00, 0x11, 0x00, 0x00, 0x15, 0x00, 0x00,
  0x00, 0x00, 0x00, 0x00, 0x00, 0x0f, 0x00, 0x00, 0x00, 0x00, 0x00, 0x00,
  0x00, 0x00, 0x00, 0x00, 0x00, 0x00, 0x00, 0x00, 0x00, 0x00, 0x00, 0x00,
  0x00, 0x00, 0x00, 0x0d, 0x00, 0x00, 0x00, 0x11, 0x00, 0x00, 0x0e, 0x00,
  0x00, 0x00, 0x00, 0x00, 0x00, 0xe1, 0x00, 0x00, 0x00, 0x00, 0x00, 0x00,
  0x10, 0x00, 0x00, 0x00, 0x00, 0x00, 0x0f, 0x13, 0x00, 0x00, 0x00, 0x00,
  0x00, 0x00, 0x00, 0x00, 0x00, 0x00, 0x00, 0x00, 0x00, 0x00, 0x00, 0x00,
  0x00, 0x00, 0x00, 0x00, 0x00, 0x00, 0x00, 0x00, 0x00, 0xe1, 0x00, 0x00,
  0x00, 0x00, 0x00, 0x00, 0x00, 0x00, 0x11, 0x00, 0x00, 0x00, 0x00, 0x00,
  0x00, 0x00, 0x00, 0x00, 0x00, 0x00, 0x00, 0x00, 0x00, 0x00, 0x00, 0x00,
  0x00, 0x00, 0x00, 0x0f, 0x00, 0x00, 0x00, 0x00, 0x00, 0x00, 0x00, 0x00,
  0x00, 0x00, 0x00, 0x00, 0x00, 0x00, 0x00, 0x00, 0x00, 0x11, 0x00, 0x00,
  0x00, 0x00, 0xe1, 0x00, 0x00, 0x00, 0x00, 0x00, 0x00, 0x00, 0x00, 0x00,
  0x00, 0x00, 0x00, 0x00, 0x00, 0x00, 0x00, 0x00, 0x00, 0x0c, 0x00, 0x00,
  0x00, 0x00, 0x00, 0x00, 0x00, 0x00, 0x00, 0x00, 0x00, 0x00, 0x0d, 0x00,
  0x00, 0x00, 0x00, 0x00, 0x00, 0x00, 0x00, 0x00, 0x00, 0x00, 0x00, 0x00,
  0x0f, 0x0d, 0x00, 0x00, 0x00, 0x00, 0x0e, 0x00, 0x00, 0x0f, 0x00, 0x00,
  0x00, 0x00, 0x00, 0x00, 0x00, 0x00, 0x00, 0x00, 0x00, 0xf5, 0x1b, 0x00,
  0x00, 0x00, 0x00, 0xf1, 0x09, 0x1b, 0x00, 0x00, 0x00, 0x00, 0x00, 0x00,
  0x00, 0x2f, 0x00, 0x00, 0x00, 0x00, 0x00, 0x3a, 0xd4, 0x22, 0x00, 0xdd,
  0x00, 0x00, 0x00, 0x29, 0x00, 0xe2, 0x00, 0x00, 0x00, 0x00, 0x00, 0x00,
  0x00, 0x00, 0x00, 0x00, 0x00, 0x00, 0x00, 0x00, 0x00, 0x00, 0x1b, 0x00,
  0x00, 0x00, 0x00, 0x00, 0x14, 0x00, 0x00, 0xed, 0x00, 0xf1, 0x2b, 0x24,
  0x00, 0x00, 0x00, 0xe1, 0x1d, 0x00, 0x00, 0x00, 0x00, 0xdd, 0x00, 0x1a,
  0x00, 0x00, 0x00, 0x00, 0x00, 0x29, 0x00, 0xe8, 0x00, 0x00, 0xfc, 0x00,
  0x00, 0x00, 0x13, 0x00, 0xf8, 0x00, 0xe8, 0x00, 0x00, 0x00, 0x00, 0x00,
  0x00, 0x00, 0x00, 0xf0, 0xf4, 0x00, 0x00, 0x00, 0x00, 0xf0, 0x00, 0xd4,
  0x00, 0x00, 0x00, 0x00, 0x00, 0x00, 0x00, 0x00, 0x00, 0xee, 0x00, 0x00,
  0x00, 0x00, 0x00, 0x00, 0x00, 0xc5, 0x00, 0x00, 0x00, 0x00, 0xe3, 0x00,
  0x00, 0x00, 0x00, 0x00, 0xdc, 0xd1, 0x00, 0x00, 0x00, 0x00, 0x00, 0xc7,
  0x00, 0x00, 0x00, 0x00, 0x00, 0x00, 0x23, 0x00, 0x00, 0x00, 0x00, 0x00,
  0x21, 0x00, 0x00, 0x00, 0x00, 0x00, 0x00, 0xf3, 0x00, 0x20, 0x00, 0x00,
  0x2e, 0x00, 0x00, 0x20, 0x00, 0x00, 0x00, 0x00, 0x00, 0x00, 0x00, 0x00,
  0x00, 0xef, 0x00, 0x00, 0x00, 0x00, 0x00, 0xf4, 0x00, 0x00, 0x00, 0x00,
  0x00, 0x00, 0x00, 0x00, 0x00, 0x00, 0x00, 0xe2, 0x00, 0x00, 0x00, 0x00,
  0x00, 0xf2, 0x00, 0x00, 0x00, 0x0e, 0x00, 0x00, 0x00, 0x20, 0x00, 0x00,
  0x19, 0x00, 0x00, 0x00, 0xce, 0x00, 0x00, 0x00, 0x00, 0x00, 0xda, 0x00,
  0x1d, 0x00, 0x00, 0x00, 0x00, 0x00, 0x00, 0x00, 0x00, 0x00, 0x00, 0xe6,
  0x19, 0x00, 0x00, 0x00, 0x00, 0x00, 0x00, 0x01, 0x00, 0x00, 0x00, 0x00,
  0x00, 0x00, 0x00, 0x00, 0x00, 0x00, 0x00, 0x00, 0x00, 0x00, 0xe6, 0x16,
  0x00, 0x00, 0x00, 0x00, 0xf2, 0x21, 0x00, 0x00, 0x00, 0x00, 0xf6, 0x32,
  0x00, 0x00, 0x00, 0x00, 0x00, 0x1a, 0x00, 0x00, 0x00, 0x00, 0x00, 0x21,
  0x00, 0xff, 0x00, 0x00, 0x00, 0x18, 0xdb, 0x00, 0x00, 0x00, 0x00, 0x00,
  0xdf, 0x00, 0x00, 0x00, 0x00, 0x00, 0xe3, 0x00, 0x00, 0x00, 0xec, 0x00,
  0xe6, 0x00, 0x00, 0x00, 0xf8, 0x00, 0xe1, 0x00, 0x00, 0x00, 0x00, 0x00,
  0xe5, 0x2c, 0x00, 0x00, 0x00, 0x00, 0x00, 0x00, 0x00, 0x00, 0x00, 0x00,
  0x00, 0x2e, 0x00, 0x00, 0x00, 0x00, 0x00, 0x29, 0x00, 0x00, 0x00, 0x00,
  0x00, 0xf9, 0x00, 0x00, 0x00, 0x13, 0x00, 0x00, 0x00, 0x00, 0x00, 0x26,
  0x00, 0x00, 0x00, 0x00, 0x00, 0x20, 0x00, 0x00, 0x00, 0x00, 0x00, 0x00,
  0x21, 0x00, 0x00, 0x00, 0x00, 0x11, 0x00, 0xfa, 0x00, 0x00, 0x00, 0x00,
  0x1a, 0x00, 0x00, 0x00, 0x00, 0x00, 0x00, 0x00, 0x00, 0x00, 0x00, 0xd6,
  0x00, 0xf2, 0x00, 0x00, 0x00, 0xde, 0x00, 0x00, 0x00, 0x00, 0x00, 0xd7,
  0x00, 0x00, 0x00, 0x00, 0x11, 0x00, 0x00, 0x01, 0x00, 0x00, 0x03, 0x00,
  0x00, 0x00, 0xdd, 0x00, 0x15, 0x00, 0x00, 0x00, 0x00, 0x00, 0x00, 0x00,
  0x00, 0x00, 0x00, 0x00, 0x00, 0x00, 0x00, 0x00, 0x00, 0x1e, 0x00, 0xda,
  0x00, 0x00, 0x00, 0x00, 0x00, 0x00, 0x00, 0x00, 0x00, 0x00, 0x14, 0x00,
  0xe4, 0x34, 0x00, 0x00, 0x1d, 0x11, 0x00, 0x31, 0xdb, 0xf3, 0x1c, 0x00,
  0x00, 0x00, 0x00, 0x00, 0x21, 0x15, 0x00, 0x00, 0x00, 0xee, 0x00, 0x00,
  0x00, 0x00, 0xda, 0x00, 0x00, 0x23, 0xe4, 0x00, 0x00, 0x00, 0x00, 0x00,
  0x00, 0xfb, 0x00, 0x00, 0x00, 0x00, 0x00, 0x00, 0x00, 0x00, 0x00, 0x00,
  0x00, 0x00, 0x00, 0x00, 0x00, 0x00, 0x00, 0x00, 0x00, 0x00, 0x00, 0x16,
  0xe6, 0x00, 0x00, 0xe0, 0x2f, 0xe2, 0x00, 0x00, 0x00, 0xe3, 0x2e, 0xd7,
  0x00, 0x33, 0x00, 0xe1, 0x38, 0xd4, 0x00, 0x00, 0x00, 0xe7, 0x2b, 0x00,
  0xd8, 0x00, 0x00, 0x00, 0x00, 0x00, 0x00, 0x00, 0x00, 0x00, 0x00, 0x00,
  0x00, 0x00, 0x00, 0x00, 0x00, 0x00, 0x00, 0x00, 0x00, 0x00, 0x00, 0x10,
  0x00, 0x00, 0x00, 0x00, 0x00, 0x00, 0x00, 0x00, 0x00, 0x00, 0x0c, 0x00,
  0x00, 0x00, 0x00, 0x00, 0x0b, 0x17, 0x00, 0x00, 0x00, 0x00, 0x00, 0x24,
  0x00, 0x00, 0x00, 0x00, 0x00, 0x00, 0x00, 0x00, 0x00, 0x00, 0x00, 0x00,
  0x00, 0x2f, 0x00, 0x18, 0x2c, 0x16, 0x00, 0x3d, 0x00, 0x11, 0x00, 0x00,
  0x00, 0x22, 0x00, 0x00, 0x26, 0x00, 0x00, 0x00, 0x00, 0x00, 0x29, 0x08,
  0x00, 0x00, 0x00, 0x00, 0x00, 0x17, 0x00, 0x00, 0xef, 0xe2, 0x00, 0x18,
  0x00, 0x32, 0xdf, 0x00, 0x00, 0x17, 0xdd, 0x38, 0x00, 0x00, 0xe4, 0x10,
  0x00, 0x27, 0x00, 0x0a, 0x00, 0x00, 0x00, 0x00, 0x00, 0xd9, 0x00, 0x0d,
  0xd9, 0x3a, 0x00, 0x00, 0x00, 0x0e, 0x00, 0x3a, 0x00, 0x00, 0x00, 0x15,
  0x00, 0x2a, 0xee, 0x00, 0x00, 0x0b, 0x00, 0x33, 0x00, 0x00, 0xf3, 0x18,
  0x00, 0x37, 0x00, 0x00, 0x00, 0x1a, 0x00, 0x31, 0x00, 0x00, 0x00, 0x18,
  0x00, 0x41, 0x00, 0x00, 0x00, 0x00, 0x00, 0x1d, 0x00, 0x00, 0x00, 0x1c,
  0x00, 0x2d, 0x00, 0x00, 0x00, 0x1b, 0x00, 0x37, 0x00, 0x00, 0x00, 0x00,
  0x00, 0x00, 0x00, 0x00, 0x00, 0x0f, 0x00, 0x29, 0xed, 0x00, 0x25, 0x09,
  0x00, 0x2c, 0xef, 0xcc, 0x00, 0x13, 0x0f, 0x3f, 0x00, 0x13, 0x00, 0x00,
  0x00, 0x36, 0x00, 0x00, 0x00, 0x00, 0x00, 0x00, 0x00, 0x11, 0x00, 0x00,
  0x00, 0x00, 0x00, 0x00, 0x00, 0x00, 0x00, 0x00, 0xd6, 0x00, 0x00, 0x16,
  0x00, 0x00, 0x00, 0x00, 0x00, 0x00, 0x00, 0x00, 0xf2, 0x00, 0x2d, 0x00,
  0x00, 0x24, 0xea, 0x00, 0x00, 0x1a, 0x00, 0x00, 0x00, 0x00, 0x00, 0x20,
  0x00, 0x00, 0x00, 0x00, 0x37, 0x0a, 0x00, 0x00, 0x00, 0x00, 0x00, 0x00,
  0x00, 0x23, 0x00, 0x00, 0x31, 0x00, 0x00, 0x00, 0x00, 0x00, 0x33, 0x12,
  0x00, 0x00, 0x00, 0x00, 0x00, 0x00, 0x00, 0x21, 0x16, 0x00, 0x00, 0x00,
  0x00, 0x24, 0x00, 0xdf, 0x29, 0x0e, 0x00, 0x24, 0xe5, 0x00, 0x28, 0x1f,
  0xdf, 0x28, 0xe0, 0x00, 0x20, 0x00, 0x00, 0x22, 0x00, 0x00, 0x43, 0x0e,
  0xdb, 0x2a, 0x00, 0x00, 0x00, 0x00, 0x00, 0x00, 0x1e, 0xde, 0x00, 0x17,
  0x00, 0x24, 0x00, 0x00, 0x3e, 0x00, 0x00, 0x00, 0x00, 0x00, 0x33, 0x00,
  0x00, 0x00, 0x00, 0x00, 0x20, 0x0c, 0x00, 0x00, 0x00, 0x10, 0x00, 0x1e,
  0x00, 0x00, 0x00, 0x14, 0x00, 0x1c, 0xde, 0x00, 0x00, 0x00, 0x2a, 0x17,
  0x00, 0x00, 0xea, 0xe1, 0x00, 0x00, 0x00, 0x00, 0xcf, 0x00, 0x00, 0x10,
  0x00, 0x2f, 0x00, 0x00, 0x00, 0x00, 0x00, 0x00, 0x00, 0x00, 0x00, 0x0e,
  0xd9, 0x00, 0x00, 0x00, 0x00, 0x00, 0x00, 0x00, 0x00, 0xdd, 0x00, 0x00,
  0xdc, 0x31, 0x00, 0x00, 0x00, 0x0b, 0xdc, 0x00, 0x00, 0x16, 0x00, 0x00,
  0x00, 0x2c, 0x00, 0x00, 0x00, 0x00, 0x00, 0x1a, 0x00, 0x00, 0x00, 0x0a,
  0x00, 0x24, 0x1c, 0xde, 0xf8, 0x0a, 0x00, 0x25, 0xd1, 0xdd, 0x00, 0x00,
  0x00, 0x33, 0x00, 0x00, 0x00, 0x0f, 0x00, 0x1c, 0x00, 0x00, 0x00, 0x00,
  0x00, 0x00, 0x00, 0x00, 0x00, 0x0c, 0x00, 0x00, 0xdc, 0x00, 0x00, 0x00,
  0x00, 0x2b, 0x00, 0x00, 0xe2, 0x00, 0x00, 0x00, 0x00, 0x00, 0x00, 0x0b,
  0xde, 0x00, 0x00, 0x00, 0x00, 0x00, 0x00, 0x00, 0x00, 0x00, 0x00, 0x00,
  0x00, 0x27, 0x00, 0x0d, 0xfd, 0x0e, 0x00, 0x00, 0x00, 0x00, 0xf6, 0x00,
  0x00, 0x00, 0x00, 0x10, 0x00, 0x12, 0xd6, 0x31, 0x00, 0x00, 0x00, 0x00,
  0x00, 0x1c, 0xbd, 0x00, 0x00, 0x00, 0xdb, 0x1e, 0xcf, 0x00, 0x00, 0x00,
  0x00, 0x00, 0x00, 0x0f, 0x00, 0x00, 0x00, 0x00, 0x00, 0x00, 0x00, 0x00,
  0x00, 0x33, 0x00, 0x00, 0x2c, 0x14, 0x00, 0x00, 0x19, 0x00, 0x37, 0x00,
  0x00, 0x00, 0x00, 0x00, 0x1f, 0x14, 0xd6, 0x22, 0x00, 0x00, 0x00, 0x15,
  0xde, 0x23, 0x00, 0x00, 0x00, 0x00, 0x00, 0x00, 0xde, 0x00, 0x31, 0x00,
  0x00, 0x00, 0x00, 0xd8, 0x3f, 0x00, 0xdf, 0x00, 0x00, 0xde, 0x00, 0x11,
  0x00, 0x00, 0x00, 0x00, 0x00, 0x00, 0x00, 0x00, 0x00, 0x11, 0x00, 0x00,
  0x00, 0x00, 0x00, 0x16, 0x38, 0x0e, 0xcd, 0x00, 0x00, 0x00, 0x29, 0x14,
  0xe0, 0x00, 0x00, 0xdf, 0xef, 0x00, 0xde, 0x1f, 0x00, 0xe2, 0x00, 0x00,
  0xd7, 0x00, 0x00, 0x00, 0x32, 0x00, 0x00, 0x1f, 0x00, 0x00, 0x00, 0x00,
  0x00, 0x00, 0x17, 0x00, 0x00, 0x00, 0x00, 0x23, 0x00, 0x13, 0x00, 0x00,
  0x00, 0x00, 0x00, 0x00, 0x00, 0x00, 0xdd, 0x00, 0xe4, 0x00, 0x00, 0x00,
  0x00, 0x00, 0x00, 0x00, 0x00, 0x00, 0x00, 0x2c, 0x00, 0x00, 0x00, 0x3d,
  0x00, 0xdf, 0x00, 0x00, 0x00, 0x3d, 0x00, 0x00, 0x00, 0x00, 0x00, 0x40,
  0x00, 0x00, 0x00, 0x00, 0x00, 0x2b, 0x00, 0xe6, 0x4a, 0x00, 0xdb, 0x29,
  0xdf, 0x00, 0x00, 0x00, 0x00, 0x2e, 0xe4, 0x00, 0x00, 0x00, 0x00, 0x1f,
  0x00, 0xe4, 0x00, 0x00, 0x21, 0x1e, 0x00, 0x00, 0x00, 0x00, 0x00, 0x2a,
  0x00, 0x00, 0x00, 0xd5, 0x00, 0x00, 0x00, 0x00, 0x00, 0x00, 0xed, 0x1e,
  0x00, 0x00, 0x00, 0x00, 0xfa, 0x23, 0x00, 0x00, 0x00, 0x00, 0xff, 0x23,
  0x00, 0x00, 0x00, 0x00, 0xfe, 0x00, 0x00, 0x0e, 0x00, 0x00, 0x00, 0xef,
  0x18, 0x00, 0x00, 0x00, 0xfc, 0x00, 0x00, 0x14, 0x00, 0x00, 0x00, 0x00,
  0x00, 0x07, 0x00, 0x00, 0x00, 0x00, 0x00, 0x15, 0x00, 0x00, 0x00, 0x00,
  0x00, 0x09, 0x00, 0x00, 0x00, 0x00, 0x13, 0x00, 0x00, 0x00, 0x00, 0xf0,
  0x00, 0x00, 0x00, 0x00, 0x00, 0x00, 0x00, 0x00, 0x00, 0xfa, 0x00, 0x00,
  0x00, 0x00, 0x00, 0x00, 0xdc, 0x00, 0x00, 0x00, 0x00, 0x00, 0x00, 0x00,
  0x12, 0x00, 0x41, 0x00, 0x00, 0x29, 0x00, 0x00, 0x00, 0xc9, 0x00, 0x00,
  0x00, 0x00, 0x00, 0x00, 0x00, 0xe3, 0x00, 0x00, 0x00, 0x00, 0x00, 0xdc,
  0x00, 0x00, 0x00, 0x00, 0x00, 0x00, 0x00, 0x00, 0x28, 0x00, 0x00, 0x00,
  0x00, 0x00, 0x00, 0x00, 0x00, 0x00, 0x00, 0x00, 0x00, 0x00, 0x00, 0x12,
  0x18, 0xdb, 0x00, 0x00, 0xf7, 0x1a, 0x00, 0xd7, 0x00, 0x00, 0xf4, 0x25,
  0x00, 0xe0, 0x00, 0x00, 0xf0, 0x25, 0x00, 0xe1, 0x00, 0x00, 0x00, 0x19,
  0x00, 0x00, 0x00, 0x00, 0x00, 0x23, 0x00, 0xd1, 0x00, 0x00, 0x00, 0x00,
  0x00, 0x00, 0x00, 0x00, 0x00, 0x0b, 0x00, 0xdb, 0x32, 0x00, 0x00, 0x00,
  0x00, 0x00, 0x00, 0x00, 0x00, 0x00, 0x00, 0x00, 0x00, 0x00, 0x00, 0x00,
  0x00, 0x00, 0x00, 0x00, 0x00, 0xda, 0x00, 0x0d, 0x00, 0x00, 0x00, 0xda,
  0x00, 0x00, 0x2a, 0x00, 0xdf, 0xdd, 0x00, 0x00, 0x00, 0x00, 0xf4, 0x00,
  0x00, 0x00, 0x35, 0xd0, 0xdf, 0x00, 0x00, 0x00, 0x00, 0xc9, 0x00, 0xdd,
  0x09, 0x00, 0x00, 0xd4, 0x00, 0x00, 0x00, 0x00, 0x00, 0xd4, 0x00, 0x00,
  0x00, 0x00, 0x00, 0x00, 0x00, 0x00, 0x00, 0x00, 0x00, 0xd2, 0x00, 0x00,
  0x00, 0x00, 0x00, 0xc4, 0x00, 0x00, 0x00, 0x00, 0x00, 0x00, 0xd1, 0x00,
  0x00, 0x00, 0x00, 0x00, 0x00, 0x00, 0x00, 0x00, 0x00, 0x00, 0xcf, 0x00,
  0x00, 0x17, 0x00, 0x00, 0x00, 0x00, 0x00, 0x00, 0x00, 0x00, 0x00, 0x00,
  0x00, 0x00, 0x00, 0x00, 0x00, 0x00, 0x00, 0x00, 0x00, 0x00, 0x00, 0x00,
  0x09, 0x22, 0x00, 0x00, 0x00, 0x00, 0x00, 0x00, 0x0c, 0x00, 0xcf, 0x00,
  0x00, 0x00, 0x00, 0x00, 0xc9, 0x00, 0x00, 0x00, 0x00, 0x00, 0xd6, 0x11,
  0x00, 0x1d, 0x00, 0x00, 0x00, 0x00, 0x00, 0x00, 0x41, 0x00, 0x00, 0x23,
  0x00, 0x00, 0x00, 0x00, 0xc4, 0x21, 0x00, 0xe6, 0x00, 0x00, 0x00, 0x31,
  0x00, 0xe3, 0x00, 0x00, 0x00, 0x1b, 0x00, 0x00, 0x00, 0x00, 0x00, 0x3e,
  0x00, 0x00, 0x00, 0x00, 0x00, 0x44, 0x00, 0xe3, 0x00, 0x00, 0x00, 0x35,
  0x00, 0xf6, 0x00, 0x00, 0x00, 0x4f, 0x00, 0xe6, 0x00, 0x00, 0x00, 0x3d,
  0x00, 0x00, 0x00, 0x00, 0xbe, 0x34, 0x00, 0x00, 0x00, 0x00, 0x00, 0x0d,
  0x00, 0x00, 0x00, 0x00, 0xdc, 0x15, 0x00, 0x00, 0x00, 0x00, 0x00, 0x00,
  0xe4, 0x00, 0x00, 0x00, 0x00, 0x00, 0x00, 0x00, 0x00, 0x00, 0x00, 0x00,
  0x00, 0x00, 0x4c, 0x00, 0xe5, 0xcb, 0x00, 0x00, 0x00, 0x00, 0xef, 0xd4,
  0x00, 0xea, 0x4d, 0x00, 0xe9, 0xd3, 0x11, 0x00, 0x00, 0x00, 0xf3, 0x00,
  0x00, 0x00, 0x00, 0x00, 0x00, 0x00, 0x00, 0xda, 0x4b, 0x00, 0xf3, 0xd3,
  0x00, 0x00, 0x00, 0x00, 0x00, 0x00, 0x00, 0xdd, 0x00, 0x00, 0xf5, 0x00,
  0x00, 0x00, 0x00, 0x00, 0x00, 0x00, 0x00, 0x00, 0x00, 0x00, 0x00, 0x00,
  0x00, 0xde, 0x00, 0x00, 0x00, 0xe3, 0x18, 0x00, 0x00, 0x00, 0x00, 0x00,
  0x14, 0x00, 0x00, 0x00, 0xea, 0x00, 0x00, 0x00, 0x00, 0x00, 0xec, 0x00,
  0x11, 0xdd, 0x00, 0x00, 0xfc, 0x00, 0x00, 0x00, 0x00, 0x00, 0x00, 0x00,
  0x00, 0x00, 0x00, 0x00, 0xfd, 0x00, 0x00, 0x00, 0x00, 0x00, 0xfb, 0x00,
  0x00, 0x00, 0x00, 0x00, 0xf6, 0x00, 0x00, 0x00, 0x00, 0x00, 0x00, 0x00,
  0x00, 0x00, 0x00, 0x00, 0x00, 0x00, 0xe3, 0x00, 0x00, 0x00, 0x00, 0x00,
  0x00, 0x00, 0x00, 0x00, 0x00, 0x00, 0x00, 0x00, 0x00, 0x00, 0x00, 0x00,
  0x00, 0x06, 0x1b, 0x00, 0x00, 0x31, 0x00, 0x06, 0x00, 0x00, 0x00, 0x00,
  0x00, 0xfe, 0x19, 0x00, 0x00, 0x00, 0x00, 0x00, 0x00, 0x00, 0x1f, 0x00,
  0x00, 0x00, 0x00, 0x00, 0x00, 0x00, 0x00, 0x04, 0x00, 0x00, 0x19, 0x00,
  0x00, 0xf0, 0x00, 0x00, 0x23, 0x00, 0x00, 0xf2, 0x00, 0x00, 0x14, 0x00,
  0x00, 0xfd, 0x00, 0x00, 0x00, 0x00, 0x00, 0x06, 0x19, 0x00, 0x00, 0xef,
  0x00, 0xfb, 0x00, 0x00, 0x00, 0x00, 0x00, 0x00, 0xef, 0x00, 0x00, 0x00,
  0x00, 0x00, 0x00, 0x00, 0x00, 0x00, 0x00, 0x00, 0x00, 0x00, 0x00, 0x00,
  0x00, 0x00, 0x00, 0x00, 0xc2, 0xdc, 0x00, 0x00, 0x00, 0x00, 0xc3, 0x00,
  0x00, 0x00, 0x00, 0x16, 0x00, 0x00, 0x00, 0x00, 0x00, 0x14, 0xbf, 0xd9,
  0x00, 0x00, 0x00, 0x00, 0x00, 0x00, 0x00, 0x00, 0x00, 0x00, 0x00, 0x00,
  0x00, 0x00, 0x00, 0x00, 0x00, 0x00, 0x00, 0x00, 0x00, 0x00, 0x00, 0xdd,
  0x00, 0x00, 0x00, 0x00, 0x00, 0x00, 0x00, 0x5a, 0x00, 0x00, 0xd0, 0x00,
  0x00, 0x58, 0x00, 0x00, 0x00, 0x00, 0x00, 0x00, 0x00, 0x00, 0x00, 0x00,
  0xe2, 0x00, 0x00, 0x00, 0x00, 0x0d, 0x00, 0x52, 0x00, 0x00, 0x00, 0x00,
  0x00, 0x52, 0x00, 0x00, 0x00, 0x00, 0xe4, 0x4c, 0x00, 0x00, 0x00, 0x00,
  0x00, 0x00, 0x00, 0x00, 0x00, 0x00, 0x00, 0x00, 0x00, 0x00, 0x00, 0x00,
  0x00, 0x00, 0x00, 0x00, 0x1e, 0x1a, 0x00, 0x52, 0x00, 0x00, 0x00, 0x32,
  0xd4, 0x00, 0xee, 0x19, 0x00, 0x00, 0x00, 0x00, 0x00, 0x00, 0x00, 0x2d,
  0x00, 0x00, 0x0c, 0x00, 0x00, 0x24, 0x00, 0x00, 0x00, 0x00, 0xcb, 0x22,
  0x00, 0x00, 0x1e, 0xef, 0x00, 0x36, 0x00, 0x00, 0x00, 0xe9, 0x00, 0x2e,
  0x00, 0x0b, 0xd2, 0x00, 0x00, 0x00, 0x00, 0x00, 0x24, 0x00, 0x25, 0x00,
  0x00, 0x08, 0x00, 0x00, 0x2c, 0x00, 0x00, 0x03, 0x00, 0x00, 0x26, 0x00,
  0x00, 0x05, 0x00, 0x00, 0x00, 0x00, 0x00, 0x00, 0x00, 0x00, 0x00, 0x00,
  0x00, 0x00, 0x00, 0x00, 0x00, 0x00, 0x00, 0x00, 0x00, 0x00, 0x00, 0x00,
  0x00, 0x00, 0x00, 0x00, 0x00, 0x00, 0xbf, 0x00, 0x00, 0x00, 0x00, 0x00,
  0x00, 0x00, 0x00, 0x00, 0x00, 0x00, 0x00, 0x00, 0x00, 0x00, 0x00, 0x00,
  0x00, 0x00, 0xce, 0x00, 0x00, 0xea, 0x00, 0x5d, 0x00, 0x00, 0xd3, 0x00,
  0x00, 0x00, 0x00, 0x00, 0xcf, 0x00, 0x00, 0x00, 0x14, 0x00, 0xdb, 0xde,
  0x00, 0x6d, 0x00, 0x00, 0x00, 0x00, 0x00, 0x00, 0x00, 0x00, 0xd5, 0x00,
  0x00, 0x00, 0x00, 0x00, 0x00, 0x00, 0x00, 0x00, 0x00, 0x00, 0xda, 0x00,
  0x00, 0x00, 0x00, 0x00, 0x00, 0x00, 0xe1, 0x5f, 0x00, 0x00, 0xda, 0x00,
  0x00, 0x00, 0x00, 0x00, 0x00, 0x00, 0x00, 0x00, 0x00, 0x00, 0x00, 0x00,
  0x00, 0x00, 0x00, 0x00, 0xf4, 0x00, 0x00, 0x00, 0x00, 0x00, 0x00, 0x00,
  0x00, 0x00, 0x00, 0x00, 0x00, 0x00, 0x00, 0x00, 0x00, 0x00, 0x00, 0x00,
  0x00, 0x00, 0x00, 0x00, 0x2b, 0x1e, 0x00, 0x00, 0x00, 0x00, 0x00, 0x00,
  0x00, 0x00, 0xc9, 0x00, 0x3a, 0x00, 0x00, 0x00, 0x00, 0x00, 0x00, 0x1c,
  0xd9, 0x00, 0x00, 0x00, 0x00, 0x00, 0x00, 0x00, 0x00, 0x00, 0x00, 0x00,
  0x00, 0x00, 0x00, 0x00, 0x00, 0x00, 0x00, 0x00, 0x00, 0x00, 0xe6, 0x00,
  0x00, 0x00, 0x00, 0x00, 0x00, 0x00, 0x00, 0x00, 0x21, 0x00, 0x00, 0x00,
  0xcb, 0x00, 0x00, 0x00, 0x20, 0x00, 0x00, 0x00, 0x00, 0x00, 0x00, 0x00,
  0x00, 0x00, 0x21, 0x00, 0x00, 0x00, 0xc8, 0x00, 0x00, 0x00, 0x00, 0x00,
  0x00, 0x18, 0x00, 0x00, 0x00, 0x00, 0x00, 0x1d, 0x00, 0x00, 0x00, 0x00,
  0x00, 0x00, 0x00, 0x00, 0x00, 0x00, 0x00, 0x17, 0x00, 0x00, 0x16, 0x00,
  0x00, 0x00, 0x00, 0x00, 0x00, 0x00, 0x00, 0x00, 0xe1, 0x00, 0x00, 0x00,
  0x00, 0x00, 0x00, 0x00, 0x00, 0x00, 0x00, 0x00, 0xe4, 0x00, 0x00, 0xe3,
  0x00, 0x00, 0xdb, 0x00, 0x00, 0x00, 0x0b, 0x00, 0x00, 0x00, 0x00, 0x00,
  0x11, 0x00, 0x00, 0x00, 0xe4, 0x00, 0x00, 0x00, 0x00, 0x00, 0xe0, 0x00,
  0x00, 0x5f, 0x00, 0x00, 0xe9, 0x00, 0x0f, 0x64, 0x00, 0x00, 0x00, 0x00,
  0x00, 0xe3, 0x00, 0x00, 0xe9, 0x00, 0x00, 0x00, 0xea, 0x00, 0x00, 0x00,
  0x00, 0x00, 0x00, 0x00, 0x00, 0x00, 0x00, 0xe6, 0xde, 0x00, 0x1c, 0x00,
  0x00, 0x00, 0x00, 0x00, 0x00, 0x00, 0x00, 0x00, 0x00, 0x00, 0xe9, 0x00,
  0x17, 0x00, 0x00, 0x00, 0x2c, 0x00, 0x00, 0x00, 0xe2, 0x00, 0x00, 0xe6,
  0x00, 0x00, 0x00, 0x00, 0x16, 0x00, 0x00, 0x00, 0x00, 0x00, 0x00, 0x00,
  0x00, 0xe3, 0x00, 0x00, 0x00, 0xe8, 0x19, 0x00, 0x00, 0x00, 0x00, 0xe8,
  0x1d, 0x00, 0xe4, 0x00, 0x00, 0xe7, 0x00, 0x00, 0x00, 0x00, 0x00, 0x00,
  0x16, 0x00, 0x00, 0x00, 0x00, 0xe7, 0x00, 0x00, 0xe6, 0x00, 0xe8, 0x00,
  0x00, 0x00, 0x00, 0x00, 0x00, 0xe4, 0x00, 0x00, 0x00, 0x1c, 0x00, 0x00,
  0x00, 0x00, 0x00, 0x00, 0x00, 0xe0, 0x00, 0x00, 0x00, 0x00, 0x00, 0x00,
  0x00, 0x00, 0xe4, 0x00, 0xe9, 0x00, 0x00, 0xe8, 0x00, 0x00, 0x00, 0xe7,
  0x00, 0x00, 0x00, 0x00, 0x00, 0x00, 0x00, 0x00, 0x00, 0x18, 0x00, 0x00,
  0x00, 0xe8, 0x00, 0x00, 0x00, 0xe3, 0x00, 0x00, 0x00, 0x00, 0x00, 0xea,
  0x00, 0x00, 0x00, 0x1a, 0xea, 0x00, 0x19, 0x00, 0x00, 0x00, 0x00, 0x00,
  0x00, 0xe7, 0x00, 0x00, 0x00, 0x00, 0x00, 0x00, 0x00, 0x00, 0xe9, 0x00,
  0x00, 0xe7, 0x00, 0x00, 0x00, 0x00, 0x00, 0x00, 0x00, 0x00, 0x00, 0x00,
  0x1a, 0x00, 0x00, 0x00, 0x00, 0x00, 0x00, 0x00, 0x00, 0x00, 0x00, 0xe3,
  0x00, 0x00, 0x00, 0x00, 0x00, 0x00, 0x00, 0x00, 0x00, 0x1c, 0x00, 0x00,
  0x1b, 0x00, 0x00, 0x1b, 0x00, 0xdf, 0x00, 0x00, 0x00, 0x1c, 0x00, 0x00,
  0x00, 0x00, 0x00, 0x00, 0x00, 0x00, 0x00, 0x00, 0x1a, 0x00, 0x00, 0x00,
  0x00, 0x00, 0x00, 0x00, 0xe8, 0x00, 0x00, 0xe7, 0x00, 0x1a, 0x00, 0x00,
  0x00, 0xe4, 0x00, 0x00, 0x00, 0x00, 0x1d, 0x00, 0x00, 0x00, 0x00, 0x00,
  0x00, 0x00, 0x00, 0x00, 0x00, 0x00, 0x00, 0x00, 0x00, 0x00, 0x00, 0x00,
  0x00, 0x00, 0x00, 0x00, 0x00, 0xe7, 0x17, 0x00, 0x00, 0x17, 0x00, 0x00,
  0x00, 0x00, 0x00, 0x00, 0x00, 0xe2, 0x00, 0xe4, 0x00, 0x00, 0x00, 0x00,
  0x00, 0xe8, 0x00, 0x00, 0xe6, 0x00, 0x18, 0x00, 0x00, 0x00, 0x00, 0x00,
  0x00, 0x00, 0x00, 0x00, 0xe8, 0xe1, 0x00, 0x00, 0x00, 0x00, 0x1a, 0x00,
  0x00, 0x00, 0x00, 0x1e, 0x00, 0xe2, 0x00, 0x00, 0x00, 0x00, 0x1a, 0xe1,
  0x00, 0xe8, 0xe5, 0x00, 0x00, 0x00, 0x00, 0xe9, 0x00, 0x00, 0x00, 0x00,
  0x00, 0x00, 0x00, 0x19, 0x00, 0xe7, 0x00, 0x00, 0x00, 0x00, 0x00, 0x00,
  0x00, 0x00, 0x00, 0x00, 0x00, 0xe3, 0x00, 0x00, 0x00, 0x19, 0x00, 0x00,
  0x00, 0x00, 0xe4, 0x00, 0x00, 0xe0, 0x00, 0x00, 0x00, 0x00, 0x00, 0xea,
  0x00, 0x00, 0x00, 0x00, 0x00, 0xe9, 0x00, 0x00, 0x00, 0x00, 0x00, 0x00,
  0x00, 0xe9, 0x00, 0x1a, 0x00, 0x00, 0x00, 0x00, 0x00, 0x18, 0x00, 0xe4,
  0x00, 0x00, 0x00, 0x1d, 0x00, 0x00, 0x00, 0x00, 0x00, 0x00, 0x00, 0x00,
  0x00, 0x00, 0xdf, 0x00, 0x00, 0x00, 0x00, 0x00, 0x00, 0x00, 0x00, 0x00,
  0x00, 0x00, 0x00, 0x1b, 0x00, 0xdf, 0x00, 0x00, 0x00, 0x1a, 0x00, 0x00,
  0x00, 0x00, 0x16, 0x00, 0x00, 0x00, 0x00, 0x00, 0x00, 0x00, 0x00, 0x00,
  0x00, 0x00, 0x00, 0x00, 0x00, 0xe7, 0x00, 0xe3, 0x00, 0x00, 0x00, 0x00,
  0x00, 0xe5, 0x00, 0x19, 0x00, 0xe5, 0x00, 0x00, 0x00, 0x1b, 0x00, 0x00,
  0x00, 0x00, 0x00, 0x00, 0x00, 0x00, 0x18, 0x00, 0x00, 0x00, 0x00, 0xe3,
  0x00, 0x00, 0x00, 0x1d, 0x00, 0x00, 0x00, 0xe7, 0x00, 0x00, 0x00, 0xe6,
  0x1c, 0x00, 0x00, 0x00, 0x00, 0x00, 0x00, 0xe8, 0xe8, 0x00, 0x00, 0xe3,
  0x00, 0x00, 0x00, 0x1a, 0x00, 0xe6, 0x00, 0x00, 0x00, 0x00, 0x00, 0x00,
  0x00, 0xe4, 0x00, 0x00, 0x19, 0x00, 0x00, 0xe3, 0x00, 0x00, 0x00, 0x00,
  0x00, 0x00, 0x00, 0x19, 0x00, 0xe5, 0x00, 0x00, 0x00, 0x00, 0x00, 0x00,
  0x00, 0x00, 0x00, 0x00, 0x1a, 0x00, 0x00, 0xe9, 0xe4, 0x00, 0x00, 0x00,
  0x00, 0x00, 0x00, 0x19, 0x00, 0x00, 0x00, 0x00, 0x00, 0x00, 0x00, 0x00,
  0x00, 0x00, 0x00, 0x00, 0x00, 0x00, 0x00, 0x00, 0x00, 0x1b, 0x00, 0x00,
  0x00, 0x00, 0x00, 0x00, 0x00, 0xe1, 0x00, 0x00, 0x00, 0x00, 0xef, 0x00,
  0xe1, 0xe0, 0x00, 0x00, 0xd8, 0x00, 0x00, 0x00, 0x00, 0x00, 0xe2, 0x00,
  0x00, 0x00, 0x00, 0x00, 0xdb, 0xea, 0x00, 0x00, 0x00, 0x00, 0x00, 0x00,
  0x00, 0x00, 0x00, 0x00, 0x00, 0x00, 0x00, 0x00, 0x00, 0x00, 0x00, 0xe9,
  0x00, 0x00, 0x00, 0xd9, 0x00, 0x00, 0x00, 0x00, 0x00, 0x00, 0x00, 0x1a,
  0x00, 0x00, 0x00, 0x00, 0x00, 0x00, 0x00, 0xd1, 0x3a, 0x00, 0x00, 0x25,
  0x00, 0xd2, 0x00, 0x00, 0x00, 0x1e, 0x00, 0xdc, 0x00, 0x00, 0x00, 0x00,
  0x1f, 0xcd, 0x00, 0x00, 0x00, 0x00, 0x00, 0x00, 0x00, 0x00, 0xe1, 0x00,
  0x00, 0xd1, 0x00, 0x00, 0xf1, 0x00, 0x00, 0x00, 0x00, 0x00, 0x00, 0x00,
  0x00, 0x00, 0x08, 0x00, 0x00, 0x00, 0x00, 0x00, 0x00, 0x00, 0xfd, 0x00,
  0x00, 0x00, 0x00, 0x00, 0x00, 0xeb, 0x00, 0x00, 0x00, 0x00, 0x00, 0x00,
  0x00, 0x00, 0x00, 0x13, 0xfb, 0x00, 0x00, 0x00, 0x00, 0x00, 0x00, 0x00,
  0x00, 0x00, 0x00, 0x00, 0x00, 0x00, 0x00, 0x00, 0x00, 0x00, 0x00, 0x00,
  0x22, 0x00, 0x00, 0x05, 0x00, 0x2c, 0x00, 0x00, 0x00, 0x00, 0x00, 0x1d,
  0x00, 0x00, 0x00, 0x00, 0x00, 0x00, 0x00, 0x00, 0x00, 0x00, 0xf2, 0x00,
  0x00, 0x00, 0x07, 0x00, 0xf5, 0xdd, 0x00, 0x00, 0x49, 0x00, 0x00, 0x00,
  0x00, 0x00, 0x3e, 0xd3, 0x00, 0x00, 0x00, 0x00, 0xfc, 0x00, 0x00, 0x00,
  0x00, 0x00, 0x00, 0x18, 0x00, 0x00, 0x00, 0x00, 0x00, 0x00, 0xf3, 0x00,
  0x00, 0x00, 0x00, 0x00, 0x00, 0x00, 0x00, 0x0e, 0x00, 0x00, 0x00, 0xd4,
  0x00, 0x00, 0x00, 0x00, 0x00, 0x00, 0x00, 0x00, 0x00, 0xd8, 0x00, 0xea,
  0x00, 0x00, 0x00, 0xcc, 0x00, 0x00, 0x00, 0x0e, 0x31, 0xd7, 0xf7, 0x00,
  0x00, 0x00, 0xfe, 0x00, 0x00, 0xe1, 0x00, 0x00, 0x3d, 0x00, 0x00, 0xe2,
  0x00, 0x00, 0x00, 0xd9, 0x00, 0x00, 0x00, 0x00, 0x00, 0x00, 0x00, 0x00,
  0x22, 0x00, 0x52, 0x00, 0x00, 0x00, 0x00, 0x00, 0xff, 0x00, 0x00, 0x00,
  0x1f, 0x00, 0x00, 0x11, 0x00, 0x00, 0x00, 0x00, 0x00, 0x00, 0x00, 0x1a,
  0x00, 0x00, 0x00, 0x00, 0x00, 0x1d, 0x00, 0x00, 0x35, 0x00, 0x00, 0x00,
  0x00, 0x00, 0x00, 0x00, 0x00, 0x28, 0x00, 0xe9, 0x00, 0x00, 0x00, 0x00,
  0x00, 0x00, 0x00, 0x00, 0x00, 0x00, 0xe6, 0x00, 0x47, 0x00, 0x00, 0x00,
  0x00, 0x00, 0x00, 0x00, 0x00, 0x00, 0x00, 0x00, 0x00, 0x00, 0x00, 0xec,
  0x00, 0x00, 0x00, 0x00, 0xf2, 0x00, 0x00, 0x00, 0x00, 0x00, 0xea, 0x00,
  0x00, 0x00, 0x00, 0x00, 0xf1, 0x1b, 0x00, 0x00, 0x00, 0x00, 0x00, 0x00,
  0x00, 0x00, 0x00, 0x00, 0x00, 0x00, 0x00, 0x00, 0x00, 0x00, 0x00, 0x1d,
  0x00, 0x00, 0x00, 0x00, 0x00, 0x00, 0x00, 0x00, 0x00, 0x00, 0x00, 0xea,
  0xe4, 0x00, 0x00, 0x00, 0x04, 0x00, 0x00, 0x00, 0x00, 0x00, 0x00, 0x00,
  0x00, 0x00, 0x00, 0x00, 0x00, 0x00, 0x00, 0x00, 0x00, 0x00, 0x04, 0x00,
  0x00, 0x00, 0x4f, 0x00, 0x00, 0x00, 0x00, 0x00, 0x33, 0xbe, 0x15, 0x00,
  0x00, 0x00, 0xf1, 0xd7, 0x00, 0xca, 0x00, 0x00, 0x00, 0x00, 0xf6, 0xce,
  0x00, 0x00, 0x00, 0x00, 0x00, 0xd4, 0x00, 0x00, 0x00, 0x00, 0x00, 0xc7,
  0x00, 0x00, 0x00, 0x00, 0x2d, 0xd9, 0x00, 0x00, 0x03, 0x00, 0x00, 0xde,
  0x00, 0x00, 0xf9, 0x0e, 0x00, 0x00, 0x00, 0x00, 0x37, 0x00, 0x00, 0x00,
  0x00, 0x00, 0x00, 0x00, 0x00, 0x00, 0x21, 0xd7, 0x13, 0x00, 0x27, 0x00,
  0x00, 0xbd, 0x38, 0x00, 0x03, 0x00, 0x00, 0xd3, 0x00, 0x00, 0x00, 0x00,
  0x00, 0x00, 0x3c, 0x00, 0x00, 0xe7, 0x00, 0xd7, 0x00, 0x00, 0x00, 0x23,
  0x00, 0x00, 0x00, 0x00, 0xea, 0x18, 0xe9, 0xc6, 0x00, 0x00, 0xf5, 0x00,
  0x00, 0x00, 0x41, 0x00, 0x00, 0x00, 0x00, 0x00, 0x00, 0x00, 0x00, 0x11,
  0x00, 0x00, 0x00, 0x00, 0x00, 0x00, 0xea, 0x00, 0x00, 0x00, 0x00, 0x00,
  0x00, 0x00, 0x00, 0x00, 0x00, 0x00, 0x00, 0x12, 0x00, 0x00, 0x00, 0x00,
  0x00, 0x00, 0x00, 0x00, 0x00, 0x00, 0x00, 0x00, 0x00, 0x00, 0x00, 0x00,
  0x00, 0x00, 0x00, 0x00, 0x00, 0x00, 0x00, 0x00, 0x00, 0x00, 0x00, 0x00,
  0x00, 0x00, 0x00, 0x00, 0x00, 0x00, 0x00, 0x00, 0x00, 0x00, 0x00, 0x00,
  0x00, 0x00, 0x40, 0x00, 0xee, 0x00, 0x21, 0x00, 0x00, 0x00, 0xe4, 0x10,
  0x00, 0x10, 0x00, 0xfa, 0xe8, 0x00, 0x00, 0x00, 0x00, 0xfc, 0x00, 0x00,
  0xe3, 0x00, 0x00, 0xf1, 0x00, 0x0f, 0x00, 0x00, 0x00, 0x00, 0x15, 0x11,
  0x00, 0x00, 0x00, 0x00, 0x0d, 0x00, 0x00, 0x00, 0x00, 0x00, 0x00, 0x12,
  0x00, 0x00, 0x00, 0x00, 0xe0, 0x0f, 0x00, 0x00, 0x00, 0x00, 0x00, 0x00,
  0x00, 0x00, 0x00, 0x00, 0xe4, 0x00, 0x00, 0x00, 0x00, 0x00, 0xd2, 0x64,
  0x00, 0x00, 0x31, 0x00, 0x00, 0x66, 0x00, 0x36, 0x27, 0xa1, 0x00, 0x6d,
  0x00, 0x43, 0x00, 0x00, 0xd5, 0x00, 0x00, 0x3a, 0x26, 0x00, 0xe4, 0x00,
  0x00, 0x00, 0x21, 0x00, 0xe5, 0x00, 0x00, 0x37, 0x00, 0x00, 0x00, 0x00,
  0x9b, 0x00, 0x14, 0x00, 0xf0, 0x00, 0x00, 0x50, 0x00, 0x00, 0x00, 0x00,
  0x00, 0x00, 0x00, 0x00, 0x00, 0x00, 0x00, 0x00, 0x00, 0xb0, 0x00, 0x11,
  0x00, 0x00, 0x00, 0xba, 0x00, 0x06, 0x00, 0x00, 0x00, 0xbe, 0x00, 0x10,
  0x00, 0x00, 0x13, 0xbe, 0x1a, 0x0f, 0x00, 0x00, 0x00, 0xc9, 0x18, 0x13,
  0x00, 0x00, 0x00, 0xc2, 0x11, 0x00, 0xe5, 0xff, 0x20, 0x00, 0x00, 0x00,
  0x00, 0xf1, 0x00, 0xba, 0x00, 0x09, 0x00, 0xf0, 0x00, 0x00, 0x00, 0xfe,
  0xe5, 0x17, 0x00, 0x00, 0x00, 0x10, 0x00, 0x0f, 0x00, 0x00, 0xf8, 0x18,
  0x00, 0xf2, 0x00, 0x00, 0xef, 0x16, 0x00, 0xfa, 0x00, 0x00, 0xf1, 0x00,
  0x00, 0x02, 0x00, 0x00, 0x00, 0x00, 0x00, 0x07, 0x00, 0x00, 0x00, 0x00,
  0x00, 0x09, 0x00, 0x00, 0x00, 0x0f, 0x00, 0x00, 0x00, 0x00, 0x00, 0x00,
  0x00, 0x00, 0x00, 0x00, 0x00, 0x00, 0x00, 0x4b, 0x00, 0x00, 0x00, 0x00,
  0x00, 0x00, 0x00, 0x00, 0x00, 0x00, 0x00, 0x00, 0x00, 0x00, 0x00, 0x0a,
  0x00, 0x54, 0x00, 0xe7, 0xc7, 0x00, 0x00, 0x54, 0x1d, 0x00, 0xca, 0x00,
  0xaa, 0x63, 0x00, 0x00, 0x00, 0x00, 0x00, 0x00, 0x00, 0x00, 0x00, 0x00,
  0x00, 0x54, 0x00, 0x00, 0x00, 0x56, 0x00, 0x00, 0x00, 0x00, 0x00, 0x00,
  0x00, 0x00, 0x2c, 0x00, 0x00, 0x65, 0x00, 0x00, 0x00, 0xbb, 0x00, 0x60,
  0x00, 0x00, 0x00, 0x00, 0x00, 0x00, 0x00, 0x00, 0x00, 0xc2, 0x00, 0x00,
  0xad, 0x00, 0x00, 0xb0, 0x00, 0x00, 0x00, 0x00, 0x00, 0xaf, 0x00, 0x61,
  0x00, 0x00, 0x23, 0x00, 0x00, 0x00, 0x00, 0x00, 0x00, 0x00, 0x00, 0x00,
  0x00, 0x00, 0x00, 0x00, 0x00, 0x00, 0x00, 0x00, 0x26, 0x00, 0x00, 0x04,
  0x00, 0x00, 0x00, 0x00, 0x00, 0x0a, 0x00, 0x3e, 0x20, 0x00, 0x00, 0xf8,
  0xe3, 0x00, 0x00, 0x00, 0x00, 0xed, 0x00, 0x00, 0x00, 0x00, 0x00, 0x11,
  0xd9, 0x00, 0x00, 0x00, 0x00, 0xeb, 0x00, 0x0c, 0x26, 0x00, 0x00, 0xea,
  0x00, 0x05, 0x00, 0x00, 0x00, 0x08, 0xec, 0x00, 0x00, 0x00, 0x00, 0x0a,
  0xde, 0x00, 0x29, 0x00, 0x1a, 0x00, 0xe9, 0x01, 0x00, 0x00, 0x26, 0x00,
  0x00, 0x0a, 0x00, 0x00, 0x24, 0x00, 0x00, 0x05, 0x00, 0x00, 0x00, 0x00,
  0x00, 0xf9, 0x00, 0x00, 0x00, 0x00, 0x00, 0x0a, 0x00, 0x00, 0x00, 0x00,
  0xa7, 0xfe, 0x00, 0x00, 0x00, 0x00, 0x00, 0x00, 0x00, 0x00, 0xe0, 0x00,
  0x00, 0x00, 0x00, 0x00, 0xe1, 0x00, 0x00, 0x00, 0x00, 0xcb, 0x00, 0x00,
  0x00, 0x00, 0x00, 0xc1, 0x00, 0x00, 0x00, 0x50, 0x00, 0x00, 0x00, 0x00,
  0x00, 0x00, 0x00, 0x00, 0x00, 0x00, 0x00, 0x55, 0x00, 0x00, 0x00, 0x05,
  0x00, 0x00, 0x00, 0x00, 0x00, 0x00, 0x00, 0x4f, 0x1b, 0x00, 0x00, 0x00,
  0x00, 0x00, 0x00, 0x00, 0x00, 0x00, 0xe1, 0x00, 0x00, 0x00, 0x04, 0x00,
  0x00, 0x1e, 0x1e, 0x00, 0x20, 0x00, 0x00, 0x00, 0x00, 0x00, 0x11, 0x00,
  0x00, 0x00, 0x00, 0x00, 0x12, 0x00, 0x00, 0x0a, 0x00, 0x00, 0x09, 0x00,
  0x00, 0x00, 0x00, 0x00, 0xf7, 0x00, 0x00, 0x00, 0x00, 0x00, 0x00, 0x00,
  0x00, 0x00, 0x00, 0x00, 0x00, 0x00, 0xaa, 0x00, 0x00, 0x00, 0x00, 0x00,
  0xa8, 0x00, 0x00, 0x00, 0x00, 0x00, 0x00, 0x00, 0x00, 0x00, 0x00, 0x00,
  0x00, 0x00, 0x00, 0x00, 0x00, 0x00, 0x00, 0x00, 0x00, 0x00, 0x00, 0x00,
  0x00, 0x61, 0x00, 0x00, 0x00, 0x0e, 0x00, 0x00, 0x00, 0xb6, 0x00, 0x00,
  0x00, 0x00, 0x26, 0xba, 0xd3, 0x01, 0x00, 0x00, 0x21, 0xbd, 0xd7, 0x00,
  0x00, 0x00, 0x16, 0xc3, 0xd2, 0xfe, 0x00, 0x00, 0x00, 0xdc, 0xdd, 0x00,
  0x00, 0x00, 0x00, 0xd5, 0x00, 0x00, 0x00, 0x00, 0x00, 0xe0, 0x00, 0x00,
  0x00, 0x00, 0x00, 0x00, 0x00, 0x00, 0xdc, 0x00, 0x00, 0x00, 0x00, 0xe7,
  0xda, 0xe5, 0x00, 0x00, 0xde, 0x00, 0x00, 0xe2, 0x00, 0x00, 0x00, 0x28,
  0xde, 0xe4, 0x00, 0x00, 0x00, 0x00, 0x00, 0x00, 0x00, 0x00, 0x00, 0x27,
  0xd7, 0x00, 0x00, 0x00, 0x00, 0x3f, 0xd9, 0x00, 0x00, 0x00, 0x00, 0x33,
  0x00, 0x00, 0x00, 0x00, 0x00, 0x4b, 0xda, 0xef, 0x00, 0x00, 0x00, 0x40,
  0xd9, 0x00, 0x20, 0xd2, 0x00, 0x00, 0x00, 0x00, 0x1f, 0xdb, 0x00, 0x00,
  0x00, 0x00, 0x00, 0x00, 0x00, 0x00, 0x00, 0x00, 0x00, 0x00, 0x00, 0x00,
  0x10, 0x00, 0x00, 0x00, 0x00, 0x00, 0x00, 0x00, 0x00, 0x00, 0x00, 0x00,
  0x00, 0x00, 0x00, 0x00, 0x00, 0x00, 0x00, 0x00, 0x00, 0xd8, 0x00, 0x00,
  0x00, 0x00, 0x00, 0x00, 0x00, 0x22, 0x00, 0x00, 0x00, 0xd4, 0x00, 0x00,
  0xd7, 0x00, 0x00, 0xbc, 0x00, 0x22, 0x00, 0x00, 0x1d, 0xcc, 0x00, 0x00,
  0xd6, 0x00, 0x40, 0xca, 0xdb, 0x00, 0xd9, 0x1e, 0x00, 0x00, 0x00, 0x00,
  0xde, 0x00, 0x00, 0x00, 0xe1, 0x00, 0xcc, 0x00, 0x00, 0x00, 0x00, 0x00,
  0xcf, 0x00, 0x45, 0x00, 0x00, 0x00, 0x00, 0x00, 0x00, 0xde, 0x00, 0x00,
  0x00, 0xec, 0x00, 0x00, 0x00, 0x00, 0x00, 0x00, 0x00, 0x00, 0x00, 0xe6,
  0x00, 0x00, 0x00, 0x00, 0xe2, 0x24, 0x00, 0x00, 0x2c, 0x00, 0xd6, 0x00,
  0x00, 0x00, 0x00, 0x00, 0x00, 0x00, 0x00, 0x00, 0x00, 0x00, 0x00, 0x25,
  0x00, 0x00, 0x00, 0xdd, 0x00, 0x2c, 0x00, 0xd9, 0x00, 0xca, 0x25, 0x00,
  0x00, 0x00, 0x00, 0xd1, 0x00, 0x20, 0x00, 0xd2, 0x1e, 0x00, 0xe9, 0x00,
  0x00, 0xd1, 0x1f, 0x00, 0xe2, 0x00, 0x00, 0xd7, 0x00, 0x00, 0x00, 0x00,
  0x00, 0x00, 0x00, 0x00, 0x00, 0x00, 0x00, 0x00, 0x00, 0x00, 0x00, 0x00,
  0x00, 0xe9, 0x28, 0x00, 0x00, 0x00, 0x00, 0x00, 0x00, 0x00, 0x00, 0x25,
  0xdc, 0xef, 0x00, 0x00, 0x00, 0x00, 0x00, 0x00, 0x00, 0x00, 0xce, 0x00,
  0xd8, 0x00, 0x00, 0xe3, 0xe2, 0x2e, 0x00, 0x00, 0x00, 0xdb, 0xe1, 0x00,
  0xde, 0x00, 0x00, 0x00, 0xe7, 0x00, 0xdc, 0x29, 0x00, 0x00, 0x00, 0x00,
  0x00, 0x00, 0x31, 0xe3, 0x00, 0xf3, 0x00, 0x00, 0x00, 0xcd, 0x00, 0x00,
  0x00, 0x26, 0x26, 0xdb, 0x22, 0x00, 0x00, 0x00, 0x00, 0xca, 0x00, 0x00,
  0x00, 0x00, 0x00, 0x00, 0x00, 0x00, 0x00, 0x00, 0x1a, 0xe6, 0x00, 0x00,
  0x00, 0x00, 0x00, 0x00, 0x00, 0x00, 0x00, 0x00, 0x1f, 0x00, 0x00, 0x00,
  0xd4, 0x00, 0x00, 0xca, 0x00, 0x00, 0xd2, 0x00, 0x00, 0x00, 0x00, 0xed,
  0x00, 0x00, 0x00, 0xdb, 0x00, 0x00, 0x00, 0x00, 0x00, 0xd3, 0x00, 0x00,
  0x00, 0x00, 0x1e, 0xe1, 0x00, 0x00, 0x00, 0x00, 0x00, 0xdf, 0x00, 0x00,
  0x00, 0xeb, 0x00, 0x00, 0x00, 0x21, 0x00, 0xe5, 0x00, 0x00, 0x00, 0x00,
  0x00, 0x00, 0x1c, 0xdb, 0x00, 0x00, 0x00, 0xe4, 0x1e, 0xde, 0x00, 0x00,
  0x00, 0x00, 0x00, 0x00, 0x00, 0x00, 0x00, 0xe8, 0x00, 0x00, 0x00, 0x00,
  0x00, 0x00, 0x00, 0x00, 0x13, 0x00, 0x00, 0xe7, 0x00, 0x00, 0x00, 0x00,
  0xd5, 0x00, 0x00, 0x00, 0x00, 0x00, 0x00, 0x00, 0x21, 0x00, 0xdf, 0x00,
  0xda, 0xe5, 0x00, 0x00, 0x00, 0x00, 0x00, 0x00, 0x00, 0xdb, 0x00, 0x29,
  0xcf, 0x00, 0x00, 0xdc, 0x00, 0x00, 0x00, 0xed, 0x00, 0xd9, 0x00, 0x2b,
  0x00, 0x00, 0x00, 0x00, 0x1f, 0x00, 0x00, 0x00, 0x00, 0x00, 0x00, 0x00,
  0xd3, 0x00, 0x00, 0x00, 0x00, 0x00, 0x00, 0x00, 0x27, 0xdc, 0x00, 0x00,
  0x00, 0x00, 0x00, 0xdf, 0x00, 0x00, 0x00, 0x00, 0x00, 0x00, 0x16, 0x29,
  0x00, 0x20, 0x00, 0x00, 0x00, 0x00, 0x00, 0x00, 0x00, 0x00, 0x00, 0x00,
  0x00, 0x00, 0x1f, 0xcc, 0xea, 0x00, 0x00, 0x00, 0x00, 0xe0, 0x00, 0x00,
  0x00, 0x00, 0x17, 0x00, 0xe9, 0x00, 0x00, 0x00, 0x00, 0x00, 0xe5, 0xe6,
  0xdf, 0x00, 0x00, 0x00, 0x00, 0x00, 0x00, 0x2a, 0x00, 0xdb, 0x00, 0x00,
  0x00, 0x00, 0x00, 0xd9, 0x00, 0x00, 0x00, 0x00, 0x20, 0x00, 0x00, 0x00,
  0x00, 0x00, 0x00, 0x00, 0x00, 0x00, 0x00, 0x22, 0x00, 0x00, 0x00, 0xd2,
  0x00, 0x00, 0x00, 0x00, 0x00, 0xeb, 0x00, 0x00, 0x00, 0x00, 0x00, 0xe4,
  0xd2, 0x00, 0x00, 0x00, 0x25, 0x00, 0x00, 0x00, 0x00, 0x00, 0x00, 0x00,
  0x00, 0x00, 0x00, 0x00, 0x00, 0xe1, 0x00, 0x00, 0x00, 0x00, 0x00, 0x00,
  0x00, 0x00, 0x00, 0x00, 0x00, 0x00, 0x00, 0x00, 0x29, 0x00, 0x00, 0x00,
  0xd3, 0x00, 0x00, 0x00, 0x00, 0x00, 0x00, 0x00, 0x00, 0x00, 0x00, 0x00,
  0x00, 0xf5, 0x00, 0x00, 0x00, 0x15, 0x00, 0xf6, 0x00, 0x00, 0x00, 0x00,
  0x00, 0x00, 0x22, 0x00, 0x00, 0x00, 0x00, 0x00, 0x00, 0x00, 0x00, 0x00,
  0xd4, 0xe1, 0x00, 0x00, 0x00, 0x00, 0x00, 0x00, 0x00, 0x00, 0xe6, 0x00,
  0xd0, 0xf0, 0x00, 0x00, 0x00, 0x16, 0x00, 0xfc, 0x00, 0xc5, 0x00, 0x15,
  0x00, 0xf7, 0x00, 0xd3, 0x00, 0x1a, 0x00, 0x00, 0x00, 0x00, 0x00, 0x00,
  0x00, 0x00, 0x00, 0x00, 0xdd, 0x00, 0x00, 0xf5, 0x2c, 0x00, 0xd9, 0x00,
  0x00, 0x00, 0x21, 0x00, 0x00, 0x00, 0x00, 0x00, 0x00, 0xd3, 0x00, 0xe1,
  0x00, 0x00, 0x00, 0x00, 0x00, 0x00, 0x00, 0x00, 0x00, 0x00, 0x00, 0x00,
  0x00, 0xed, 0xee, 0x00, 0x00, 0x00, 0x03, 0x00, 0x00, 0x00, 0x00, 0x00,
  0xfe, 0x00, 0x28, 0x00, 0xe7, 0x00, 0x00, 0x00, 0xf7, 0x00, 0x00, 0x00,
  0x00, 0xe9, 0x30, 0x00, 0x00, 0x00, 0x00, 0xe6, 0x00, 0x00, 0x00, 0x00,
  0x00, 0x00, 0x00, 0x00, 0x00, 0x00, 0x00, 0xfb, 0x00, 0x00, 0x00, 0x00,
  0x00, 0xff, 0xe0, 0x00, 0xfd, 0x00, 0x00, 0x00, 0x00, 0x00, 0x00, 0x00,
  0x00, 0x00, 0x00, 0x00, 0x00, 0x00, 0x00, 0x35, 0xf6, 0x00, 0x00, 0xe3,
  0x00, 0x00, 0xfd, 0x00, 0x00, 0x00, 0x00, 0x00, 0x00, 0x00, 0xfe, 0x00,
  0x00, 0x00, 0x00, 0x00, 0x00, 0x00, 0xcf, 0x00, 0x00, 0x00, 0xfb, 0x00,
  0x00, 0x00, 0x00, 0x00, 0x00, 0x18, 0x00, 0x38, 0x00, 0x00, 0xfa, 0x00,
  0x00, 0x00, 0x00, 0x00, 0x00, 0x00, 0x00, 0x00, 0x00, 0xcc, 0x31, 0x00,
  0x00, 0x00, 0x00, 0x00, 0x00, 0x00, 0x00, 0x00, 0x00, 0x00, 0xf8, 0x13,
  0x00, 0x00, 0x00, 0x00, 0x00, 0x00, 0x00, 0x00, 0x00, 0x00, 0xf0, 0x00,
  0x00, 0xf2, 0x00, 0x00, 0x00, 0xe5, 0xd0, 0x01, 0x00, 0x00, 0x00, 0x1b,
  0x00, 0x00, 0x00, 0x00, 0x00, 0x00, 0x00, 0x00, 0x00, 0xce, 0x35, 0x00,
  0x00, 0xeb, 0x00, 0x00, 0x35, 0x00, 0x00, 0xf4, 0x00, 0x00, 0x00, 0x00,
  0x00, 0x00, 0x00, 0xd2, 0xea, 0x00, 0x00, 0xf5, 0x00, 0xd7, 0xd0, 0x00,
  0x00, 0x00, 0x00, 0x07, 0xd9, 0xdd, 0x00, 0x00, 0x00, 0x00, 0xdc, 0xe7,
  0x00, 0x00, 0x00, 0x00, 0xf8, 0xde, 0x00, 0x00, 0x00, 0x00, 0x2c, 0xe2,
  0x00, 0x00, 0xf4, 0xd0, 0x00, 0x18, 0x00, 0x00, 0x00, 0x00, 0x00, 0x1c,
  0x00, 0xfa, 0x00, 0xc6, 0xe0, 0x00, 0x00, 0xfa, 0xec, 0xd4, 0x00, 0x00,
  0x00, 0x00, 0x22, 0x00, 0x00, 0x00, 0x00, 0xfa, 0xf2, 0x00, 0x00, 0x00,
  0x00, 0x00, 0x00, 0x00, 0x00, 0x00, 0x00, 0x00, 0x21, 0x00, 0xec, 0x00,
  0xc9, 0x00, 0x00, 0x00, 0x00, 0x00, 0x00, 0x00, 0x1d, 0xd2, 0x1a, 0x00,
  0x00, 0x00, 0x00, 0x00, 0x00, 0x00, 0x00, 0x00, 0x00, 0x00, 0x00, 0x00,
  0x00, 0x00, 0x00, 0x00, 0xef, 0x00, 0x00, 0x00, 0x00, 0x02, 0x00, 0x00,
  0x00, 0x00, 0x00, 0x00, 0x00, 0x00, 0x00, 0x00, 0x00, 0x00, 0xe6, 0x00,
  0x00, 0x00, 0x1a, 0x00, 0xe8, 0x00, 0x01, 0x00, 0x00, 0x00, 0x00, 0x00,
  0x02, 0x00, 0x00, 0x00, 0x00, 0x11, 0x07, 0x00, 0x00, 0x00, 0x00, 0x00,
  0x00, 0xfa, 0x00, 0x00, 0xe7, 0x00, 0x00, 0x00, 0x2f, 0x00, 0xcf, 0x1b,
  0x00, 0xf8, 0x00, 0xd6, 0xe7, 0x00, 0x00, 0xf4, 0x00, 0xd3, 0xe1, 0x1f,
  0x00, 0xf5, 0x00, 0x00, 0xe0, 0x00, 0xcd, 0xf7, 0x00, 0x00, 0xdf, 0x14,
  0x00, 0xfd, 0x00, 0x00, 0xf5, 0x31, 0x00, 0xfc, 0x00, 0x00, 0x00, 0x00,
  0x00, 0x00, 0x00, 0x00, 0x00, 0x00, 0x00, 0xfd, 0x00, 0x00, 0xe1, 0x00,
  0x00, 0x00, 0x00, 0x00, 0xe8, 0x00, 0xc8, 0x00, 0x1c, 0xd5, 0xfa, 0x00,
  0x00, 0x00, 0x00, 0xb9, 0x00, 0x18, 0xcc, 0x00, 0x00, 0xcd, 0x00, 0x00,
  0x00, 0x00, 0x00, 0xd5, 0xf7, 0x19, 0x00, 0x00, 0x00, 0x00, 0xf1, 0x00,
  0x00, 0x02, 0x00, 0x00, 0xfc, 0x00, 0x00, 0xfc, 0x38, 0x00, 0xef, 0x23,
  0x00, 0xfe, 0x00, 0xcc, 0xe6, 0x26, 0x00, 0xf7, 0x00, 0x00, 0x08, 0x41,
  0x00, 0x02, 0x00, 0xda, 0x18, 0x3c, 0x00, 0xf3, 0x00, 0xc3, 0x00, 0x40,
  0x00, 0x00, 0x00, 0xd4, 0x00, 0x34, 0x00, 0x01, 0x00, 0x00, 0x00, 0x32,
  0x00, 0x03, 0x00, 0x00, 0x00, 0x00, 0x00, 0xfa, 0x00, 0x00, 0x00, 0x33,
  0x00, 0x00, 0x00, 0x00, 0x00, 0x00, 0x00, 0xf1, 0x00, 0x00, 0x00, 0x00,
  0xc8, 0x00, 0x00, 0x00, 0x00, 0xfa, 0x00, 0xe6, 0x00, 0x00, 0x00, 0x00,
  0x00, 0xea, 0x00, 0x00, 0x00, 0xf4, 0x00, 0xe4, 0x00, 0x00, 0x00, 0xf7,
  0x00, 0x00, 0x00, 0x00, 0x00, 0x00, 0x00, 0x00, 0x00, 0x00, 0x00, 0x01,
  0xfc, 0x00, 0x00, 0x06, 0x00, 0x00, 0x00, 0x00, 0x00, 0x00, 0x00, 0x00,
  0xfd, 0x00, 0x00, 0x00, 0x00, 0x00, 0x00, 0x00, 0x00, 0x00, 0x00, 0x00,
  0x00, 0x00, 0x00, 0x00, 0x00, 0x00, 0x00, 0x00, 0x00, 0x00, 0x00, 0x00,
  0x00, 0xdc, 0x00, 0x00, 0x00, 0x00, 0x00, 0x00, 0x00, 0x00, 0x00, 0x36,
  0x00, 0x00, 0x1c, 0x00, 0x00, 0x00, 0x00, 0x00, 0x00, 0x00, 0x00, 0x00,
  0xcd, 0x00, 0x00, 0x00, 0x00, 0x00, 0xca, 0x00, 0x00, 0x00, 0x00, 0x00,
  0x00, 0x13, 0x00, 0xd0, 0x00, 0x00, 0xc2, 0x00, 0x00, 0xd5, 0x00, 0x44,
  0x00, 0x00, 0x00, 0x00, 0x00, 0x00, 0xcc, 0x00, 0x00, 0x00, 0x00, 0x41,
  0x00, 0x00, 0x00, 0x00, 0x00, 0x2d, 0x00, 0x1f, 0x00, 0x00, 0x00, 0x00,
  0x00, 0x00, 0x00, 0x00, 0x00, 0x00, 0x00, 0x00, 0x00, 0x00, 0x00, 0x43,
  0xd5, 0x00, 0x00, 0x00, 0x00, 0x47, 0x00, 0x00, 0x00, 0x00, 0x00, 0x00,
  0x00, 0x00, 0x00, 0x00, 0x00, 0x00, 0x00, 0x00, 0x00, 0x00, 0x00, 0x00,
  0x00, 0x00, 0x00, 0x00, 0x00, 0x00, 0x00, 0x00, 0x00, 0x00, 0x00, 0x00,
  0x00, 0x00, 0x00, 0x00, 0x00, 0x00, 0xca, 0x00, 0x00, 0xd0, 0x00, 0xf2,
  0x00, 0x00, 0x00, 0xcd, 0x0a, 0x00, 0xcf, 0x00, 0x00, 0x00, 0x00, 0xf7,
  0xd4, 0x00, 0x00, 0x00, 0x00, 0xf1, 0x00, 0x00, 0x00, 0x00, 0x00, 0xd8,
  0xd9, 0x00, 0x00, 0x00, 0x13, 0xf7, 0x00, 0xf3, 0x00, 0xd4, 0x12, 0x00,
  0x00, 0x00, 0x00, 0xd4, 0x19, 0xf0, 0x00, 0xf2, 0x00, 0xdb, 0x1a, 0x00,
  0x00, 0xef, 0x00, 0x00, 0x0a, 0x00, 0x00, 0xf1, 0x00, 0x00, 0x17, 0x00,
  0x02, 0xe9, 0x21, 0x00, 0x00, 0x00, 0x02, 0xed, 0x00, 0x00, 0x00, 0x00,
  0x00, 0x00, 0x00, 0x00, 0x00, 0xfb, 0x00, 0x00, 0x00, 0x00, 0x0a, 0x00,
  0x00, 0x00, 0x00, 0x00, 0x1d, 0x00, 0x00, 0x00, 0x00, 0xd5, 0x18, 0xfa,
  0x00, 0xed, 0x1e, 0xe3, 0x0f, 0x00, 0xcc, 0x00, 0x00, 0x00, 0x01, 0x00,
  0x00, 0x23, 0x00, 0x00, 0x1e, 0xef, 0x00, 0x23, 0x00, 0x00, 0x00, 0xe4,
  0x00, 0x00, 0x00, 0x00, 0x00, 0x00, 0x00, 0x00, 0x00, 0x00, 0x00, 0x38,
  0x00, 0x00, 0x00, 0x00, 0x00, 0x41, 0x00, 0x00, 0x00, 0x00, 0x00, 0x00,
  0xc4, 0x00, 0x00, 0xc1, 0x2e, 0x3d, 0x00, 0x00, 0x00, 0xb4, 0x2c, 0x50,
  0x00, 0x00, 0x00, 0x9b, 0x00, 0x5c, 0xb9, 0x19, 0x00, 0xaf, 0x00, 0x3e,
  0xcc, 0x00, 0x00, 0xbe, 0xf5, 0x48, 0x00, 0x00, 0x00, 0x00, 0x03, 0x00,
  0xc8, 0x00, 0x29, 0xb8, 0xe6, 0x44, 0xcb, 0x00, 0x00, 0xcd, 0x00, 0x3b,
  0xbe, 0x21, 0x00, 0x00, 0x00, 0x00, 0xbc, 0x00, 0x00, 0xd4, 0x00, 0x00,
  0x00, 0x1f, 0x00, 0xcc, 0x00, 0x00, 0xcf, 0x00, 0x00, 0xcd, 0x00, 0x00,
  0x00, 0x00, 0x00, 0xd8, 0x00, 0x00, 0x00, 0x00, 0x00, 0x00, 0x00, 0xe3,
  0x00, 0x00, 0x00, 0x00, 0x00, 0xed, 0x00, 0x00, 0x00, 0x00, 0x00, 0xec,
  0x00, 0x00, 0x00, 0x00, 0x00, 0x00, 0x0b, 0x00, 0x00, 0x00, 0x00, 0xeb,
  0x00, 0xef, 0x00, 0x00, 0x00, 0xed, 0x11, 0x00, 0x00, 0x00, 0x00, 0x00,
  0x00, 0x00, 0x00, 0x00, 0x00, 0x00, 0x00, 0x00, 0x00, 0x00, 0x00, 0x00,
  0x00, 0xd9, 0x00, 0x00, 0xd4, 0x00, 0x11, 0xd3, 0x00, 0x00, 0xd8, 0x00,
  0x00, 0xe4, 0x00, 0x00, 0xe1, 0x00, 0x00, 0x00, 0x00, 0xf9, 0xdd, 0x00,
  0x00, 0x00, 0x00, 0x00, 0xd9, 0x00, 0x00, 0x00, 0x1f, 0x00, 0x00, 0x00,
  0x00, 0x00, 0x1c, 0x00, 0x00, 0x00, 0xd5, 0x00, 0x00, 0x00, 0x00, 0x00,
  0x00, 0x23, 0x00, 0x00, 0x00, 0x00, 0x00, 0x26, 0x00, 0x00, 0x01, 0x00,
  0xd7, 0x00, 0x00, 0x00, 0x0c, 0x00, 0x00, 0x00, 0x00, 0x00, 0x00, 0xe6,
  0x00, 0x00, 0xe8, 0x00, 0x00, 0x00, 0x00, 0x00, 0xe6, 0x00, 0x00, 0x00,
  0x00, 0x00, 0x00, 0x00, 0x00, 0x00, 0x00, 0x00, 0x00, 0x00, 0x00, 0xe6,
  0x00, 0x00, 0x00, 0x17, 0x00, 0x00, 0x00, 0x00, 0x00, 0x00, 0x00, 0x00,
  0x00, 0xe7, 0x00, 0x00, 0x00, 0x00, 0x16, 0x00, 0x00, 0x15, 0x00, 0x00,
  0x00, 0x00, 0x00, 0x00, 0x00, 0x00, 0x00, 0xe9, 0x00, 0x17, 0x00, 0x00,
  0x00, 0x00, 0x00, 0x1e, 0x00, 0x00, 0x00, 0xe7, 0x00, 0x19, 0x00, 0x00,
  0x00, 0xe6, 0xe7, 0x00, 0x00, 0x00, 0x00, 0x00, 0x00, 0x00, 0x17, 0x00,
  0x00, 0x00, 0x00, 0x16, 0x00, 0x00, 0x00, 0xe9, 0xea, 0x00, 0x00, 0x00,
  0x00, 0x00, 0x00, 0x16, 0x00, 0x00, 0x00, 0x00, 0x00, 0x1a, 0x00, 0x00,
  0x00, 0x00, 0x00, 0x00, 0x00, 0x00, 0x00, 0x00, 0x00, 0x00, 0x00, 0x00,
  0x18, 0xe5, 0x00, 0x00, 0x00, 0x00, 0x00, 0xe7, 0x00, 0x00, 0x00, 0x00,
  0x00, 0x00, 0xe6, 0x00, 0x00, 0xe4, 0x00, 0x00, 0x00, 0x00, 0x00, 0xe6,
  0x00, 0x00, 0x00, 0x00, 0x00, 0xea, 0x00, 0x00, 0x00, 0x00, 0x00, 0xe3,
  0x1a, 0x00, 0x00, 0x17, 0x00, 0x00, 0x00, 0x00, 0x00, 0x00, 0x00, 0xe8,
  0x00, 0x00, 0x00, 0x00, 0x00, 0xe7, 0x00, 0xe9, 0xe4, 0x00, 0x00, 0x00,
  0x00, 0xea, 0xe8, 0x00, 0x00, 0x00, 0x00, 0x00, 0x00, 0x00, 0x00, 0x00,
  0x19, 0x00, 0x00, 0x00, 0x00, 0x00, 0x16, 0x00, 0x00, 0x00, 0x00, 0x00,
  0x00, 0x00, 0x00, 0x00, 0x00, 0x00, 0x00, 0x00, 0x00, 0x00, 0x00, 0x00,
  0x00, 0xe7, 0x00, 0x00, 0x00, 0x00, 0x18, 0x00, 0x00, 0x00, 0x00, 0x00,
  0x00, 0x00, 0x00, 0x00, 0x00, 0x00, 0x00, 0x00, 0x00, 0x00, 0x00, 0x00,
  0x16, 0x00, 0x00, 0x00, 0x00, 0xe7, 0x00, 0x00, 0x00, 0x17, 0x00, 0xe3,
  0x00, 0xea, 0x00, 0x00, 0x00, 0x00, 0x00, 0x00, 0x00, 0x00, 0x00, 0x00,
  0x00, 0xe7, 0x00, 0x17, 0x00, 0x00, 0x00, 0x00, 0x00, 0x00, 0x18, 0x00,
  0x00, 0x00, 0x00, 0x00, 0x00, 0x00, 0x00, 0x00, 0x00, 0x00, 0x00, 0x00,
  0x00, 0x00, 0x00, 0x00, 0x00, 0xea, 0x00, 0x00, 0x00, 0x00, 0x00, 0x00,
  0x00, 0x00, 0x00, 0x00, 0x00, 0xeb, 0x00, 0x00, 0x00, 0x00, 0x00, 0x00,
  0x00, 0x00, 0x00, 0x00, 0x00, 0x00, 0x17, 0x00, 0x00, 0x00, 0x00, 0x00,
  0x00, 0x00, 0x00, 0x1c, 0x00, 0x00, 0x00, 0x00, 0x00, 0x00, 0x00, 0x00,
  0x00, 0x00, 0xe6, 0x1b, 0x00, 0x00, 0x00, 0x00, 0x00, 0x00, 0x00, 0x00,
  0x00, 0x00, 0x00, 0x00, 0x00, 0x00, 0x00, 0xe8, 0x00, 0x19, 0x00, 0x00,
  0x00, 0x00, 0x00, 0x00, 0x00, 0x00, 0x00, 0x00, 0x00, 0x00, 0x00, 0x00,
  0x00, 0x00, 0x00, 0x1d, 0x00, 0x00, 0x00, 0x00, 0x00, 0x00, 0x00, 0x00,
  0x00, 0x00, 0x00, 0x00, 0x00, 0x00, 0x00, 0x00, 0x15, 0x18, 0x00, 0x00,
  0x00, 0x00, 0x00, 0x00, 0x00, 0x00, 0x00, 0x00, 0x00, 0x00, 0x00, 0x00,
  0x00, 0x00, 0xe4, 0x00, 0x00, 0x00, 0x00, 0x00, 0x00, 0x00, 0xea, 0x00,
  0x00, 0x00, 0x00, 0x00, 0x00, 0x00, 0x00, 0x00, 0x00, 0x00, 0x00, 0x00,
  0x00, 0x00, 0x00, 0x00, 0x00, 0x00, 0x00, 0x00, 0x00, 0x00, 0x00, 0x00,
  0x00, 0x00, 0x00, 0x00, 0x00, 0x00, 0x00, 0x00, 0x00, 0x1c, 0x00, 0x00,
  0x00, 0x00, 0x00, 0x00, 0x00, 0x00, 0x00, 0x00, 0x00, 0x00, 0x00, 0x00,
  0x00, 0x00, 0xea, 0x00, 0x00, 0x00, 0x00, 0xe7, 0x00, 0x00, 0x00, 0x00,
  0x00, 0x00, 0x00, 0x00, 0x00, 0x00, 0x00, 0x00, 0x00, 0x00, 0x00, 0x00,
  0x00, 0x00, 0x00, 0x00, 0x00, 0xe5, 0x00, 0xe4, 0x00, 0x00, 0x00, 0x00,
  0x00, 0xe5, 0xe9, 0x00, 0x00, 0x00, 0x00, 0x00, 0x00, 0x00, 0x00, 0x00,
  0x00, 0x00, 0xe6, 0x00, 0x00, 0x00, 0x00, 0x00, 0x00, 0x00, 0x00, 0xe8,
  0x00, 0x00, 0x00, 0x00, 0x00, 0x00, 0x00, 0x00, 0x00, 0x00, 0x00, 0x00,
  0x00, 0x00, 0x00, 0x00, 0x00, 0x00, 0x00, 0xe8, 0x00, 0x17, 0x00, 0x00,
  0x00, 0x00, 0x00, 0x00, 0x00, 0x00, 0x00, 0x00, 0x00, 0x00, 0x00, 0x00,
  0x00, 0x00, 0x00, 0x17, 0x00, 0x00, 0x00, 0x00, 0x00, 0x1d, 0x00, 0x00,
  0x00, 0x00, 0x00, 0x1c, 0x00, 0x00, 0x00, 0x00, 0x00, 0x00, 0x00, 0x00,
  0x00, 0x00, 0x00, 0x00, 0x00, 0x00, 0x00, 0x00, 0x00, 0x00, 0x00, 0x00,
  0x00, 0x00, 0x00, 0x00, 0x00, 0x00, 0x00, 0x00, 0x00, 0x00, 0x00, 0x00,
  0x00, 0x00, 0x00, 0x00, 0x00, 0x00, 0x00, 0x00, 0x00, 0x00, 0x00, 0x00,
  0x00, 0x00, 0x00, 0x00, 0x00, 0x00, 0x00, 0x00, 0x00, 0x00, 0x3b, 0x00,
  0x00, 0x00, 0x00, 0x00, 0x41, 0x00, 0x00, 0x00, 0x00, 0x00, 0x42, 0x00,
  0x00, 0x09, 0x00, 0x00, 0x3c, 0x00, 0x00, 0x00, 0x00, 0x00, 0x2c, 0x00,
  0x00, 0x00, 0x00, 0x00, 0x00, 0xff, 0x00, 0x00, 0x00, 0x00, 0x00, 0x08,
  0x30, 0x00, 0x00, 0x00, 0x11, 0x00, 0x00, 0x00, 0x00, 0x00, 0xd1, 0x00,
  0x00, 0x00, 0x00, 0x00, 0x00, 0x00, 0x00, 0x00, 0x00, 0x00, 0x00, 0x00,
  0x00, 0x00, 0xf6, 0x00, 0xbb, 0x0a, 0x00, 0x00, 0x00, 0x00, 0xd3, 0x00,
  0x00, 0x00, 0x00, 0x00, 0x00, 0x00, 0x30, 0x00, 0x00, 0x00, 0xe2, 0x00,
  0x2c, 0x00, 0x00, 0x00, 0xe4, 0x06, 0x00, 0x00, 0x00, 0x00, 0xe1, 0x00,
  0x00, 0x4a, 0x00, 0x00, 0x00, 0x00, 0x00, 0x51, 0x00, 0x00, 0xf9, 0x00,
  0x00, 0x00, 0x00, 0x00, 0x00, 0x0f, 0x00, 0x40, 0x00, 0x00, 0x00, 0x00,
  0x00, 0x00, 0x00, 0x00, 0x00, 0x00, 0x00, 0x00, 0x00, 0x00, 0x00, 0x0f,
  0x00, 0x52, 0x00, 0x00, 0x00, 0x00, 0x00, 0x5a, 0x00, 0x00, 0x00, 0x00,
  0x00, 0x57, 0xe8, 0x00, 0x00, 0x00, 0x00, 0x00, 0x00, 0x00, 0x00, 0x00,
  0x00, 0x00, 0xea, 0x00, 0x00, 0x00, 0x00, 0x4c, 0x00, 0x00, 0x00, 0x48,
  0x00, 0x00, 0x00, 0x00, 0x00, 0x3d, 0x00, 0x44, 0x16, 0x00, 0x00, 0x00,
  0x00, 0x00, 0x00, 0x00, 0xee, 0x00, 0x00, 0x00, 0x00, 0x00, 0x00, 0x00,
  0x00, 0x00, 0x00, 0x00, 0x00, 0x00, 0x00, 0x00, 0x00, 0x00, 0x00, 0x00,
  0x00, 0x00, 0x00, 0x00, 0x00, 0x00, 0xf5, 0x00, 0x00, 0x00, 0x00, 0x00,
  0x00, 0x00, 0x00, 0x00, 0x00, 0x00, 0x00, 0x00, 0x00, 0xd2, 0x00, 0x00,
  0x00, 0x00, 0x00, 0x00, 0x00, 0x00, 0x00, 0x00, 0x00, 0x00, 0x00, 0x00,
  0x00, 0x00, 0x00, 0x00, 0x00, 0x07, 0x00, 0x00, 0x00, 0x0e, 0x00, 0x00,
  0x00, 0x00, 0x3e, 0x00, 0x00, 0x00, 0x00, 0x00, 0x00, 0x00, 0x00, 0x00,
  0x00, 0x00, 0x00, 0x00, 0x00, 0x00, 0x00, 0x00, 0x00, 0x00, 0x00, 0x00,
  0x00, 0x00, 0x00, 0x00, 0xc3, 0x00, 0x00, 0x00, 0x00, 0x00, 0xcc, 0x0e,
  0x00, 0x00, 0x00, 0x00, 0xcd, 0x0b, 0x00, 0x00, 0x00, 0x00, 0xd3, 0x00,
  0x00, 0x00, 0x00, 0x00, 0xc6, 0x00, 0x00, 0x49, 0x00, 0x00, 0x00, 0x00,
  0x00, 0x44, 0x00, 0x00, 0x00, 0x0b, 0x00, 0x00, 0x00, 0x00, 0x00, 0x00,
  0x00, 0x00, 0x35, 0x00, 0x00, 0x10, 0x00, 0x46, 0x00, 0x00, 0xda, 0x00,
  0x00, 0x00, 0x00, 0x00, 0x00, 0x00, 0x00, 0x40, 0x00, 0x00, 0xe3, 0x00,
  0x00, 0x4f, 0x00, 0x00, 0xe0, 0x00, 0x00, 0x00, 0x00, 0x00, 0xd8, 0x00,
  0x00, 0x46, 0x00, 0x00, 0x00, 0x00, 0x00, 0x45, 0x00, 0x00, 0x00, 0x00,
  0x00, 0x00, 0x00, 0x00, 0x00, 0x46, 0x00, 0x00, 0x00, 0x00, 0x00, 0x00,
  0x00, 0x00, 0x00, 0x00, 0xe8, 0x00, 0x00, 0x00, 0x00, 0x00, 0x00, 0x00,
  0x00, 0x00, 0x00, 0x00, 0x00, 0x00, 0x00, 0x00, 0xfd, 0x00, 0x25, 0x00,
  0x00, 0x00, 0x00, 0x00, 0x30, 0x00, 0x00, 0x00, 0x00, 0x00, 0x00, 0x3e,
  0x00, 0x00, 0x00, 0x00, 0x19, 0x00, 0x00, 0x00, 0x00, 0x00, 0x00, 0x00,
  0x00, 0x00, 0x00, 0x00, 0x06, 0x00, 0x00, 0x00, 0x00, 0x00, 0x00, 0x08,
  0x00, 0x00, 0x00, 0x00, 0x13, 0x00, 0x00, 0x00, 0x00, 0x00, 0x00, 0x00,
  0x4d, 0x00, 0x00, 0x00, 0x00, 0x00, 0x00, 0x00, 0x00, 0x00, 0x00, 0x00,
  0x45, 0x00, 0x00, 0x00, 0x00, 0x00, 0x00, 0x00, 0x00, 0x00, 0x00, 0x00,
  0x00, 0x00, 0x00, 0x00, 0x00, 0x00, 0x00, 0xfc, 0x00, 0x00, 0x00, 0x00,
  0x49, 0x00, 0x00, 0x00, 0x00, 0x00, 0x00, 0x00, 0x00, 0x00, 0xd4, 0x00,
  0x00, 0x00, 0x00, 0x00, 0x00, 0x00, 0x00, 0x00, 0x00, 0x00, 0xcc, 0x00,
  0x00, 0x00, 0x00, 0x00, 0x00, 0x00, 0x00, 0x00, 0x00, 0x00, 0x00, 0x00,
  0x00, 0x00, 0x00, 0x00, 0xd8, 0x00, 0x00, 0x48, 0x00, 0x00, 0x00, 0x00,
  0x00, 0x5d, 0x00, 0x00, 0x00, 0x0a, 0x00, 0x47, 0x00, 0x00, 0x00, 0x00,
  0x00, 0x64, 0x00, 0x00, 0x00, 0x00, 0x00, 0x00, 0x00, 0xea, 0xde, 0x00,
  0x00, 0x00, 0x00, 0xe5, 0x00, 0xca, 0x00, 0x00, 0x00, 0x00, 0x00, 0xc0,
  0x00, 0x00, 0x00, 0x00, 0x00, 0xd3, 0x00, 0xf0, 0x00, 0x00, 0x00, 0x00,
  0x00, 0x00, 0x00, 0x20, 0x00, 0x00, 0x00, 0x00, 0x00, 0x00, 0xd8, 0x00,
  0x00, 0x00, 0x00, 0x00, 0xe3, 0x00, 0xe4, 0x00, 0x00, 0x00, 0x00, 0x24,
  0xe0, 0x00, 0x00, 0x00, 0x00, 0x00, 0x00, 0x00, 0x00, 0x00, 0x00, 0x00,
  0xdc, 0x00, 0x00, 0xe5, 0x00, 0x00, 0x00, 0x00, 0x00, 0x00, 0x00, 0x00,
  0x00, 0x00, 0x00, 0x00, 0xdc, 0x00, 0x00, 0x00, 0x00, 0x00, 0xd6, 0x00,
  0x00, 0x00, 0x2a, 0x00, 0x00, 0x16, 0xde, 0x00, 0x00, 0x00, 0x00, 0x00,
  0x00, 0x00, 0xdd, 0x00, 0x00, 0x00, 0x00, 0x00, 0x00, 0x00, 0x00, 0x00,
  0x00, 0x00, 0x00, 0x00, 0xec, 0x12, 0x00, 0x00, 0x00, 0x00, 0x00, 0x00,
  0x00, 0xec, 0x00, 0x00, 0xdc, 0x00, 0x00, 0xe4, 0x00, 0x00, 0xe3, 0x00,
  0x00, 0x00, 0x00, 0x00, 0x00, 0x00, 0x00, 0xe9, 0x00, 0x00, 0x00, 0x00,
  0x00, 0x00, 0x00, 0x00, 0x00, 0x00, 0x00, 0x00, 0x00, 0x00, 0x00, 0xca,
  0x00, 0x00, 0x00, 0xdc, 0x00, 0x00, 0x00, 0x00, 0x00, 0x00, 0x00, 0x00,
  0x00, 0xe8, 0x00, 0x00, 0x00, 0x00, 0x00, 0xdd, 0x00, 0x00, 0xcd, 0xd7,
  0x00, 0x00, 0x00, 0x00, 0x00, 0x00, 0x00, 0xe3, 0x00, 0x00, 0x00, 0xd1,
  0x00, 0x00, 0x00, 0x00, 0x00, 0x00, 0x00, 0xf5, 0x00, 0x00, 0x00, 0x00,
  0x00, 0x00, 0x00, 0xed, 0x00, 0x0e, 0x00, 0x00, 0x00, 0xee, 0x00, 0x00,
  0x00, 0x00, 0x00, 0x00, 0xca, 0x00, 0x00, 0x00, 0x00, 0x00, 0xd0, 0x00,
  0x00, 0xfc, 0x00, 0x00, 0xd8, 0x00, 0x00, 0x00, 0x00, 0x00, 0xd8, 0x00,
  0x00, 0xf8, 0x00, 0x00, 0x00, 0x00, 0x00, 0x00, 0x00, 0x00, 0x00, 0x00,
  0x00, 0x00, 0x00, 0x00, 0x00, 0x00, 0x00, 0x00, 0x00, 0x00, 0x00, 0x00,
  0x00, 0x00, 0x00, 0x00, 0x00, 0x00, 0x00, 0x00, 0x00, 0x00, 0x00, 0x00,
  0x00, 0x00, 0x00, 0x00, 0xe6, 0x00, 0x00, 0x38, 0x0e, 0x00, 0xe8, 0x00,
  0x00, 0x00, 0x00, 0x00, 0xd5, 0x00, 0x00, 0x00, 0x00, 0x00, 0xd3, 0x00,
  0xdf, 0x00, 0x1f, 0xe8, 0x00, 0x00, 0x00, 0x00, 0x00, 0xe4, 0x00, 0x16,
  0x00, 0x00, 0x00, 0x00, 0x00, 0x00, 0x00, 0xfa, 0x17, 0x00, 0x00, 0x00,
  0x00, 0xef, 0x00, 0x00, 0x00, 0x15, 0x00, 0x00, 0x00, 0x00, 0x00, 0x00,
  0x00, 0x00, 0x00, 0x00, 0xea, 0x00, 0x00, 0x00, 0x00, 0x1b, 0x00, 0x00,
  0x00, 0xf5, 0x00, 0x00, 0x00, 0x00, 0x00, 0x00, 0x00, 0x00, 0x00, 0x00,
  0x00, 0x00, 0x00, 0x00, 0x00, 0x00, 0x17, 0x00, 0x00, 0x00, 0x00, 0x00,
  0x00, 0x00, 0x00, 0x00, 0x00, 0x00, 0x00, 0x00, 0x00, 0x00, 0xf3, 0x00,
  0x00, 0x00, 0x00, 0x00, 0xe7, 0x00, 0x00, 0x00, 0x00, 0x00, 0x00, 0x00,
  0x1b, 0x00, 0x00, 0xef, 0x13, 0x00, 0x00, 0x00, 0x00, 0x00, 0x16, 0x00,
  0x00, 0x00, 0x00, 0x27, 0x00, 0x00, 0x00, 0x00, 0x00, 0x00, 0xc7, 0x00,
  0x00, 0x00, 0x00, 0x00, 0x00, 0x00, 0x00, 0xfc, 0x00, 0x00, 0x00, 0x00,
  0x00, 0x00, 0x00, 0x00, 0x00, 0x00, 0x00, 0x00, 0x00, 0x00, 0x00, 0x00,
  0x00, 0x00, 0x00, 0xe5, 0x00, 0x00, 0xe5, 0x00, 0x00, 0x00, 0x00, 0x11,
  0xe2, 0x00, 0x00, 0x00, 0xd3, 0x1d, 0x00, 0x00, 0x00, 0x00, 0xcf, 0x22,
  0x00, 0x00, 0x00, 0x00, 0xbf, 0x00, 0x00, 0x00, 0x00, 0x00, 0x00, 0x16,
  0x00, 0x00, 0x00, 0x00, 0x00, 0x00, 0x00, 0x00, 0x00, 0x00, 0x00, 0x00,
  0x00, 0x00, 0x00, 0x00, 0x00, 0x00, 0x00, 0x00, 0x24, 0x00, 0x00, 0x19,
  0x00, 0x00, 0x00, 0x00, 0x00, 0x00, 0x00, 0x00, 0x00, 0x00, 0x00, 0x00,
  0x00, 0x00, 0x12, 0xe3, 0x00, 0x00, 0x00, 0x00, 0x00, 0x00, 0x00, 0x00,
  0x00, 0x00, 0x00, 0x00, 0x00, 0x00, 0xdf, 0x00, 0x00, 0xe1, 0x00, 0x00,
  0x00, 0x00, 0x00, 0xe5, 0x00, 0x00, 0x00, 0x00, 0x00, 0xdd, 0x00, 0x00,
  0x00, 0x00, 0x00, 0x00, 0x00, 0x00, 0x00, 0x00, 0x00, 0x00, 0x00, 0x00,
  0x00, 0x00, 0x00, 0x00, 0x00, 0x00, 0x18, 0x00, 0x00, 0x1b, 0x00, 0x00,
  0x00, 0x00, 0x00, 0x1d, 0x00, 0xd9, 0x00, 0x00, 0x00, 0x00, 0x00, 0xd6,
  0x00, 0x00, 0x00, 0x00, 0x00, 0xe0, 0x00, 0x00, 0x00, 0x00, 0x00, 0x00,
  0x00, 0x00, 0x00, 0x00, 0x00, 0x00, 0x00, 0x00, 0x00, 0x00, 0x00, 0x00,
  0x21, 0x1d, 0x00, 0x00, 0x00, 0xed, 0x28, 0x00, 0x00, 0x00, 0x00, 0x00,
  0x00, 0x00, 0x00, 0x26, 0x31, 0x00, 0x00, 0x00, 0x00, 0x00, 0x00, 0x00,
  0x2f, 0x00, 0x00, 0x00, 0x2e, 0x00, 0x00, 0x1e, 0x00, 0x00, 0x29, 0x00,
  0x00, 0x00, 0x00, 0x00, 0x00, 0x00, 0x00, 0x00, 0x00, 0x00, 0x2f, 0x00,
  0x00, 0x00, 0x00, 0x00, 0x00, 0x00, 0x00, 0x00, 0x00, 0x2c, 0x00, 0x00,
  0x00, 0x00, 0x00, 0x00, 0x00, 0x00, 0x00, 0x00, 0x00, 0x00, 0x00, 0x00,
  0x21, 0x00, 0x00, 0x00, 0x00, 0x00, 0x23, 0x00, 0x00, 0x00, 0x32, 0x00,
  0x00, 0x00, 0x00, 0x2a, 0x00, 0x00, 0x00, 0x00, 0x00, 0x00, 0x32, 0x00,
  0x00, 0x20, 0x00, 0x23, 0x00, 0x00, 0x00, 0x00, 0x00, 0x00, 0x00, 0x00,
  0x00, 0x1e, 0x00, 0x00, 0x27, 0x00, 0x24, 0x00, 0x00, 0x00, 0x00, 0x00,
  0x00, 0x00, 0x00, 0x26, 0x00, 0x00, 0x00, 0x00, 0x00, 0x23, 0x00, 0x00,
  0x00, 0x00, 0x00, 0x00, 0x00, 0x00, 0x00, 0x00, 0x2a, 0x23, 0x27, 0x00,
  0x20, 0x00, 0x00, 0x00, 0x00, 0x00, 0x00, 0x00, 0x28, 0x24, 0x00, 0x00,
  0x00, 0x00, 0x00, 0x2a, 0x00, 0x00, 0x00, 0x00, 0x00, 0x00, 0x00, 0x00,
  0x29, 0x00, 0x00, 0x00, 0x00, 0x00, 0x26, 0x00, 0x00, 0x2d, 0x00, 0x00,
  0x20, 0x00, 0x27, 0x00, 0x00, 0x00, 0x00, 0x00, 0x00, 0x00, 0x00, 0x00,
  0x00, 0x00, 0x00, 0x00, 0x00, 0xef, 0x00, 0x1e, 0xec, 0x20, 0x00, 0x00,
  0x00, 0x00, 0x00, 0x00, 0x00, 0x00, 0x2e, 0x00, 0x00, 0x25, 0x00, 0x00,
  0x26, 0x00, 0x00, 0x00, 0x2b, 0x00, 0x00, 0x00, 0x00, 0x23, 0x00, 0x00,
  0x00, 0x1c, 0x00, 0x00, 0x00, 0x00, 0x25, 0x00, 0x00, 0x00, 0x00, 0x00,
  0x00, 0x00, 0x31, 0x00, 0x00, 0x00, 0x00, 0x00, 0x00, 0x00, 0x00, 0x00,
  0x00, 0x00, 0x00, 0x2b, 0x00, 0x00, 0x24, 0x00, 0x00, 0x00, 0x00, 0x00,
  0x2c, 0x00, 0x00, 0x00, 0x2e, 0x00, 0x00, 0x00, 0x2d, 0x00, 0x00, 0x00,
  0x25, 0x00, 0x00, 0x00, 0x00, 0x00, 0x00, 0x1f, 0x27, 0x00, 0x00, 0x00,
  0x2a, 0x00, 0x00, 0x31, 0x00, 0x00, 0x24, 0x00, 0x00, 0x00, 0x00, 0x00,
  0x00, 0x00, 0x00, 0x00, 0x00, 0x00, 0x29, 0x00, 0x00, 0x00, 0x00, 0x00,
  0x00, 0x00, 0x00, 0x00, 0x00, 0x1e, 0x00, 0x1b, 0xf4, 0x00, 0x00, 0x00,
  0x00, 0x00, 0x00, 0x00, 0x00, 0x00, 0x00, 0x00, 0x00, 0x00, 0x27, 0x1d,
  0x00, 0x00, 0xf7, 0x00, 0x00, 0x00, 0x00, 0x00, 0x00, 0x00, 0x00, 0x1c,
  0x00, 0x00, 0xf9, 0x26, 0x00, 0x00, 0x24, 0x1e, 0x00, 0x00, 0x2a, 0x00,
  0x00, 0x00, 0x00, 0x00, 0x00, 0x00, 0x26, 0x00, 0x00, 0x00, 0x00, 0x1d,
  0x00, 0x00, 0x00, 0x00, 0x00, 0x00, 0x30, 0x00, 0x00, 0x00, 0x00, 0x00,
  0x2a, 0x00, 0xf9, 0x00, 0x00, 0x00, 0x26, 0x00, 0x00, 0x22, 0x00, 0x00,
  0x26, 0x00, 0x00, 0x00, 0x00, 0x00, 0x2d, 0x00, 0x00, 0x00, 0x00, 0x00,
  0x00, 0x00, 0xf6, 0x25, 0x2c, 0x00, 0x25, 0x00, 0x00, 0x00, 0x00, 0x00,
  0x00, 0x00, 0x00, 0x00, 0x00, 0x00, 0x24, 0x00, 0x27, 0x00, 0x00, 0x00,
  0x26, 0x00, 0x00, 0x00, 0x00, 0x00, 0x00, 0x00, 0x00, 0x29, 0x00, 0x00,
  0x00, 0x00, 0x00, 0x27, 0x2c, 0x00, 0x2e, 0x00, 0x00, 0x00, 0x2e, 0x00,
  0x00, 0x00, 0x00, 0x00, 0x27, 0x00, 0x00, 0x00, 0x00, 0x00, 0x00, 0x00,
  0x21, 0x00, 0x00, 0x2b, 0x2b, 0x00, 0x22, 0x00, 0x00, 0x00, 0x00, 0x00,
  0x2e, 0x00, 0x00, 0x00, 0x42, 0x00, 0x00, 0x00, 0x00, 0x00, 0x2c, 0x00,
  0x00, 0x00, 0x00, 0x00, 0xf8, 0x00, 0x26, 0x00, 0x00, 0x00, 0x00, 0x00,
  0x00, 0x00, 0x00, 0x26, 0x00, 0x00, 0x00, 0x00, 0x00, 0x00, 0x00, 0x00,
  0x00, 0x00, 0x00, 0x29, 0xf8, 0x00, 0x25, 0x00, 0x27, 0x00, 0x00, 0x00,
  0x00, 0x00, 0x00, 0x00, 0x00, 0x00, 0x00, 0x00, 0x2a, 0x00, 0x00, 0x00,
  0x00, 0x1e, 0xf9, 0x00, 0x00, 0x00, 0x28, 0x00, 0x00, 0x00, 0x00, 0x00,
  0x00, 0x00, 0x00, 0x24, 0x2e, 0x1e, 0x2c, 0x00, 0x00, 0x00, 0x00, 0x00,
  0x00, 0x00, 0xf7, 0x00, 0x00, 0x00, 0x00, 0x1c, 0x00, 0x00, 0x2b, 0x00,
  0x28, 0x00, 0xf9, 0x00, 0x00, 0x00, 0x27, 0x00, 0x00, 0x00, 0x00, 0x00,
  0x00, 0x00, 0x00, 0x00, 0x00, 0xc9, 0x00, 0x09, 0x00, 0x00, 0x00, 0x00,
  0x00, 0x00, 0x00, 0x00, 0x00, 0xc3, 0x00, 0x00, 0x00, 0x00, 0x00, 0x00,
  0x00, 0x00, 0x00, 0x00, 0x00, 0x00, 0x1e, 0x00, 0x00, 0x00, 0x00, 0xb7,
  0x00, 0x00, 0x00, 0x00, 0x00, 0xbc, 0x00, 0x00, 0x00, 0x00, 0x00, 0x00,
  0x1b, 0x00, 0x00, 0x00, 0x00, 0x00, 0x00, 0xd9, 0xe5, 0x00, 0x00, 0x00,
  0x00, 0xd3, 0x00, 0xdf, 0x00, 0x03, 0x00, 0xdb, 0x00, 0xc9, 0x00, 0x00,
  0x00, 0xd9, 0x00, 0xde, 0x00, 0x01, 0x00, 0xd6, 0x00, 0x00, 0x00, 0x00,
  0x00, 0x00, 0x00, 0x00, 0xef, 0x00, 0x00, 0x00, 0x00, 0x00, 0xe7, 0x03,
  0x00, 0x12, 0x00, 0x00, 0xe8, 0x00, 0x00, 0x13, 0x00, 0x00, 0xe3, 0x00,
  0x00, 0x1a, 0x00, 0x00, 0xe5, 0xcd, 0x00, 0x00, 0x00, 0x00, 0xfb, 0xc5,
  0x00, 0x06, 0x00, 0x00, 0x00, 0xca, 0x1e, 0x13, 0xd4, 0x00, 0x00, 0x00,
  0x21, 0x00, 0x00, 0x2c, 0x00, 0x00, 0x00, 0x00, 0x00, 0x00, 0x00, 0x00,
  0x00, 0x00, 0x00, 0x00, 0x00, 0x00, 0x00, 0x00, 0x00, 0x21, 0x00, 0x10,
  0x00, 0x00, 0x00, 0x00, 0xe4, 0x0f, 0x00, 0x00, 0x00, 0x00, 0x00, 0x00,
  0x00, 0x00, 0x00, 0x00, 0x00, 0x00, 0x00, 0x00, 0x00, 0x00, 0x17, 0x00,
  0x00, 0x00, 0x00, 0x00, 0x00, 0x00, 0x00, 0x00, 0x00, 0x00, 0xeb, 0x00,
  0x00, 0x00, 0x00, 0x00, 0x00, 0x00, 0x00, 0x00, 0x00, 0x00, 0xf5, 0x00,
  0x00, 0x00, 0x00, 0x00, 0xfe, 0x00, 0x00, 0x00, 0x00, 0x00, 0x00, 0x00,
  0x00, 0x00, 0xda, 0x00, 0x34, 0x00, 0x00, 0x00, 0x00, 0x00, 0x39, 0x00,
  0x00, 0x00, 0x00, 0x00, 0x00, 0x00, 0x00, 0x00, 0x00, 0x00, 0x00, 0x00,
  0x00, 0xff, 0x00, 0x00, 0x2d, 0x00, 0x00, 0x05, 0x00, 0x00, 0x25, 0x00,
  0x00, 0x07, 0x00, 0x00, 0x30, 0xc7, 0x21, 0x00, 0x00, 0x00, 0x1a, 0xd1,
  0x00, 0x00, 0x00, 0x00, 0x00, 0x06, 0x1f, 0x00, 0x00, 0x00, 0x2f, 0x00,
  0x00, 0x00, 0x00, 0x00, 0x00, 0x1a, 0x00, 0x00, 0x00, 0xea, 0x00, 0x0f,
  0x00, 0x00, 0x00, 0x00, 0x00, 0x00, 0x00, 0x00, 0x00, 0x00, 0x1a, 0x05,
  0x00, 0x08, 0x00, 0x00, 0x00, 0x0a, 0x00, 0x11, 0x00, 0x00, 0x00, 0x00,
  0xeb, 0x00, 0x00, 0x00, 0x00, 0x00, 0x00, 0x11, 0x18, 0x00, 0xc9, 0x00,
  0x00, 0x00, 0x00, 0x00, 0x00, 0x00, 0x00, 0x13, 0x00, 0x00, 0x00, 0x00,
  0x00, 0x14, 0x00, 0xe9, 0x00, 0xc3, 0x00, 0x04, 0x00, 0x00, 0x00, 0xc3,
  0x00, 0x13, 0x00, 0x00, 0x00, 0x00, 0x00, 0x00, 0x00, 0x00, 0xd1, 0x00,
  0xe9, 0x00, 0xe4, 0x00, 0x00, 0x00, 0x00, 0x00, 0x00, 0x00, 0xd9, 0x00,
  0x00, 0x00, 0x00, 0x00, 0x00, 0x00, 0x00, 0x09, 0x00, 0x00, 0x00, 0xcf,
  0x00, 0x00, 0x00, 0x00, 0x00, 0x00, 0x00, 0x11, 0xdc, 0x00, 0x00, 0x00,
  0x00, 0x00, 0x00, 0x00, 0x00, 0x00, 0x00, 0x00, 0x00, 0x00, 0xf6, 0xd0,
  0x00, 0x16, 0x00, 0x00, 0x00, 0x00, 0x00, 0x00, 0xd8, 0x00, 0x00, 0x00,
  0x00, 0x00, 0x00, 0x00, 0x00, 0xd1, 0xe2, 0x0a, 0x00, 0xe5, 0x00, 0xc7,
  0x00, 0x0d, 0xe5, 0xe4, 0x22, 0xc6, 0x00, 0x00, 0x00, 0x00, 0x00, 0xbb,
  0x00, 0x13, 0x00, 0x00, 0x00, 0xb5, 0x18, 0x18, 0x00, 0x00, 0x00, 0x00,
  0x19, 0x0a, 0x00, 0x00, 0x00, 0xbe, 0x00, 0x00, 0x00, 0x00, 0x31, 0xd2,
  0x00, 0x00, 0x00, 0x00, 0x27, 0xbc, 0x00, 0x00, 0x00, 0x00, 0x29, 0x00,
  0x20, 0x00, 0x00, 0x00, 0x2a, 0x00, 0x00, 0xd0, 0x00, 0x00, 0x38, 0x00,
  0x00, 0x00, 0x00, 0x00, 0x00, 0x00, 0x00, 0x00, 0x00, 0x00, 0x00, 0x00,
  0x00, 0xc9, 0x00, 0x00, 0x00, 0x00, 0x00, 0x00, 0x00, 0x00, 0x00, 0x00,
  0x00, 0x00, 0x00, 0x00, 0x00, 0x00, 0x00, 0x00, 0x00, 0x00, 0x00, 0x08,
  0x00, 0x04, 0x00, 0x00, 0x15, 0x00, 0x00, 0x00, 0x00, 0x00, 0x00, 0x00,
  0x00, 0x00, 0xe7, 0x00, 0x00, 0x00, 0x00, 0x14, 0x00, 0x00, 0x00, 0x00,
  0x00, 0x00, 0x00, 0x00, 0x00, 0x00, 0x00, 0x00, 0x00, 0x00, 0x00, 0x00,
  0x00, 0x05, 0x00, 0x00, 0x00, 0x00, 0x1c, 0x0c, 0x00, 0x00, 0xeb, 0x00,
  0x00, 0x00, 0x00, 0x00, 0xf2, 0x00, 0x00, 0x06, 0x00, 0x00, 0xee, 0x00,
  0x00, 0x1c, 0xec, 0x00, 0x00, 0x00, 0x00, 0x0e, 0x00, 0x00, 0x00, 0x3c,
  0xef, 0x00, 0x00, 0x00, 0xe2, 0x2f, 0xec, 0x00, 0x00, 0x00, 0xd4, 0x00,
  0x00, 0x00, 0x00, 0x00, 0xd3, 0x00, 0x00, 0x29, 0x00, 0x00, 0x00, 0x00,
  0x00, 0x00, 0x0f, 0x00, 0x00, 0x00, 0x00, 0x00, 0x00, 0x00, 0x00, 0x00,
  0x00, 0x00, 0x00, 0x00, 0x00, 0x00, 0x00, 0x00, 0x00, 0xe0, 0x00, 0x00,
  0x00, 0x00, 0x00, 0xd5, 0x00, 0x00, 0x00, 0x00, 0x00, 0x00, 0x00, 0xf6,
  0x24, 0x00, 0x00, 0x00, 0x00, 0x00, 0x00, 0x00, 0x00, 0x00, 0xe0, 0x00,
  0x23, 0x00, 0x00, 0x27, 0xbe, 0x00, 0x22, 0x15, 0x00, 0x23, 0xb6, 0x00,
  0x00, 0x00, 0x00, 0x00, 0xb7, 0x00, 0x00, 0x00, 0x19, 0x00, 0x00, 0xf4,
  0xe9, 0x00, 0x00, 0xe0, 0x00, 0x00, 0x00, 0x00, 0x00, 0x00, 0x00, 0x00,
  0x00, 0x00, 0x00, 0x00, 0xc9, 0xec, 0x00, 0x00, 0x00, 0x00, 0xc8, 0x00,
  0x00, 0x00, 0x00, 0x00, 0xd6, 0x00, 0x00, 0x60, 0x00, 0x00, 0xd4, 0x00,
  0xe4, 0x52, 0x00, 0x00, 0x00, 0xf5, 0x00, 0x61, 0x00, 0x00, 0x00, 0x00,
  0x00, 0x57, 0x00, 0x00, 0x00, 0x00, 0x1b, 0x00, 0x00, 0x00, 0x00, 0x00,
  0x00, 0x00, 0x00, 0x00, 0x00, 0x00, 0x00, 0x00, 0x00, 0x00, 0x00, 0x3e,
  0x00, 0x04, 0x00, 0x00, 0x00, 0x00, 0x00, 0xfc, 0x00, 0x00, 0x00, 0x00,
  0x00, 0xfa, 0x00, 0xdf, 0x00, 0x00, 0x00, 0xf0, 0x00, 0xe1, 0x00, 0x49,
  0x00, 0xff, 0x00, 0xe8, 0x06, 0x4b, 0x00, 0x00, 0x00, 0x00, 0x00, 0x00,
  0x00, 0xf0, 0x00, 0x00, 0x00, 0x00, 0x00, 0x00, 0x00, 0x00, 0x00, 0x00,
  0x00, 0x00, 0x0b, 0x00, 0xfb, 0x00, 0x00, 0x00, 0x00, 0x00, 0x00, 0x00,
  0xe4, 0x00, 0x00, 0x00, 0x00, 0x00, 0x00, 0x16, 0x00, 0x00, 0x1f, 0xf7,
  0x00, 0x00, 0x00, 0x00, 0x00, 0x00, 0x00, 0x00, 0x00, 0x00, 0x00, 0xf6,
  0x00, 0x00, 0x00, 0x00, 0x00, 0x00, 0x00, 0x00, 0x00, 0x00, 0x00, 0x00,
  0x00, 0x00, 0xe8, 0xd5, 0x00, 0x00, 0x00, 0x00, 0x00, 0x00, 0x0e, 0x00,
  0x00, 0x00, 0x00, 0xd7, 0x00, 0x00, 0x00, 0x00, 0xf6, 0xe9, 0x00, 0xe7,
  0x00, 0x13, 0x00, 0x00, 0x00, 0x00, 0x00, 0x15, 0x00, 0x00, 0xcc, 0x00,
  0x00, 0x16, 0x00, 0x00, 0xbf, 0x00, 0x00, 0x1d, 0x00, 0x00, 0xc4, 0x00,
  0xf9, 0x00, 0x00, 0x00, 0x00, 0x00, 0x00, 0x29, 0x00, 0x00, 0x00, 0xdf,
  0x00, 0x00, 0x00, 0xdd, 0x00, 0x00, 0x00, 0x00, 0x00, 0xd6, 0xf1, 0xe4,
  0x00, 0x32, 0x00, 0xd4, 0x00, 0xe6, 0x00, 0x00, 0x00, 0xd6, 0x00, 0x00,
  0x00, 0x00, 0x00, 0xe3, 0x00, 0xe6, 0x00, 0x00, 0x00, 0xdc, 0x00, 0x00,
  0x00, 0x00, 0x00, 0x00, 0x00, 0xe9, 0x00, 0x45, 0x00, 0x00, 0x00, 0x00,
  0x00, 0x00, 0x00, 0x00, 0x00, 0x00, 0x00, 0x00, 0x00, 0x00, 0xff, 0x00,
  0x00, 0x00, 0x00, 0x00, 0x00, 0x00, 0x00, 0x00, 0x00, 0x00, 0x00, 0x00,
  0xf4, 0x00, 0x00, 0x00, 0x00, 0x00, 0x00, 0x02, 0x00, 0x00, 0x00, 0x28,
  0xe7, 0x06, 0x00, 0x00, 0x00, 0x00, 0x00, 0x00, 0x00, 0x00, 0x00, 0x35,
  0x00, 0x00, 0x00, 0x00, 0x00, 0x2d, 0xdb, 0x00, 0x00, 0x00, 0x00, 0x00,
  0x00, 0x00, 0x00, 0x00, 0x00, 0xf6, 0x00, 0x00, 0x00, 0x00, 0x00, 0x00,
  0x00, 0x3b, 0x00, 0x00, 0x00, 0x00, 0x00, 0x3d, 0x00, 0x00, 0x34, 0xf8,
  0x00, 0x00, 0x00, 0x00, 0x00, 0x00, 0x00, 0x00, 0x00, 0x00, 0x00, 0xf0,
  0x00, 0x00, 0x00, 0x00, 0x00, 0x00, 0x00, 0x00, 0x00, 0xf6, 0xe1, 0x00,
  0x00, 0x00, 0x00, 0x00, 0x00, 0x00, 0x00, 0x00, 0x1b, 0x00, 0xd5, 0x00,
  0x1b, 0x00, 0x00, 0xec, 0x00, 0x00, 0x2a, 0x00, 0x00, 0x00, 0xcc, 0xf1,
  0x1c, 0x00, 0x00, 0x00, 0x00, 0x00, 0x00, 0x00, 0x00, 0xe0, 0x00, 0x00,
  0x00, 0x00, 0x00, 0xd3, 0x00, 0x00, 0x1b, 0x00, 0x00, 0xdb, 0x00, 0x00,
  0x00, 0x00, 0x00, 0x00, 0x00, 0xe5, 0x00, 0x00, 0x00, 0x00, 0x00, 0xdf,
  0x00, 0x00, 0x00, 0x00, 0xc7, 0xe2, 0x00, 0x00, 0x00, 0x00, 0x00, 0xf0,
  0x00, 0x3a, 0x00, 0x00, 0x00, 0x00, 0x00, 0x36, 0x00, 0x00, 0x00, 0x00,
  0x00, 0x00, 0x00, 0x00, 0x00, 0x00, 0x00, 0x3d, 0x00, 0x00, 0x00, 0x00,
  0x00, 0x3b, 0x00, 0x00, 0x00, 0x00, 0x00, 0x2f, 0x00, 0x00, 0x00, 0x00,
  0x00, 0x00, 0x00, 0x00, 0xfb, 0x00, 0x00, 0xef, 0xe9, 0x00, 0x00, 0x00,
  0x00, 0x00, 0x00, 0x00, 0x00, 0x00, 0x00, 0x00, 0x00, 0x00, 0x00, 0x00,
  0x00, 0x00, 0x00, 0xd9, 0x00, 0x00, 0x00, 0x00, 0x00, 0xdc, 0x00, 0x00,
  0x00, 0x00, 0xe3, 0x00, 0x00, 0x00, 0x00, 0x00, 0x00, 0x00, 0x00, 0x00,
  0x00, 0x00, 0x00, 0x00, 0x00, 0x00, 0x00, 0x00, 0xdb, 0x00, 0x00, 0x00,
  0x00, 0x00, 0x00, 0x00, 0x00, 0x41, 0x00, 0x00, 0x00, 0x00, 0x00, 0x00,
  0x00, 0x00, 0x00, 0x00, 0x00, 0x00, 0x00, 0x00, 0x00, 0x00, 0x00, 0x51,
  0x00, 0x00, 0x00, 0x00, 0x00, 0x4d, 0x00, 0x00, 0xda, 0x00, 0x00, 0x00,
  0x00, 0x00, 0x00, 0x00, 0xcd, 0x00, 0x00, 0x00, 0x00, 0x00, 0x00, 0x50,
  0x00, 0x00, 0x00, 0x00, 0x00, 0x59, 0x00, 0x00, 0x00, 0x00, 0x00, 0x00,
  0x00, 0x00, 0x00, 0x00, 0x00, 0x00, 0x00, 0x00, 0x00, 0x00, 0x00, 0x61,
  0x00, 0x00, 0x00, 0x00, 0x00, 0x55, 0x00, 0x00, 0xdf, 0x00, 0x00, 0x00,
  0x00, 0x00, 0x00, 0x00, 0x08, 0x00, 0x00, 0xfb, 0x00, 0x00, 0x00, 0x60,
  0x00, 0x00, 0x00, 0x00, 0x00, 0x00, 0x00, 0x00, 0x00, 0x00, 0x00, 0x60,
  0x00, 0x00, 0x00, 0x00, 0x00, 0x00, 0x00, 0x00, 0x00, 0x00, 0x00, 0x00,
  0x00, 0x00, 0x00, 0x00, 0x00, 0x5d, 0x00, 0x00, 0xe9, 0x00, 0x00, 0x00,
  0x00, 0x00, 0x00, 0x00, 0x00, 0x59, 0x00, 0x00, 0xdc, 0x00, 0x00, 0x57,
  0x00, 0x00, 0x00, 0x00, 0xef, 0x56, 0x00, 0x00, 0x00, 0x00, 0x00, 0x00,
  0x00, 0x00, 0x00, 0x00, 0x00, 0x00, 0x00, 0x00, 0x00, 0x00, 0x00, 0x00,
  0x00, 0x00, 0x00, 0x00, 0x00, 0x00, 0x00, 0x00, 0x00, 0x00, 0x00, 0x00,
  0x00, 0x00, 0x00, 0x00, 0x00, 0x47, 0x00, 0x00, 0x00, 0x00, 0x00, 0x00,
  0x00, 0xe5, 0x00, 0x00, 0x00, 0x00, 0x00, 0xe7, 0x00, 0x00, 0x00, 0x00,
  0x00, 0x00, 0x00, 0x00, 0x00, 0x00, 0x00, 0x00, 0x00, 0x00, 0x00, 0x43,
  0x00, 0x00, 0x00, 0x00, 0x00, 0x00, 0x00, 0x00, 0x00, 0x00, 0x00, 0x00,
  0x00, 0x00, 0x00, 0x00, 0x00, 0x00, 0x00, 0x00, 0x00, 0x00, 0xec, 0x00,
  0x00, 0x00, 0x00, 0x00, 0x00, 0x00, 0x00, 0x00, 0x00, 0x00, 0x00, 0x00,
  0x00, 0x00, 0xe1, 0x00, 0x00, 0x00, 0x00, 0x00, 0x00, 0x00, 0x00, 0x00,
  0x00, 0xe4, 0xe0, 0x00, 0x00, 0x00, 0x00, 0x00, 0x00, 0x00, 0x00, 0x00,
  0x00, 0x00, 0x00, 0x00, 0x00, 0x3c, 0x2f, 0xe8, 0x00, 0x00, 0x00, 0x00,
  0x00, 0xe9, 0x00, 0x00, 0x00, 0x00, 0x00, 0x00, 0x00, 0x00, 0x00, 0x00,
  0x00, 0x00, 0x00, 0x00, 0x00, 0x00, 0x00, 0x00, 0xf3, 0x00, 0x00, 0x00,
  0x00, 0x00, 0xe4, 0x00, 0x00, 0x00, 0x00, 0xf6, 0x00, 0xde, 0xce, 0x00,
  0x00, 0x00, 0xd4, 0x00, 0x00, 0x43, 0x00, 0x00, 0x00, 0x00, 0xb5, 0x00,
  0x00, 0x00, 0xdd, 0x00, 0x00, 0x00, 0x00, 0x00, 0xcc, 0x00, 0x00, 0x00,
  0x00, 0x00, 0x00, 0x00, 0xd3, 0x00, 0x00, 0x00, 0x00, 0x00, 0x00, 0x00,
  0x00, 0x34, 0xec, 0x00, 0x00, 0x00, 0x00, 0x00, 0x00, 0x00, 0x00, 0x00,
  0x00, 0x00, 0x00, 0x00, 0x00, 0x00, 0x00, 0x00, 0x00, 0x00, 0x00, 0x00,
  0x00, 0x00, 0x00, 0x00, 0x00, 0x00, 0x00, 0x00, 0x00, 0x00, 0x00, 0x00,
  0x00, 0x00, 0x00, 0x00, 0x00, 0x00, 0x00, 0x00, 0x00, 0xe9, 0x00, 0x00,
  0x00, 0x00, 0x00, 0x00, 0x00, 0x00, 0x00, 0xfe, 0x00, 0x00, 0x00, 0x00,
  0x00, 0x00, 0x00, 0x00, 0x00, 0x00, 0x00, 0x00, 0x00, 0x00, 0x00, 0x00,
  0x00, 0xf8, 0x00, 0x00, 0x00, 0x00, 0x00, 0xfc, 0x00, 0x00, 0x00, 0x00,
  0x00, 0x00, 0x00, 0x00, 0x00, 0x00, 0x00, 0xfe, 0x00, 0x00, 0x00, 0x00,
  0x00, 0x00, 0x00, 0x00, 0x00, 0x00, 0x00, 0x00, 0x00, 0x00, 0x00, 0x00,
  0x00, 0x00, 0x00, 0x00, 0x00, 0x00, 0x00, 0x00, 0x00, 0x00, 0x00, 0x00,
  0x00, 0x00, 0xd9, 0x00, 0x00, 0x00, 0x00, 0xf6, 0x00, 0x00, 0x00, 0x00,
  0x00, 0xf5, 0x00, 0x00, 0x00, 0x00, 0xec, 0x00, 0x00, 0x00, 0x00, 0x00,
  0x00, 0x00, 0x00, 0x00, 0x00, 0x00, 0x00, 0x00, 0x00, 0x00, 0x00, 0x00,
  0x00, 0x00, 0xdd, 0x00, 0x00, 0x00, 0x00, 0x00, 0x00, 0x00, 0x00, 0x00,
  0xef, 0x00, 0x00, 0x00, 0x00, 0x00, 0x00, 0x00, 0xe1, 0x00, 0x00, 0x00,
  0x00, 0x00, 0x00, 0x00, 0x00, 0x00, 0x00, 0x00, 0x00, 0x00, 0x00, 0x00,
  0x00, 0x00, 0x00, 0x1c, 0x00, 0x00, 0x00, 0x00, 0x00, 0x00, 0x00, 0x00,
  0x16, 0x00, 0x00, 0x17, 0x00, 0xe6, 0x00, 0xe8, 0x00, 0x00, 0x16, 0x00,
  0x00, 0x00, 0x00, 0x00, 0x00, 0x00, 0x18, 0xe4, 0x00, 0x17, 0x00, 0x00,
  0x00, 0x00, 0x00, 0x00, 0x00, 0x00, 0x00, 0x00, 0x00, 0x00, 0x00, 0x00,
  0x00, 0x00, 0xe8, 0x00, 0x00, 0x00, 0x00, 0x00, 0x00, 0x00, 0x00, 0x00,
  0x00, 0x00, 0x00, 0x00, 0x00, 0x00, 0x00, 0x00, 0x00, 0x00, 0x00, 0x00,
  0x00, 0x00, 0xe8, 0x1b, 0x00, 0x00, 0x00, 0x00, 0xe7, 0x19, 0x00, 0x00,
  0x00, 0x00, 0xde, 0x00, 0x00, 0x00, 0x00, 0x00, 0x00, 0x00, 0x00, 0x00,
  0x00, 0x00, 0x00, 0x00, 0x00, 0x00, 0x00, 0x00, 0x00, 0x00, 0xea, 0x00,
  0x00, 0x00, 0x00, 0x00, 0x00, 0x00, 0x00, 0x00, 0x00, 0x18, 0x00, 0x00,
  0x00, 0x00, 0xe7, 0x00, 0x00, 0x00, 0x00, 0x00, 0x00, 0x00, 0x00, 0xea,
  0x00, 0x00, 0x00, 0x00, 0x00, 0x00, 0x00, 0x00, 0x00, 0x00, 0x00, 0x00,
  0x00, 0x00, 0x00, 0x00, 0x00, 0x00, 0x00, 0x00, 0x00, 0x00, 0x00, 0x00,
  0x00, 0x00, 0x00, 0x00, 0x00, 0x00, 0x00, 0x00, 0x00, 0x00, 0x00, 0x00,
  0x00, 0x00, 0x00, 0x00, 0x00, 0x00, 0x00, 0x00, 0x00, 0x00, 0x00, 0x00,
  0x00, 0x00, 0x00, 0x00, 0xe9, 0x00, 0x00, 0x00, 0x00, 0x00, 0x00, 0x00,
  0x00, 0x00, 0x00, 0x16, 0x00, 0xe7, 0x00, 0x00, 0x00, 0x00, 0x00, 0x00,
  0x00, 0x00, 0x00, 0x17, 0x00, 0x00, 0x00, 0x00, 0x00, 0x00, 0x00, 0x00,
  0x00, 0x00, 0x00, 0x00, 0x00, 0xe7, 0x17, 0x00, 0x00, 0x00, 0x16, 0x00,
  0x00, 0x00, 0x00, 0x00, 0x00, 0x00, 0x00, 0x00, 0x00, 0x00, 0x00, 0x00,
  0x00, 0x00, 0x00, 0x00, 0x00, 0x00, 0x00, 0xe4, 0x00, 0x00, 0x00, 0xe4,
  0x00, 0xe5, 0x00, 0x00, 0x00, 0x00, 0x00, 0x00, 0x00, 0x00, 0x00, 0x00,
  0x16, 0x00, 0x00, 0x00, 0x00, 0x00, 0x00, 0x00, 0x00, 0x00, 0x00, 0x00,
  0x00, 0x00, 0x00, 0x00, 0x00, 0x00, 0x00, 0x00, 0x00, 0x00, 0x00, 0x00,
  0x17, 0x00, 0x00, 0x00, 0x00, 0x00, 0x00, 0x00, 0x00, 0x17, 0x00, 0x00,
  0x00, 0x00, 0xe4, 0x00, 0x00, 0xe2, 0x00, 0xe5, 0x00, 0x00, 0x00, 0x00,
  0xea, 0x00, 0x00, 0x00, 0x00, 0x00, 0x00, 0x00, 0x00, 0x00, 0xe8, 0x00,
  0x00, 0x00, 0xe9, 0x00, 0x00, 0x00, 0x17, 0xe9, 0x00, 0x00, 0x00, 0x00,
  0x00, 0x00, 0x00, 0x00, 0x00, 0x00, 0x00, 0x00, 0x00, 0x00, 0x00, 0xe7,
  0xeb, 0x00, 0x00, 0x00, 0x00, 0x00, 0xe9, 0x00, 0x00, 0x00, 0x00, 0x00,
  0x00, 0x00, 0x00, 0x00, 0x00, 0x00, 0x00, 0x00, 0xe7, 0x00, 0x00, 0x00,
  0x00, 0x00, 0x00, 0x00, 0x00, 0x00, 0x00, 0x00, 0xe7, 0x00, 0x00, 0xe3,
  0x00, 0x00, 0x00, 0x00, 0xea, 0x00, 0x00, 0xe7, 0x00, 0x00, 0x00, 0x00,
  0x00, 0x00, 0x00, 0x00, 0x00, 0xe7, 0x00, 0x00, 0x00, 0x1d, 0x00, 0x00,
  0x00, 0x00, 0xe8, 0x00, 0x00, 0x00, 0x00, 0x00, 0x00, 0x1b, 0x16, 0x00,
  0x00, 0x00, 0x00, 0x00, 0x00, 0x00, 0x00, 0xe7, 0x00, 0x00, 0x00, 0x00,
  0x00, 0x00, 0x00, 0x00, 0x00, 0x00, 0x00, 0x00, 0x00, 0x19, 0x00, 0x00,
  0xea, 0xe7, 0x00, 0x00, 0x00, 0xea, 0x00, 0x00, 0x00, 0x00, 0x18, 0x00,
  0x00, 0x00, 0x00, 0x00, 0x00, 0x00, 0x00, 0xe5, 0xe8, 0x00, 0x00, 0x00,
  0x00, 0x00, 0x00, 0x00, 0x00, 0xe8, 0x00, 0x00, 0x00, 0x00, 0x00, 0x00,
  0x00, 0x00, 0x00, 0x00, 0x00, 0x00, 0x00, 0x00, 0x00, 0x00, 0x00, 0x00,
  0x00, 0x00, 0x00, 0x00, 0x00, 0x00, 0x00, 0x00, 0xe8, 0x00, 0x00, 0xe6,
  0x00, 0x00, 0x00, 0x1e, 0x00, 0x00, 0x00, 0x00, 0xe5, 0x00, 0x00, 0x00,
  0x00, 0x00, 0x00, 0x00, 0x00, 0xe2, 0x00, 0x00, 0xe8, 0x1f, 0x00, 0x00,
  0x00, 0x00, 0x00, 0x17, 0x00, 0x00, 0x00, 0x00, 0x00, 0x00, 0x00, 0x00,
  0x16, 0x00, 0x00, 0x00, 0x00, 0xe7, 0x00, 0xe7, 0x00, 0x00, 0x00, 0x00,
  0x00, 0x00, 0x00, 0x00, 0x00, 0x00, 0x00, 0x00, 0x00, 0x00, 0x00, 0x00,
  0x00, 0x00, 0x00, 0x00, 0xe9, 0x00, 0x16, 0xe5, 0x00, 0x00, 0x00, 0x00,
  0x00, 0x00, 0x00, 0x00, 0x00, 0x00, 0x00, 0x00, 0x00, 0x00, 0x00, 0x00,
  0x00, 0x00, 0x00, 0x00, 0x00, 0xe6, 0x00, 0x00, 0x00, 0x00, 0x00, 0x00,
  0x00, 0x29, 0x00, 0x00, 0x00, 0x00, 0x00, 0x00, 0x00, 0x00, 0x00, 0x17,
  0x00, 0x00, 0x00, 0x00, 0x00, 0x12, 0x00, 0x00, 0x00, 0x00, 0x00, 0x00,
  0x00, 0x00, 0x00, 0x00, 0x00, 0x00, 0x00, 0x00, 0x00, 0x25, 0x00, 0x14,
  0x00, 0xed, 0x00, 0x00, 0x00, 0x00, 0x00, 0x00, 0x00, 0x00, 0x00, 0x24,
  0x22, 0x00, 0x00, 0x00, 0x00, 0x23, 0x00, 0x00, 0x00, 0x00, 0x00, 0x23,
  0x00, 0x00, 0x00, 0x00, 0x00, 0x00, 0x00, 0x00, 0x00, 0x00, 0x00, 0x00,
  0x00, 0x00, 0x00, 0x00, 0x00, 0x00, 0x00, 0x00, 0x00, 0x00, 0x00, 0x00,
  0x00, 0x00, 0x00, 0xec, 0x00, 0x00, 0x00, 0x00, 0x00, 0x00, 0xdb, 0x00,
  0x00, 0x00, 0x00, 0x00, 0xd7, 0x00, 0x00, 0x00, 0x00, 0x00, 0xe0, 0x00,
  0x00, 0x00, 0x00, 0x00, 0xdd, 0x00, 0x00, 0x28, 0x00, 0x00, 0xdf, 0x00,
  0x00, 0x00, 0x00, 0xeb, 0x00, 0x00, 0xea, 0x00, 0x00, 0x00, 0x00, 0x00,
  0x00, 0x00, 0x00, 0xec, 0xdf, 0x00, 0x00, 0x00, 0x00, 0xe7, 0x00, 0x00,
  0xe9, 0x00, 0x00, 0x00, 0xc7, 0x00, 0x00, 0x00, 0x00, 0x00, 0xdc, 0x00,
  0x00, 0x22, 0x00, 0x00, 0xde, 0x00, 0xed, 0x1f, 0x00, 0x00, 0x00, 0x00,
  0x00, 0x1d, 0x00, 0x00, 0x00, 0x00, 0x00, 0x37, 0x00, 0xe3, 0x00, 0x00,
  0x00, 0x26, 0x00, 0xd2, 0x31, 0x00, 0xe8, 0x17, 0x00, 0xdf, 0x00, 0x00,
  0x00, 0x21, 0x00, 0x00, 0x00, 0x00, 0x00, 0x00, 0x00, 0x00, 0x00, 0xdb,
  0x00, 0x00, 0x00, 0x00, 0x00, 0xdd, 0x00, 0x00, 0x00, 0x00, 0x00, 0xd7,
  0x27, 0x00, 0x00, 0x00, 0x00, 0xe8, 0x00, 0x00, 0x00, 0x00, 0x00, 0x00,
  0x00, 0x00, 0x00, 0x00, 0x21, 0x00, 0x28, 0xdc, 0x00, 0x00, 0x27, 0x00,
  0x2e, 0x00, 0x00, 0x00, 0x1f, 0x00, 0x3a, 0xcd, 0x00, 0x00, 0x00, 0x00,
  0x00, 0xd3, 0x00, 0x00, 0x00, 0xe2, 0x00, 0xd0, 0x00, 0x1b, 0x00, 0xd9,
  0x00, 0x00, 0x00, 0x00, 0x00, 0x00, 0x00, 0x00, 0x00, 0x00, 0x00, 0x00,
  0x31, 0x00, 0x00, 0x00, 0x00, 0x00, 0x00, 0xc8, 0x00, 0x00, 0x00, 0x00,
  0x00, 0x00, 0x00, 0x00, 0x00, 0x20, 0x00, 0x00, 0x00, 0xe1, 0x00, 0x00,
  0x00, 0xdb, 0x00, 0xdd, 0x00, 0x00, 0x00, 0x00, 0x00, 0x00, 0x00, 0x00,
  0x00, 0x00, 0x00, 0x00, 0x00, 0x00, 0x00, 0x13, 0x00, 0xea, 0xd9, 0x00,
  0x00, 0x1d, 0x00, 0xec, 0x00, 0x00, 0x00, 0x00, 0x00, 0x00, 0xc9, 0x00,
  0x00, 0x14, 0x00, 0x00, 0x00, 0x00, 0x00, 0x00, 0x00, 0x00, 0x00, 0x2e,
  0x00, 0x22, 0x00, 0xe4, 0x00, 0x00, 0x00, 0x00, 0x00, 0xea, 0x00, 0x28,
  0x00, 0x1f, 0x00, 0xe3, 0x00, 0x00, 0x00, 0x00, 0x00, 0xdc, 0x00, 0x00,
  0x00, 0x2e, 0x00, 0xe8, 0x00, 0x00, 0x00, 0x00, 0x00, 0x00, 0x00, 0x00,
  0x00, 0x00, 0x00, 0x00, 0xcf, 0x00, 0x00, 0x00, 0x00, 0x00, 0x00, 0x00,
  0x00, 0x00, 0x00, 0x00, 0x00, 0x00, 0x00, 0x00, 0x00, 0x00, 0x00, 0xee,
  0x00, 0x00, 0x00, 0x00, 0x00, 0x00, 0x00, 0x00, 0x00, 0x00, 0x00, 0x00,
  0x00, 0x00, 0x00, 0x00, 0x00, 0x00, 0x00, 0x00, 0x00, 0x00, 0x00, 0xe9,
  0x00, 0x00, 0x00, 0x00, 0xe1, 0x00, 0x2d, 0x00, 0x00, 0x00, 0x00, 0x00,
  0x30, 0x00, 0x00, 0x00, 0xe3, 0x00, 0x00, 0x00, 0x00, 0x00, 0xe4, 0xe9,
  0x00, 0x00, 0x00, 0x1c, 0xdd, 0xec, 0x20, 0x00, 0x00, 0x00, 0xe6, 0x00,
  0x00, 0x00, 0x00, 0x00, 0x00, 0x00, 0x00, 0x00, 0x00, 0x00, 0x00, 0x00,
  0x00, 0x00, 0x00, 0x00, 0xf6, 0x00, 0x00, 0x00, 0x00, 0x00, 0xf3, 0x00,
  0x00, 0x00, 0x00, 0x26, 0xe6, 0xdf, 0xf2, 0x00, 0x00, 0x2f, 0xec, 0x00,
  0x00, 0x00, 0x00, 0x00, 0x00, 0x00, 0x00, 0x00, 0x00, 0x00, 0x00, 0x00,
  0x00, 0x00, 0x00, 0xea, 0x00, 0x00, 0x00, 0x18, 0x00, 0x00, 0x00, 0x00,
  0x00, 0x0f, 0x00, 0x00, 0x00, 0x27, 0x00, 0x0a, 0x00, 0xe6, 0x00, 0x00,
  0xef, 0x00, 0x00, 0x00, 0x00, 0x00, 0x00, 0x00, 0x00, 0x00, 0x00, 0x00,
  0x00, 0x00, 0x00, 0x00, 0x00, 0x00, 0x00, 0x00, 0x00, 0x00, 0x00, 0xe0,
  0x00, 0x00, 0x00, 0x00, 0x00, 0xe5, 0x00, 0x00, 0x00, 0x00, 0x00, 0x00,
  0x00, 0x00, 0x00, 0x00, 0x00, 0x00, 0x00, 0x00, 0x00, 0x00, 0x00, 0x00,
  0x00, 0x00, 0x00, 0x00, 0x23, 0x00, 0x00, 0x00, 0x00, 0x00, 0x00, 0x00,
  0x00, 0x00, 0x00, 0x00, 0x00, 0x00, 0x00, 0x00, 0x00, 0x00, 0x00, 0x00,
  0x00, 0x00, 0x00, 0x00, 0x00, 0xda, 0x00, 0x00, 0x00, 0x00, 0x00, 0x00,
  0x00, 0x00, 0x00, 0x00, 0x00, 0x00, 0x1d, 0x00, 0x00, 0x00, 0x00, 0x00,
  0x00, 0x00, 0xe8, 0x1e, 0x00, 0x00, 0x00, 0x00, 0x00, 0x00, 0x00, 0x00,
  0x00, 0x00, 0x00, 0x00, 0x00, 0x00, 0x00, 0x00, 0x00, 0x00, 0x00, 0x00,
  0x00, 0x00, 0x00, 0x00, 0x00, 0x00, 0x00, 0x00, 0x00, 0x00, 0xeb, 0x00,
  0x00, 0x00, 0x00, 0x00, 0x00, 0x00, 0x1d, 0x00, 0x00, 0x00, 0x00, 0x00,
  0x00, 0x00, 0x00, 0x00, 0x00, 0xe6, 0x00, 0x00, 0x00, 0x00, 0x00, 0x00,
  0x00, 0x00, 0x00, 0x00, 0xeb, 0x00, 0x00, 0x00, 0x00, 0x00, 0x13, 0x00,
  0x00, 0x00, 0x00, 0xef, 0x00, 0x00, 0x00, 0x00, 0x00, 0x00, 0x00, 0x00,
  0x1b, 0x00, 0x00, 0x00, 0x00, 0x00, 0x00, 0x00, 0xe2, 0x00, 0x00, 0x00,
  0x1a, 0x00, 0x00, 0x00, 0x00, 0x00, 0x00, 0x00, 0xe4, 0x00, 0x00, 0x00,
  0x00, 0x00, 0x00, 0x00, 0x00, 0xe1, 0x00, 0x00, 0x00, 0x00, 0x00, 0xe6,
  0x00, 0x00, 0x00, 0x00, 0x00, 0x00, 0x00, 0x00, 0x00, 0x00, 0x00, 0x00,
  0x00, 0x00, 0x00, 0x00, 0x00, 0x00, 0x1b, 0x00, 0x00, 0x00, 0x00, 0x00,
  0x00, 0x00, 0x00, 0x00, 0x00, 0x00, 0x00, 0x00, 0x00, 0x00, 0x00, 0x00,
  0x00, 0x00, 0xec, 0x00, 0x00, 0x00, 0x00, 0x00, 0x00, 0x1c, 0x00, 0x00,
  0x00, 0x00, 0x00, 0x00, 0x00, 0x00, 0x00, 0x00, 0xde, 0x00, 0x00, 0x00,
  0x00, 0x00, 0x00, 0x00, 0xeb, 0x00, 0x00, 0x00, 0x00, 0x00, 0x00, 0x00,
  0x00, 0x00, 0x00, 0x1d, 0x00, 0xdf, 0x00, 0x00, 0x00, 0x00, 0x12, 0x00,
  0x00, 0x00, 0xea, 0x00, 0x00, 0x00, 0x00, 0x00, 0x00, 0x00, 0x15, 0x00,
  0x00, 0x00, 0x00, 0x00, 0x00, 0x00, 0x1b, 0x00, 0x00, 0x00, 0x00, 0xe1,
  0x00, 0x00, 0x00, 0x00, 0x00, 0x00, 0x00, 0x00, 0x00, 0x00, 0x00, 0x00,
  0x00, 0x00, 0x00, 0x00, 0x00, 0x00, 0x00, 0x00, 0x00, 0x00, 0x00, 0x00,
  0x00, 0x00, 0x00, 0x00, 0x00, 0x00, 0x00, 0x00, 0xed, 0x00, 0x00, 0xdf,
  0x00, 0x00, 0x00, 0x00, 0x00, 0xe2, 0x1e, 0x00, 0x00, 0x00, 0x00, 0x00,
  0x1b, 0x00, 0x00, 0x00, 0x00, 0x00, 0x00, 0x00, 0x00, 0x00, 0x00, 0x00,
  0x00, 0x00, 0xe5, 0x00, 0x00, 0x00, 0x00, 0xe6, 0x00, 0x00, 0x00, 0x00,
  0x00, 0x00, 0x00, 0x00, 0x00, 0x00, 0x00, 0x00, 0x00, 0x00, 0x00, 0x00,
  0x00, 0x00, 0x00, 0x00, 0x00, 0xe2, 0x00, 0x11, 0x00, 0x00, 0x00, 0xe1,
  0x00, 0xe4, 0x00, 0x00, 0x00, 0x00, 0x00, 0x00, 0x00, 0x00, 0x00, 0xe6,
  0x00, 0x00, 0x00, 0x00, 0x00, 0xde, 0x00, 0x00, 0x00, 0x00, 0x00, 0x00,
  0x00, 0x00, 0x00, 0x16, 0x00, 0x00, 0x00, 0x00, 0x00, 0x1c, 0x00, 0x00,
  0x00, 0xe6, 0x00, 0x00, 0x00, 0x00, 0x00, 0x00, 0x00, 0x00, 0x00, 0x00,
  0x00, 0x00, 0x00, 0x00, 0x00, 0xdf, 0x00, 0x00, 0x00, 0x1c, 0x00, 0x00,
  0x00, 0x00, 0x00, 0x00, 0x00, 0x00, 0x00, 0x00, 0x00, 0x00, 0x00, 0xe5,
  0x00, 0x00, 0x00, 0x00, 0x00, 0x00, 0x00, 0x00, 0x00, 0x00, 0x00, 0x00,
  0x00, 0x00, 0x00, 0x00, 0x00, 0x00, 0x00, 0x00, 0x00, 0x00, 0x00, 0x00,
  0x00, 0x00, 0x00, 0x00, 0x00, 0x00, 0x00, 0x13, 0x00, 0x00, 0x00, 0x00,
  0x00, 0x00, 0x00, 0x1d, 0x00, 0x00, 0x00, 0x12, 0x00, 0x00, 0x00, 0x00,
  0x00, 0x00, 0x00, 0x00, 0x00, 0x00, 0x00, 0x00, 0x00, 0x00, 0x00, 0x00,
  0x00, 0x00, 0x00, 0x00, 0x00, 0x00, 0x00, 0x00, 0xee, 0x00, 0x00, 0xe4,
  0x00, 0x00, 0x00, 0x00, 0x00, 0x00, 0x00, 0x00, 0x00, 0x00, 0x00, 0xe5,
  0x00, 0x00, 0x00, 0x00, 0x12, 0xde, 0x00, 0x00, 0x00, 0x00, 0x00, 0x00,
  0x00, 0x00, 0xe9, 0x00, 0xee, 0xe1, 0x00, 0x00, 0x00, 0x00, 0x00, 0x00,
  0x00, 0x00, 0xe0, 0x1d, 0x00, 0x00, 0x00, 0x00, 0x00, 0x00, 0x00, 0x00,
  0x00, 0x00, 0x00, 0x1d, 0x00, 0xe5, 0x00, 0x00, 0x00, 0x00, 0x00, 0xda,
  0x00, 0x12, 0x00, 0x00, 0x00, 0xe5, 0x1b, 0x00, 0x00, 0x00, 0x00, 0xdc,
  0x00, 0x00, 0x00, 0x00, 0x00, 0x00, 0x00, 0x00, 0x00, 0x1d, 0x00, 0x00,
  0x00, 0x00, 0x00, 0x00, 0x00, 0xe6, 0x00, 0x12, 0x1c, 0x00, 0x01, 0x00,
  0x00, 0x03, 0x00, 0x17, 0x00, 0x00, 0x00, 0xfc, 0x00, 0x00, 0x00, 0x00,
  0x00, 0x00, 0x00, 0x00, 0x2a, 0xfe, 0x00, 0x00, 0x00, 0x00, 0x00, 0x03,
  0x00, 0xf1, 0x00, 0x00, 0x00, 0x12, 0x00, 0xf8, 0x00, 0xe2, 0x00, 0x16,
  0xe6, 0x00, 0x00, 0x00, 0x23, 0x00, 0x00, 0x00, 0x00, 0xe3, 0x00, 0x00,
  0x00, 0x0d, 0x21, 0xe4, 0x00, 0x00, 0x00, 0x00, 0x00, 0xdd, 0x00, 0xa7,
  0x00, 0xf4, 0x00, 0x00, 0x00, 0xab, 0x00, 0xfe, 0x00, 0x00, 0x00, 0xbb,
  0x00, 0x00, 0x00, 0x00, 0x00, 0xb0, 0x00, 0x00, 0x00, 0x00, 0x1a, 0xbc,
  0x2b, 0x00, 0x00, 0x00, 0x00, 0x00, 0x21, 0x00, 0x04, 0x00, 0x15, 0xb7,
  0x23, 0xa5, 0x00, 0x00, 0x00, 0xc7, 0x00, 0x9f, 0x00, 0x00, 0x18, 0x00,
  0x00, 0xae, 0x00, 0x00, 0x00, 0x00, 0x00, 0x98, 0x32, 0x00, 0x00, 0x00,
  0x00, 0x00, 0x00, 0x00, 0x00, 0x00, 0x21, 0xae, 0x00, 0x00, 0x00, 0xcf,
  0x00, 0xae, 0x35, 0x00, 0x00, 0x00, 0x00, 0xae, 0x00, 0x00, 0x00, 0x00,
  0x00, 0x00, 0x00, 0x00, 0x00, 0x00, 0xe0, 0x00, 0x00, 0x00, 0x00, 0x00,
  0x00, 0x00, 0x00, 0x00, 0xe9, 0x00, 0x00, 0x00, 0x00, 0x00, 0xd4, 0xfd,
  0xdc, 0x00, 0x00, 0x00, 0xd9, 0x00, 0xe9, 0x03, 0x35, 0x00, 0xe4, 0x00,
  0x00, 0x0c, 0x00, 0xe7, 0xe1, 0x00, 0x00, 0x09, 0x00, 0x00, 0x00, 0x00,
  0xe8, 0x0d, 0x00, 0x00, 0xea, 0x00, 0xe4, 0x00, 0x00, 0xe9, 0xed, 0x00,
  0x00, 0x19, 0x25, 0xe4, 0xeb, 0x00, 0xe6, 0x00, 0x00, 0x00, 0xf2, 0xb9,
  0x00, 0x00, 0x00, 0x00, 0xf9, 0x00, 0x00, 0x00, 0x00, 0x00, 0xfd, 0x00,
  0x00, 0xff, 0x00, 0x18, 0x00, 0x00, 0x00, 0x00, 0x00, 0x11, 0x00, 0x00,
  0x00, 0x00, 0x00, 0x00, 0x00, 0x00, 0x00, 0x00, 0x00, 0x00, 0x00, 0x00,
  0x00, 0x00, 0x03, 0x00, 0x08, 0x00, 0x00, 0x0a, 0x00, 0x00, 0x00, 0x00,
  0x00, 0x07, 0x00, 0x00, 0x00, 0xb4, 0x00, 0x00, 0x0e, 0x00, 0x00, 0xb2,
  0x00, 0x00, 0x2e, 0x00, 0x00, 0xab, 0x0e, 0x03, 0x00, 0x00, 0x00, 0x00,
  0x00, 0x00, 0x00, 0x00, 0x00, 0xb6, 0x0b, 0x00, 0x00, 0x00, 0x00, 0xbe,
  0x00, 0x00, 0x00, 0x00, 0x00, 0xb2, 0x09, 0x00, 0x00, 0x00, 0x00, 0xb7,
  0x0e, 0x00, 0x00, 0x00, 0x2f, 0x00, 0x17, 0xc4, 0x00, 0x00, 0x00, 0x00,
  0x0f, 0xc3, 0x00, 0x00, 0x00, 0x00, 0x0e, 0xbc, 0x39, 0x00, 0x03, 0x00,
  0x00, 0x00, 0x00, 0x00, 0x00, 0x00, 0x00, 0x00, 0x00, 0x00, 0x00, 0x00,
  0x00, 0x00, 0x00, 0x00, 0x00, 0x00, 0x00, 0x00, 0x00, 0x00, 0x00, 0x00,
  0xda, 0x00, 0x00, 0x00, 0x00, 0x00, 0x00, 0x00, 0x00, 0x00, 0x00, 0x00,
  0xde, 0x00, 0x00, 0x00, 0x00, 0x00, 0x00, 0x00, 0x00, 0xe5, 0x00, 0x00,
  0x00, 0x00, 0x21, 0x00, 0x39, 0x00, 0x00, 0x00, 0x00, 0x00, 0x38, 0x00,
  0xe1, 0x00, 0x00, 0x00, 0x00, 0x00, 0x00, 0x00, 0x00, 0x18, 0x00, 0x00,
  0x00, 0x02, 0x00, 0x00, 0x00, 0x00, 0x00, 0x00, 0x26, 0x00, 0x00, 0x00,
  0xe8, 0x00, 0x36, 0x00, 0x00, 0x00, 0x00, 0x00, 0x00, 0x00, 0x00, 0x00,
  0x00, 0x00, 0x00, 0x00, 0x00, 0x00, 0x00, 0x00, 0x00, 0x00, 0x00, 0x00,
  0x00, 0x00, 0x00, 0x00, 0x00, 0x00, 0x00, 0x00, 0x00, 0x00, 0x00, 0x00,
  0x00, 0x00, 0x22, 0x00, 0x04, 0x00, 0x00, 0x00, 0x00, 0x00, 0x25, 0x00,
  0x00, 0x00, 0x00, 0x00, 0x00, 0xbd, 0x00, 0xf8, 0x00, 0x12, 0x27, 0x00,
  0x00, 0x00, 0x00, 0x00, 0x00, 0x00, 0x00, 0x00, 0x00, 0x00, 0x29, 0xc6,
  0x00, 0xf6, 0x00, 0x00, 0x00, 0x00, 0x00, 0x00, 0x00, 0x00, 0x00, 0xbb,
  0x00, 0x00, 0x00, 0x00, 0x1d, 0x00, 0x00, 0xef, 0x2e, 0x00, 0x00, 0xb5,
  0x00, 0xfc, 0x00, 0xe3, 0x00, 0xb2, 0x00, 0x04, 0x00, 0x00, 0x10, 0xc2,
  0x00, 0xf2, 0x00, 0xe5, 0x00, 0xc4, 0x00, 0x00, 0x00, 0x00, 0x04, 0x00,
  0x14, 0x00, 0x22, 0x00, 0x13, 0x00, 0x00, 0x00, 0x00, 0x00, 0x11, 0x00,
  0x00, 0x00, 0x00, 0x00, 0x00, 0x00, 0x00, 0x00, 0x00, 0x00, 0x00, 0x00,
  0xdd, 0x00, 0x31, 0x00, 0x00, 0x00, 0x00, 0x00, 0x00, 0x00, 0x00, 0x00,
  0xdb, 0x00, 0x00, 0x00, 0x00, 0x00, 0xda, 0x00, 0x00, 0x00, 0x00, 0xc6,
  0x00, 0xbe, 0x00, 0x00, 0x00, 0x00, 0x00, 0x00, 0x00, 0x00, 0x00, 0x00,
  0x1e, 0x00, 0x00, 0x00, 0x00, 0x20, 0x00, 0x00, 0x00, 0x00, 0x00, 0x14,
  0x00, 0xcb, 0x00, 0xda, 0x00, 0x13, 0x00, 0xba, 0x00, 0x00, 0x00, 0x00,
  0x00, 0x00, 0x00, 0x00, 0x00, 0x0d, 0x00, 0x00, 0x00, 0x00, 0x00, 0x09,
  0x00, 0xcd, 0x00, 0x00, 0x00, 0x00, 0x00, 0x00, 0x00, 0x00, 0x00, 0x00,
  0x25, 0x00, 0x00, 0x00, 0x00, 0x00, 0x00, 0x00, 0x00, 0x00, 0x2e, 0x00,
  0x00, 0xd6, 0x1f, 0x00, 0x30, 0xc3, 0x2b, 0xcf, 0x00, 0x00, 0x36, 0xd2,
  0x00, 0x00, 0x00, 0x00, 0x00, 0x00, 0x00, 0x00, 0x00, 0x00, 0x24, 0x00,
  0x00, 0xcb, 0x00, 0xee, 0x2f, 0x00, 0x00, 0xc4, 0x1a, 0xe4, 0x35, 0x00,
  0x38, 0x00, 0x00, 0x00, 0x00, 0x00, 0x00, 0x00, 0x00, 0x00, 0x00, 0x00,
  0x2a, 0xc7, 0x00, 0x20, 0x00, 0x00, 0x00, 0x00, 0x00, 0x24, 0x00, 0x0a,
  0x00, 0x00, 0x20, 0x16, 0x00, 0x00, 0x00, 0x00, 0x35, 0x00, 0x00, 0x00,
  0x00, 0xf3, 0x00, 0x00, 0xe9, 0x12, 0x00, 0x00, 0x00, 0x00, 0x00, 0x2c,
  0x00, 0xf1, 0x00, 0x00, 0x00, 0x26, 0x00, 0xf5, 0xef, 0x00, 0x00, 0x1d,
  0x00, 0xf0, 0x25, 0x00, 0x00, 0x00, 0x00, 0xf2, 0x00, 0x00, 0x00, 0x24,
  0x00, 0x0c, 0x00, 0xe3, 0x00, 0x27, 0x00, 0x1c, 0x00, 0x00, 0xe9, 0x39,
  0x00, 0x19, 0x00, 0x00, 0x00, 0x00, 0x00, 0x05, 0x00, 0x00, 0x00, 0x25,
  0x00, 0x1d, 0x00, 0x00, 0x1a, 0x00, 0x00, 0x12, 0x00, 0x14, 0x00, 0x00,
  0x00, 0x16, 0xec, 0x19, 0x00, 0x00, 0x00, 0x22, 0x00, 0x10, 0x00, 0x00,
  0x00, 0x15, 0x00, 0x0f, 0x00, 0x11, 0x00, 0x1c, 0xeb, 0x00, 0x00, 0x00,
  0x00, 0x09, 0xfa, 0x00, 0x00, 0x17, 0x1f, 0xf7, 0x00, 0x00, 0x15, 0x00,
  0x25, 0x00, 0x00, 0x00, 0x27, 0x00, 0x00, 0x02, 0x00, 0x00, 0x00, 0x01,
  0x26, 0x00, 0x00, 0x00, 0x00, 0x00, 0x00, 0x00, 0x21, 0x00, 0x00, 0x00,
  0x00, 0x00, 0x30, 0x00, 0x00, 0xc5, 0x00, 0xc4, 0x26, 0x00, 0x3e, 0xbf,
  0x3c, 0x00, 0x00, 0x00, 0x2c, 0xb7, 0x00, 0xc2, 0x00, 0x00, 0x21, 0x00,
  0x00, 0xbb, 0x00, 0x00, 0x25, 0xcc, 0x00, 0xba, 0x00, 0x00, 0x31, 0xcc,
  0x00, 0xb1, 0x00, 0x00, 0x00, 0x00, 0x00, 0xc1, 0x00, 0x2f, 0x00, 0x00,
  0x00, 0xb1, 0x00, 0x00, 0x00, 0x00, 0x3f, 0xae, 0x00, 0x00, 0x00, 0x00,
  0x00, 0x00, 0x00, 0x00, 0x00, 0x00, 0x00, 0x00, 0x00, 0x00, 0x00, 0x00,
  0x00, 0x00, 0x1a, 0x00, 0x00, 0x00, 0x3a, 0xc0, 0x00, 0x00, 0x00, 0x00,
  0x00, 0xb6, 0x00, 0x00, 0x00, 0x00, 0x00, 0xc0, 0x36, 0x13, 0x00, 0x00,
  0x00, 0xb4, 0x00, 0xd9, 0x00, 0x0e, 0x1b, 0xb6, 0x00, 0x00, 0x00, 0x09,
  0x00, 0x00, 0x26, 0x00, 0x00, 0x00, 0x00, 0x00, 0xf2, 0x00, 0x00, 0x15,
  0xdc, 0x00, 0x00, 0x00, 0xcf, 0x00, 0x00, 0xf7, 0x24, 0x00, 0xc8, 0x12,
  0x00, 0x32, 0x00, 0x00, 0xe3, 0x00, 0x00, 0x25, 0x00, 0x00, 0x00, 0x00,
  0x00, 0x4d, 0x17, 0x00, 0x00, 0xea, 0xd2, 0x3d, 0x00, 0x02, 0x00, 0x00,
  0x00, 0x2b, 0x00, 0x00, 0x00, 0x00, 0x00, 0x38, 0x00, 0x00, 0x00, 0xeb,
  0x00, 0x20, 0x00, 0x00, 0x00, 0x00, 0x00, 0x24, 0x00, 0x00, 0x00, 0x00,
  0x00, 0x07, 0x00, 0x00, 0x00, 0x00, 0x00, 0x07, 0x00, 0x00, 0x00, 0x00,
  0x00, 0xfb, 0x00, 0x00, 0x00, 0x00, 0x00, 0x00, 0x00, 0x00, 0x00, 0x08,
  0x00, 0x00, 0x00, 0x00, 0xea, 0x00, 0x00, 0x00, 0x00, 0x00, 0xef, 0x00,
  0x00, 0x00, 0x00, 0x00, 0x00, 0x09, 0x00, 0x00, 0x00, 0x00, 0x00, 0x00,
  0x00, 0x00, 0x00, 0x00, 0x00, 0x00, 0x00, 0xb9, 0x00, 0x00, 0x00, 0x01,
  0x00, 0xaf, 0x00, 0x1d, 0x31, 0x00, 0x00, 0xc7, 0x00, 0x00, 0x1f, 0x00,
  0x00, 0xba, 0x00, 0x00, 0x17, 0x00, 0x00, 0xc9, 0x00, 0x00, 0x00, 0x00,
  0x00, 0x00, 0x00, 0x00, 0x00, 0x00, 0x37, 0x00, 0x00, 0x00, 0x00, 0x00,
  0x00, 0x00, 0x00, 0x25, 0x00, 0x00, 0x00, 0x00, 0x00, 0x00, 0x00, 0x00,
  0x00, 0x00, 0x24, 0x00, 0x00, 0x00, 0x00, 0x00, 0x00, 0x00, 0x00, 0x17,
  0x00, 0x00, 0x00, 0x00, 0x00, 0x16, 0x00, 0x00, 0x00, 0x0e, 0x00, 0x00,
  0x00, 0x00, 0x00, 0x0b, 0x00, 0x0e, 0x00, 0x00, 0x00, 0x00, 0x00, 0x1b,
  0xe8, 0x00, 0x00, 0x00, 0x1b, 0x13, 0xe3, 0xf6, 0x00, 0x00, 0xd8, 0x00,
  0x00, 0x00, 0x00, 0x00, 0xc1, 0x00, 0x00, 0x00, 0x00, 0x00, 0x00, 0x13,
  0x00, 0x00, 0xf0, 0x00, 0x00, 0x1a, 0x00, 0x00, 0x00, 0x00, 0xf8, 0x1d,
  0x00, 0x00, 0x00, 0x00, 0x00, 0x00, 0x00, 0x1c, 0xe5, 0x00, 0x00, 0x00,
  0x1c, 0x00, 0x00, 0x00, 0xc4, 0x00, 0x00, 0x00, 0xe2, 0x00, 0xcf, 0x00,
  0x1e, 0x00, 0x00, 0x00, 0xe7, 0x00, 0x1b, 0x00, 0x00, 0x00, 0xd4, 0x00,
  0x00, 0x00, 0x00, 0x00, 0xd7, 0xeb, 0x00, 0x00, 0x00, 0x00, 0x00, 0x00,
  0x10, 0x00, 0x00, 0xe2, 0x00, 0x00, 0x00, 0x00, 0xf0, 0x00, 0x00, 0x00,
  0x1f, 0x00, 0xf0, 0x00, 0x00, 0x00, 0x00, 0x14, 0x00, 0x00, 0xe5, 0x00,
  0x17, 0x14, 0x00, 0x00, 0xe0, 0xd3, 0x16, 0x00, 0x00, 0x2a, 0x00, 0xe0,
  0x00, 0x00, 0x00, 0x32, 0xd3, 0x0e, 0x21, 0x00, 0xd7, 0x38, 0xdc, 0x1f,
  0x00, 0x00, 0x00, 0x00, 0xd3, 0x2e, 0x1f, 0x00, 0x00, 0xf0, 0x00, 0x23,
  0x00, 0x00, 0xe1, 0x00, 0x00, 0x26, 0xe8, 0x00, 0x00, 0xed, 0xd4, 0x22,
  0x00, 0x00, 0x00, 0x00, 0x00, 0x23, 0xdf, 0xd6, 0x00, 0xea, 0xc4, 0x2d,
  0xe3, 0x00, 0x00, 0x00, 0xe9, 0x0a, 0x00, 0x00, 0x32, 0x00, 0xca, 0x10,
  0x00, 0x11, 0x00, 0x00, 0x00, 0x11, 0x00, 0x00, 0x00, 0x00, 0x00, 0x16,
  0xe7, 0x00, 0x00, 0x12, 0x00, 0x00, 0x00, 0x0e, 0x00, 0x00, 0x00, 0x00,
  0x00, 0x00, 0x00, 0x00, 0x00, 0x00, 0x00, 0x00, 0x00, 0x00, 0x00, 0x00,
  0x00, 0x14, 0xf3, 0x00, 0x00, 0x00, 0x00, 0x00, 0x00, 0x00, 0xc3, 0xf0,
  0x00, 0x00, 0x00, 0x00, 0xcf, 0x00, 0x00, 0x00, 0x00, 0x00, 0x00, 0x00,
  0x00, 0x00, 0x00, 0x00, 0x00, 0x00, 0x26, 0x00, 0x00, 0x00, 0x00, 0x00,
  0x00, 0x22, 0x00, 0x00, 0x00, 0xee, 0x00, 0x00, 0x00, 0x00, 0x00, 0x00,
  0x00, 0x00, 0x00, 0x00, 0xd3, 0x00, 0x1b, 0x00, 0x00, 0x00, 0x00, 0x00,
  0x11, 0x00, 0x00, 0x00, 0x00, 0x00, 0x00, 0x00, 0x00, 0x00, 0x00, 0x0d,
  0x0c, 0x00, 0x00, 0x00, 0x00, 0x05, 0x00, 0x00, 0x00, 0x00, 0x00, 0x00,
  0x00, 0x00, 0xe6, 0x00, 0x00, 0x00, 0x00, 0x00, 0xe3, 0x00, 0x00, 0xfe,
  0x00, 0x00, 0x00, 0x00, 0x00, 0x00, 0x00, 0x00, 0x00, 0x00, 0x00, 0x00,
  0x0b, 0x2a, 0x00, 0x00, 0x00, 0x00, 0x00, 0x2c, 0x00, 0x00, 0x02, 0x00,
  0x00, 0x27, 0x00, 0x12, 0x00, 0x00, 0x00, 0x2a, 0xe9, 0x00, 0x00, 0x00,
  0x00, 0x00, 0x00, 0xe4, 0x00, 0x12, 0x0a, 0x00, 0xf4, 0x00, 0x00, 0x15,
  0x00, 0xeb, 0xdd, 0x00, 0x00, 0x12, 0x00, 0x00, 0x00, 0x00, 0xdc, 0x13,
  0x00, 0xea, 0x00, 0x00, 0x00, 0x28, 0x00, 0x00, 0x00, 0xe9, 0x00, 0x1a,
  0xd0, 0x00, 0x00, 0x00, 0x00, 0x22, 0x00, 0x00, 0x00, 0xf0, 0x00, 0x07,
  0x00, 0x00, 0x00, 0xd9, 0x00, 0x23, 0xdb, 0x28, 0x00, 0x00, 0x00, 0x09,
  0x00, 0x00, 0x00, 0x00, 0x00, 0x00, 0x00, 0x00, 0x00, 0x00, 0x00, 0x00,
  0x00, 0x00, 0x00, 0x00, 0x00, 0x00, 0x1f, 0x00, 0xe2, 0x00, 0x00, 0x00,
  0x00, 0x00, 0x00, 0x00, 0x00, 0x00, 0x00, 0x00, 0x00, 0x00, 0x00, 0x00,
  0x00, 0x24, 0x00, 0x00, 0x00, 0x00, 0x00, 0x00, 0xde, 0x00, 0x00, 0x00,
  0x35, 0x00, 0xf1, 0x00, 0x00, 0x00, 0x2c, 0x00, 0x00, 0x00, 0x00, 0x00,
  0x00, 0x29, 0x00, 0x00, 0x00, 0xc5, 0x00, 0x00, 0x00, 0x00, 0xb9, 0x00,
  0x00, 0x00, 0x00, 0x00, 0xd7, 0xc9, 0x00, 0x00, 0x00, 0x00, 0x00, 0x00,
  0x00, 0x21, 0x00, 0xe9, 0x00, 0x00, 0x00, 0x00, 0x00, 0xf1, 0x00, 0xff,
  0x00, 0x1f, 0x00, 0xef, 0x00, 0x00, 0x00, 0x00, 0x00, 0x00, 0x00, 0x03,
  0x00, 0x25, 0x00, 0x00, 0xd4, 0x00, 0x00, 0x2a, 0x00, 0x00, 0x00, 0x00,
  0x00, 0x2b, 0x33, 0x00, 0xdd, 0x00, 0x00, 0x15, 0xf0, 0x00, 0x00, 0x00,
  0x00, 0x19, 0xed, 0x00, 0x00, 0x0b, 0x00, 0x1a, 0x00, 0x00, 0x00, 0x00,
  0x00, 0x2b, 0xf7, 0x00, 0x00, 0x00, 0x00, 0x12, 0x00, 0x00, 0x00, 0x00,
  0x00, 0x17, 0x00, 0x00, 0x00, 0x00, 0x22, 0x00, 0xfa, 0x00, 0x00, 0x09,
  0x00, 0xe3, 0xf4, 0x00, 0x00, 0x12, 0x00, 0x00, 0x00, 0x00, 0x00, 0x24,
  0x00, 0x00, 0x00, 0x00, 0x00, 0x1c, 0x00, 0x00, 0x00, 0x00, 0x00, 0x27,
  0x00, 0x00, 0x00, 0x20, 0xd8, 0x11, 0x00, 0x00, 0x00, 0x00, 0x00, 0x00,
  0x00, 0x00, 0x00, 0x00, 0x25, 0x00, 0x00, 0x00, 0x00, 0x00, 0x21, 0xa7,
  0x00, 0xda, 0x00, 0x00, 0x00, 0x00, 0x00, 0x00, 0x00, 0x00, 0x00, 0x00,
  0xe9, 0x00, 0x00, 0x00, 0x00, 0xa6, 0x00, 0x00, 0x00, 0x00, 0x00, 0x00,
  0x00, 0x00, 0x00, 0x00, 0x00, 0xa6, 0x00, 0x00, 0x00, 0x00, 0x00, 0x00,
  0x00, 0x00, 0x00, 0xdd, 0x00, 0x00, 0x00, 0x00, 0x00, 0xdc, 0x00, 0x00,
  0x00, 0x00, 0x00, 0x00, 0x00, 0xb6, 0x00, 0x00, 0x00, 0x00, 0x00, 0x00,
  0x00, 0xd1, 0xed, 0x00, 0x00, 0x00, 0x00, 0x00, 0x00, 0x00, 0xf1, 0xae,
  0x00, 0x00, 0x00, 0x00, 0x00, 0x00, 0x00, 0xcf, 0x00, 0xef, 0x00, 0x00,
  0x00, 0x00, 0x00, 0xea, 0x00, 0x00, 0xee, 0x00, 0x00, 0x00, 0x00, 0x00,
  0x00, 0x00, 0x00, 0x00, 0x00, 0x00, 0x00, 0xc9, 0x00, 0x00, 0x00, 0x00,
  0x00, 0x00, 0x00, 0x00, 0x00, 0x00, 0x00, 0x00, 0x00, 0x00, 0x00, 0x00,
  0x00, 0x00, 0x00, 0x00, 0x00, 0xc5, 0x00, 0x00, 0x00, 0x00, 0x00, 0x00,
  0x00, 0x00, 0x00, 0xe7, 0x13, 0xce, 0x00, 0x0f, 0x00, 0xe7, 0x00, 0xcf,
  0x00, 0x00, 0x00, 0x00, 0x0d, 0xc5, 0x00, 0x00, 0x00, 0xe9, 0x17, 0x00,
  0x00, 0x00, 0x00, 0x00, 0x1c, 0xbd, 0x00, 0xc9, 0x00, 0x00, 0x00, 0xcf,
  0x1e, 0x00, 0x00, 0x00, 0x00, 0xc2, 0x00, 0x00, 0x00, 0x00, 0x1b, 0x00,
  0x00, 0x00, 0x00, 0xe3, 0x25, 0x00, 0x00, 0x00, 0x00, 0x00, 0x2c, 0xc9,
  0x00, 0x00, 0x00, 0x00, 0x1f, 0x00, 0x00, 0xc3, 0x00, 0x00, 0x24, 0xc7,
  0x00, 0x00, 0x00, 0x00, 0x00, 0xcd, 0x00, 0x00, 0x00, 0x00, 0x29, 0xc5,
  0x00, 0x00, 0x00, 0x00, 0x00, 0xcc, 0x00, 0x00, 0x00, 0x00, 0x00, 0xb4,
  0x00, 0xc2, 0x00, 0x00, 0x00, 0xbe, 0x00, 0xba, 0x00, 0x00, 0x00, 0x00,
  0x00, 0x00, 0x00, 0x00, 0x00, 0x00, 0x00, 0xb6, 0x00, 0x00, 0x00, 0x00,
  0x00, 0xbc, 0x00, 0x00, 0x00, 0x00, 0x00, 0x00, 0x00, 0x00, 0x00, 0x00,
  0x00, 0x00, 0x00, 0x00, 0x1f, 0xcd, 0x00, 0x00, 0x00, 0x00, 0x00, 0x00,
  0x29, 0x00, 0x00, 0x00, 0x00, 0xd0, 0x00, 0xbd, 0x00, 0x00, 0x00, 0x00,
  0x00, 0xb3, 0x00, 0x00, 0x00, 0x00, 0x00, 0xbb, 0x00, 0x00, 0x00, 0x00,
  0x00, 0xbe, 0x00, 0x00, 0x00, 0x00, 0x00, 0xae, 0x00, 0x00, 0x00, 0x00,
  0x00, 0xbf, 0xe8, 0x00, 0x0d, 0x12, 0x00, 0x00, 0x00, 0xdf, 0x00, 0x1a,
  0x00, 0xc8, 0x00, 0x00, 0x00, 0x00, 0xf1, 0x00, 0x00, 0x00, 0x00, 0x00,
  0x00, 0xce, 0x00, 0x0c, 0x00, 0x00, 0x00, 0x00, 0x00, 0x00, 0x00, 0x00,
  0x00, 0x00, 0x00, 0x00, 0x00, 0x00, 0x00, 0x00, 0x00, 0x00, 0x00, 0x00,
  0x00, 0x00, 0x00, 0xe0, 0x00, 0xc9, 0x00, 0x00, 0xee, 0xd7, 0x1f, 0x00,
  0x1e, 0x00, 0x00, 0xe5, 0x00, 0xbe, 0x00, 0x00, 0x00, 0xe4, 0x00, 0x00,
  0x00, 0x00, 0x00, 0x00, 0x13, 0x00, 0x00, 0x00, 0x00, 0x00, 0x13, 0x00,
  0x00, 0x00, 0x00, 0x00, 0x0a, 0x00, 0x00, 0x00, 0x00, 0x00, 0x00, 0xcc,
  0x00, 0x00, 0x00, 0x00, 0x00, 0x00, 0x00, 0x00, 0xdc, 0x00, 0x35, 0x00,
  0x00, 0x00, 0xda, 0x00, 0x34, 0xb4, 0x00, 0x00, 0xe0, 0x00, 0x2a, 0x00,
  0x00, 0x00, 0x00, 0x00, 0x00, 0xb4, 0x00, 0x00, 0x00, 0x00, 0x00, 0xb1,
  0x00, 0x00, 0x00, 0x00, 0x00, 0xa7, 0x00, 0x00, 0x00, 0x00, 0x00, 0xc9,
  0x00, 0xc9, 0x00, 0x00, 0x00, 0xcb, 0x00, 0xcf, 0x00, 0x00, 0x00, 0x00,
  0x00, 0x00, 0x00, 0x00, 0x00, 0x00, 0x1c, 0xcd, 0x00, 0x00, 0x00, 0x00,
  0x00, 0x00, 0x00, 0x00, 0x24, 0x00, 0x00, 0x00, 0x00, 0x00, 0x00, 0x00,
  0x00, 0x00, 0x00, 0x00, 0x00, 0xc9, 0x00, 0x00, 0x00, 0x00, 0x00, 0x00,
  0x00, 0x00, 0x00, 0x00, 0x00, 0x00, 0xe6, 0xca, 0x00, 0x00, 0x24, 0x00,
  0xe6, 0x00, 0x00, 0x00, 0x35, 0x00, 0x00, 0xcc, 0x00, 0x00, 0x30, 0x00,
  0x00, 0x00, 0x00, 0x00, 0x34, 0x00, 0x00, 0xba, 0x00, 0x00, 0x00, 0x00,
  0x00, 0x00, 0x00, 0xdd, 0x28, 0x00, 0xd5, 0x00, 0x00, 0xdf, 0x00, 0xcf,
  0x00, 0x00, 0x00, 0x00, 0x00, 0x00, 0xe8, 0x00, 0x00, 0x00, 0x27, 0x00,
  0x00, 0x00, 0x00, 0x00, 0x26, 0xc8, 0x00, 0x00, 0x00, 0x00, 0x2e, 0xb3,
  0x00, 0x00, 0x00, 0x00, 0x2d, 0xb2, 0x00, 0x00, 0x00, 0x00, 0xc5, 0x00,
  0x00, 0x00, 0x20, 0x00, 0x00, 0x00, 0x00, 0x21, 0x00, 0x00, 0xd9, 0x00,
  0x00, 0x00, 0xcd, 0x29, 0x00, 0x00, 0x00, 0x1e, 0x1d, 0x00, 0xce, 0x0a,
  0x00, 0x00, 0x00, 0x1c, 0x00, 0x00, 0x00, 0x00, 0x00, 0x1f, 0x00, 0x00,
  0x00, 0x00, 0x00, 0x00, 0xd9, 0x00, 0x00, 0x0a, 0x00, 0x24, 0x00, 0x00,
  0x00, 0x00, 0x00, 0x00, 0x00, 0x00, 0x00, 0x0a, 0x00, 0x00, 0x1c, 0x00,
  0x00, 0x00, 0x00, 0x00, 0x14, 0x00, 0x00, 0x00, 0x16, 0xeb, 0xd5, 0x00,
  0x1a, 0x00, 0x00, 0x00, 0x00, 0x00, 0x00, 0x00, 0x00, 0x00, 0x00, 0x00,
  0x00, 0x07, 0x00, 0x00, 0x00, 0x00, 0xec, 0x00, 0x00, 0x21, 0x00, 0x00,
  0x00, 0x00, 0x00, 0x00, 0x1c, 0xd4, 0x00, 0x00, 0x00, 0x00, 0x27, 0x00,
  0x00, 0x00, 0x00, 0x00, 0x2d, 0x00, 0x00, 0x00, 0x00, 0x00, 0x00, 0x00,
  0x00, 0x0d, 0x00, 0x00, 0x00, 0x00, 0x00, 0x00, 0x00, 0x00, 0x00, 0x00,
  0x00, 0x00, 0x00, 0x00, 0x00, 0xc7, 0x00, 0x00, 0x00, 0x24, 0x00, 0x00,
  0x2e, 0x00, 0x00, 0x00, 0x00, 0xca, 0x31, 0x0a, 0x00, 0x00, 0xeb, 0xd2,
  0x00, 0x00, 0x00, 0x21, 0x00, 0x00, 0x27, 0x0e, 0x00, 0x00, 0x00, 0x00,
  0x22, 0x10, 0x00, 0x2c, 0x00, 0x00, 0x2f, 0x00, 0x00, 0x00, 0x00, 0x00,
  0x2d, 0x00, 0x0e, 0x00, 0x00, 0x00, 0x00, 0x00, 0x00, 0x00, 0x00, 0x00,
  0x00, 0x00, 0x00, 0x00, 0x00, 0xfd, 0x00, 0x00, 0x00, 0x00, 0x00, 0x00,
  0x00, 0x00, 0x00, 0x00, 0x00, 0x00, 0x00, 0x10, 0x00, 0x32, 0x00, 0x00,
  0x00, 0x00, 0x1e, 0x00, 0x1d, 0x00, 0x00, 0x00, 0x00, 0x00, 0xcb, 0x00,
  0x00, 0x14, 0xdf, 0x2f, 0x00, 0x00, 0x00, 0x00, 0x00, 0x00, 0xd2, 0x00,
  0x00, 0x0e, 0x00, 0x00, 0x00, 0x00, 0x17, 0x00, 0x00, 0x00, 0x00, 0x00,
  0x00, 0x00, 0x00, 0x00, 0x00, 0x00, 0x00, 0x00, 0xd7, 0x00, 0x00, 0x0b,
  0x00, 0x00, 0x00, 0x00, 0x1c, 0x00, 0x00, 0x00, 0xdc, 0x00, 0x1b, 0x03,
  0x00, 0x00, 0x1b, 0x00, 0x00, 0x00, 0x00, 0x00, 0x00, 0x00, 0x00, 0xd2,
  0x00, 0x00, 0x20, 0x00, 0xd7, 0x00, 0x00, 0x00, 0x00, 0x00, 0x16, 0x00,
  0x00, 0x00, 0x00, 0x00, 0x15, 0x00, 0x00, 0x00, 0x00, 0x00, 0x1d, 0x00,
  0x00, 0x00, 0x00, 0x00, 0x00, 0x00, 0x00, 0x00, 0x00, 0x00, 0x18, 0x00,
  0x00, 0x00, 0xdc, 0x00, 0x00, 0x00, 0x00, 0xd9, 0x00, 0x00, 0x00, 0x00,
  0x00, 0x00, 0x00, 0x00, 0x00, 0x00, 0x00, 0x00, 0xd7, 0x00, 0x00, 0x00,
  0x00, 0x00, 0x00, 0x00, 0x00, 0xcc, 0x00, 0x00, 0xc6, 0x00, 0x00, 0xcc,
  0x00, 0x00, 0x0e, 0x00, 0x00, 0x00, 0x00, 0x00, 0x00, 0x00, 0x00, 0xd4,
  0x2c, 0x00, 0x00, 0x00, 0x00, 0x00, 0x00, 0x00, 0x00, 0x00, 0xdc, 0x00,
  0x00, 0x00, 0x00, 0xf2, 0x00, 0x00, 0x00, 0x00, 0x00, 0x00, 0x00, 0x00,
  0x00, 0x00, 0x00, 0x00, 0xe9, 0x00, 0x00, 0x00, 0x00, 0x00, 0x00, 0x00,
  0x00, 0x00, 0x21, 0x00, 0x00, 0x00, 0x00, 0x18, 0x00, 0x20, 0x00, 0x00,
  0x00, 0x00, 0xd1, 0x00, 0x00, 0x04, 0x00, 0x00, 0x00, 0x00, 0x00, 0x00,
  0x00, 0x1b, 0x16, 0x00, 0x00, 0x00, 0x00, 0x16, 0xdd, 0x20, 0x00, 0x00,
  0x00, 0x0f, 0x00, 0x00, 0xdb, 0x00, 0x00, 0x1b, 0xe5, 0x00, 0x00, 0x08,
  0x00, 0x00, 0x00, 0x1c, 0xe5, 0x0f, 0x00, 0x00, 0x00, 0xea, 0x00, 0x12,
  0x00, 0x00, 0x00, 0x00, 0x00, 0x0a, 0x00, 0x00, 0x00, 0x00, 0x13, 0x00,
  0x00, 0x00, 0xc6, 0x00, 0x1b, 0x00, 0x00, 0x00, 0x00, 0x00, 0x1c, 0x00,
  0x00, 0x00, 0x00, 0x00, 0x00, 0x00, 0x00, 0x00, 0x00, 0x00, 0xe2, 0x00,
  0x00, 0x00, 0x00, 0x1f, 0x00, 0x00, 0x00, 0x00, 0x00, 0x00, 0x00, 0x00,
  0x00, 0x07, 0x28, 0x21, 0x13, 0x00, 0x00, 0xd7, 0x00, 0x00, 0x00, 0x00,
  0x00, 0x00, 0xe1, 0x00, 0x00, 0x00, 0x00, 0x00, 0x00, 0xf2, 0x2d, 0x00,
  0x20, 0x00, 0x00, 0x00, 0x1b, 0x00, 0x00, 0x00, 0x10, 0xed, 0x00, 0x00,
  0x00, 0x00, 0x00, 0x00, 0x1a, 0xd2, 0x00, 0x00, 0x00, 0x00, 0x1f, 0x00,
  0x00, 0x00, 0xdf, 0x00, 0x10, 0x00, 0x00, 0x00, 0xda, 0x24, 0x00, 0x00,
  0x00, 0x00, 0x00, 0x00, 0x00, 0x00, 0x27, 0x00, 0x00, 0x00, 0x00, 0x00,
  0x00, 0x00, 0x00, 0x00, 0x00, 0x00, 0x00, 0x00, 0x00, 0x00, 0xf7, 0x00,
  0x00, 0x00, 0x00, 0x02, 0x00, 0x00, 0x00, 0x08, 0xfe, 0x08, 0xfe, 0x00,
  0x03, 0x00, 0x00, 0x0b, 0x00, 0x00, 0x00, 0x00, 0x00, 0x03, 0x00, 0x00,
  0x00, 0x00, 0x00, 0x00, 0x00, 0x00, 0x00, 0x00, 0x00, 0x00, 0x00, 0x00,
  0x00, 0x00, 0x00, 0x00, 0x00, 0x00, 0x00, 0x00, 0x00, 0x01, 0xf8, 0x00,
  0x00, 0x00, 0x00, 0x07, 0x00, 0x00, 0x07, 0x00, 0x00, 0x00, 0x00, 0x00,
  0x00, 0x0e, 0x00, 0x00, 0x00, 0x00, 0x02, 0x00, 0x00, 0x00, 0x00, 0x0b,
  0x00, 0x00, 0x00, 0x05, 0x00, 0x00, 0x00, 0x00, 0x00, 0x00, 0x00, 0x00,
  0x09, 0x00, 0x00, 0x00, 0x00, 0x00, 0x00, 0x00, 0x00, 0x0d, 0x00, 0x00,
  0xff, 0x00, 0x00, 0x04, 0x00, 0x00, 0x00, 0x00, 0x00, 0x08, 0x00, 0x0b,
  0x00, 0x00, 0x00, 0xff, 0x00, 0x00, 0x01, 0x00, 0x00, 0x00, 0xf8, 0x00,
  0x07, 0x0a, 0xf8, 0x00, 0x00, 0x0a, 0x00, 0x0c, 0x00, 0x00, 0xfc, 0x00,
  0x00, 0x00, 0x00, 0x00, 0xf8, 0x00, 0x05, 0x00, 0x00, 0x04, 0x00, 0x00,
  0x00, 0x00, 0x00, 0x00, 0x00, 0x00, 0x00, 0x00, 0x00, 0x00, 0xf9, 0x08,
  0x00, 0x00, 0x00, 0x00, 0x00, 0x00, 0x00, 0x00, 0x00, 0x00, 0x00, 0x00,
  0x00, 0x00, 0x00, 0x00, 0x00, 0x07, 0x00, 0x09, 0x00, 0x08, 0xf9, 0x09,
  0x00, 0x00, 0x00, 0x00, 0x00, 0x00, 0x00, 0x0f, 0x00, 0x00, 0x00, 0x00,
  0x0a, 0x00, 0xf8, 0x05, 0x00, 0x00, 0x00, 0x00, 0x00, 0x00, 0x00, 0x00,
  0x00, 0x00, 0x00, 0x00, 0xfa, 0x00, 0x00, 0x00, 0x00, 0x00, 0x00, 0x00,
  0x00, 0x0b, 0x00, 0x00, 0x00, 0x00, 0x00, 0x0e, 0x00, 0x0b, 0x00, 0x00,
  0x00, 0x0c, 0x00, 0x00, 0x00, 0x0c, 0x00, 0x0d, 0x00, 0x00, 0x00, 0x00,
  0x00, 0x00, 0x00, 0x00, 0x00, 0x00, 0x00, 0x00, 0x00, 0x00, 0x00, 0x00,
  0x00, 0x00, 0xfb, 0x00, 0x00, 0x00, 0x00, 0x00, 0x00, 0x00, 0xf8, 0x00,
  0x00, 0x0d, 0x00, 0x0b, 0x00, 0x00, 0x00, 0x00, 0x00, 0xfe, 0x00, 0x00,
  0x00, 0x00, 0x00, 0x04, 0x00, 0x00, 0x00, 0x00, 0x00, 0x00, 0x01, 0x0a,
  0x00, 0x0e, 0x00, 0x06, 0x00, 0x00, 0x00, 0x09, 0x00, 0x00, 0xfe, 0x00,
  0x0b, 0x00, 0x00, 0x00, 0x00, 0x00, 0x00, 0x00, 0x00, 0x00, 0x00, 0x00,
  0x00, 0x00, 0x00, 0x04, 0xfa, 0x00, 0x07, 0x00, 0xf8, 0x00, 0x00, 0x00,
  0x02, 0x00, 0x00, 0x00, 0x00, 0x00, 0x00, 0x00, 0xfb, 0x00, 0x00, 0x00,
  0x00, 0x0c, 0x00, 0x00, 0x00, 0x00, 0x0c, 0x00, 0x00, 0x00, 0x00, 0x00,
  0x00, 0x09, 0x00, 0x00, 0x00, 0x00, 0x00, 0x00, 0xfb, 0x0c, 0x00, 0x00,
  0x00, 0x00, 0x00, 0x00, 0x00, 0x00, 0x00, 0x07, 0x00, 0x00, 0xf8, 0x0c,
  0x00, 0x00, 0x00, 0x06, 0x00, 0x00, 0x09, 0x00, 0x00, 0xfe, 0xfc, 0x00,
  0x00, 0x00, 0x00, 0x00, 0x00, 0x00, 0x00, 0x00, 0x00, 0x00, 0x00, 0x00,
  0x00, 0x00, 0xfc, 0x00, 0x00, 0x00, 0x01, 0x00, 0x00, 0x08, 0x00, 0x00,
  0x00, 0x00, 0x00, 0x00, 0x00, 0x00, 0x09, 0x00, 0x00, 0x00, 0x00, 0x00,
  0x00, 0x00, 0x00, 0x00, 0x00, 0x00, 0x06, 0x00, 0x00, 0x00, 0xf9, 0x00,
  0x00, 0x00, 0x00, 0x00, 0xf7, 0x0b, 0x06, 0x00, 0x00, 0x00, 0xfd, 0x00,
  0x08, 0x00, 0x00, 0x00, 0x00, 0x00, 0x01, 0x00, 0x00, 0x00, 0x00, 0x00,
  0x00, 0x00, 0x00, 0x02, 0x00, 0x00, 0x01, 0x00, 0x00, 0x00, 0x00, 0x00,
  0x00, 0x00, 0x00, 0x00, 0x00, 0x00, 0x00, 0x0a, 0x00, 0x00, 0x00, 0x00,
  0x00, 0x00, 0xfd, 0x00, 0x00, 0x00, 0x00, 0x0b, 0x00, 0x00, 0xfc, 0x00,
  0x00, 0x00, 0x00, 0x0b, 0x00, 0x00, 0x00, 0x00, 0x00, 0x00, 0x00, 0x00,
  0x00, 0x00, 0x00, 0x01, 0xf9, 0x00, 0x00, 0x00, 0x00, 0x03, 0x00, 0x00,
  0x00, 0x00, 0xfc, 0x04, 0x00, 0x00, 0x00, 0x0e, 0x00, 0x00, 0x01, 0x00,
  0x00, 0x00, 0x00, 0x04, 0x00, 0x00, 0x00, 0x0d, 0x00, 0x00, 0x00, 0x00,
  0x00, 0x00, 0xf9, 0x00, 0x00, 0x09, 0x00, 0x00, 0x00, 0x06, 0x00, 0x00,
  0x00, 0x00, 0x00, 0x00, 0x00, 0x00, 0x00, 0x00, 0x00, 0x00, 0x00, 0x00,
  0x00, 0x00, 0x00, 0x0a, 0x00, 0x09, 0x00, 0x00, 0xfe, 0x0a, 0x00, 0x00,
  0x00, 0x0d, 0x00, 0x05, 0x00, 0x00, 0x00, 0x00, 0xfb, 0x06, 0xfc, 0x00,
  0x00, 0x00, 0x00, 0x08, 0x00, 0x00, 0x00, 0x00, 0x00, 0x00, 0x00, 0x00,
  0x11, 0x3e, 0x00, 0x00, 0x00, 0x00, 0x00, 0x3a, 0x00, 0x00, 0x00, 0x41,
  0x00, 0x41, 0x00, 0x00, 0x00, 0x00, 0x00, 0x37, 0x00, 0x00, 0x00, 0x00,
  0x00, 0x00, 0x00, 0x00, 0x00, 0x00, 0x00, 0x42, 0x00, 0x00, 0x00, 0x00,
  0x17, 0x00, 0x00, 0x00, 0x00, 0x00, 0x13, 0x00, 0x00, 0x00, 0x00, 0x00,
  0x00, 0x00, 0x00, 0x00, 0x00, 0x00, 0x00, 0x00, 0x00, 0x00, 0x00, 0x43,
  0x16, 0x00, 0x00, 0x00, 0x00, 0x42, 0x00, 0x00, 0x00, 0x00, 0x00, 0x00,
  0x00, 0x00, 0x00, 0x00, 0x00, 0x00, 0x00, 0x00, 0x00, 0x00, 0x00, 0x00,
  0x22, 0x3b, 0x00, 0x00, 0x00, 0x00, 0x21, 0x3a, 0x00, 0xfb, 0x00, 0x00,
  0x00, 0x00, 0x00, 0x00, 0x00, 0x00, 0x00, 0x00, 0x00, 0x00, 0x00, 0x44,
  0x00, 0x41, 0x00, 0x00, 0x00, 0x00, 0x00, 0x00, 0x00, 0x00, 0x00, 0x00,
  0x00, 0x00, 0x00, 0x00, 0x00, 0x00, 0x22, 0x4c, 0x00, 0x00, 0x00, 0x00,
  0x00, 0x00, 0x00, 0x00, 0x00, 0x00, 0x00, 0x00, 0x00, 0x00, 0x00, 0x47,
  0x00, 0x00, 0x00, 0x00, 0x00, 0x00, 0x00, 0x52, 0x00, 0x00, 0x00, 0x00,
  0x00, 0x48, 0x00, 0x00, 0x00, 0x4b, 0x00, 0x00, 0xc8, 0x00, 0x00, 0x00,
  0x00, 0x00, 0x00, 0x00, 0x00, 0x4a, 0x00, 0x00, 0x00, 0x00, 0x00, 0x00,
  0x00, 0x00, 0x00, 0x00, 0xe6, 0x49, 0x00, 0x00, 0x00, 0x00, 0x00, 0x00,
  0x00, 0x00, 0x00, 0x00, 0x00, 0x00, 0x00, 0x00, 0x00, 0x00, 0x00, 0x00,
  0x00, 0x00, 0x00, 0x00, 0x00, 0x00, 0x00, 0x00, 0x00, 0x00, 0x00, 0x00,
  0x28, 0x3d, 0x00, 0x00, 0x00, 0x50, 0x30, 0x35, 0x00, 0x00, 0x00, 0x4e,
  0x2c, 0x00, 0x00, 0x00, 0x00, 0x00, 0x00, 0x3d, 0x00, 0x00, 0x00, 0x00,
  0x00, 0x00, 0x00, 0x00, 0x00, 0x00, 0x00, 0x00, 0x00, 0x00, 0x00, 0x00,
  0x00, 0x00, 0x00, 0x00, 0x00, 0x00, 0x00, 0x46, 0x00, 0x00, 0x00, 0x00,
  0x00, 0x00, 0x00, 0x00, 0x00, 0x00, 0x00, 0x49, 0x00, 0x00, 0x00, 0x00,
  0x34, 0x00, 0x00, 0x00, 0x00, 0x46, 0x00, 0x00, 0x00, 0x00, 0x00, 0x00,
  0x00, 0x00, 0x00, 0x00, 0x00, 0x00, 0x37, 0x47, 0x00, 0x00, 0x06, 0x00,
  0x00, 0x00, 0x00, 0x00, 0x00, 0x00, 0x3c, 0x00, 0x00, 0x00, 0x00, 0x00,
  0x34, 0x00, 0x00, 0x00, 0x00, 0x00, 0x00, 0x3e, 0x00, 0x00, 0x00, 0x00,
  0x00, 0x3c, 0x00, 0x00, 0x00, 0x00, 0x00, 0x47, 0x00, 0x00, 0x00, 0x4a,
  0x3a, 0x00, 0x00, 0x00, 0x00, 0x00, 0x00, 0x00, 0x00, 0x00, 0x00, 0x00,
  0x00, 0x00, 0x00, 0x00, 0x00, 0x00, 0x00, 0x00, 0x00, 0x00, 0x00, 0x00,
  0x00, 0x49, 0x00, 0x00, 0x00, 0x00, 0x39, 0x4e, 0x00, 0x00, 0x00, 0x00,
  0x00, 0x00, 0x00, 0x00, 0x00, 0x00, 0x00, 0x00, 0x00, 0x00, 0x00, 0x48,
  0x00, 0x00, 0x00, 0x00, 0x00, 0x00, 0x00, 0x37, 0x00, 0x00, 0x00, 0x00,
  0x00, 0x00, 0x00, 0x00, 0x00, 0x00, 0x00, 0x00, 0x00, 0x00, 0xf9, 0x00,
  0x00, 0x22, 0xdc, 0x00, 0x00, 0x00, 0x00, 0x21, 0xe5, 0x00, 0x00, 0x00,
  0x31, 0x00, 0x00, 0x00, 0x00, 0x00, 0x00, 0x00, 0x00, 0xfe, 0x00, 0x4e,
  0x32, 0x00, 0x00, 0x00, 0x00, 0x00, 0x2d, 0x00, 0x00, 0x00, 0x00, 0x00,
  0x00, 0x00, 0x00, 0x00, 0x0b, 0x00, 0x00, 0x00, 0x00, 0x00, 0x00, 0x00,
  0x2f, 0x00, 0x00, 0x00, 0x00, 0x00, 0x00, 0x0e, 0x00, 0x00, 0x00, 0x00,
  0x2e, 0x00, 0x00, 0x00, 0x00, 0x00, 0x00, 0x00, 0x00, 0x00, 0x00, 0x00,
  0x00, 0x00, 0x00, 0x00, 0x00, 0x00, 0x00, 0x00, 0x00, 0x00, 0x00, 0x00,
  0x00, 0x1a, 0x00, 0x00, 0x00, 0x00, 0x00, 0x00, 0x00, 0x00, 0x00, 0x00,
  0x00, 0x00, 0x00, 0x00, 0x00, 0x00, 0x00, 0x00, 0x00, 0x00, 0x00, 0x00,
  0x00, 0x14, 0x00, 0x00, 0x00, 0x00, 0x00, 0x00, 0xd3, 0x00, 0x00, 0x00,
  0x00, 0x11, 0x00, 0x00, 0x00, 0x00, 0x00, 0x00, 0x00, 0x00, 0x00, 0x00,
  0x2d, 0x21, 0x00, 0x00, 0x00, 0x00, 0x00, 0x1f, 0x00, 0x00, 0x00, 0x00,
  0x00, 0x1c, 0x00, 0x03, 0x00, 0x00, 0x00, 0x00, 0x00, 0x00, 0x00, 0x00,
  0x00, 0x00, 0x00, 0x00, 0x00, 0x00, 0x00, 0x00, 0x00, 0x00, 0x00, 0x00,
  0x2c, 0x00, 0x00, 0x00, 0x00, 0x00, 0x00, 0x29, 0x00, 0x00, 0x00, 0x00,
  0x00, 0x27, 0x00, 0x00, 0x00, 0x00, 0x00, 0x00, 0x00, 0x00, 0x00, 0x00,
  0x00, 0x00, 0x24, 0x00, 0x00, 0x00, 0x00, 0x00, 0x00, 0x00, 0x29, 0x00,
  0x24, 0x00, 0x00, 0x00, 0x00, 0x00, 0x00, 0x00, 0x00, 0x00, 0x00, 0x00,
  0x00, 0x00, 0x00, 0x00, 0x00, 0x00, 0x00, 0x00, 0x32, 0x00, 0x00, 0x00,
  0x00, 0x00, 0x00, 0x00, 0x00, 0x00, 0x00, 0x00, 0x00, 0x00, 0x00, 0xcf,
  0x00, 0x00, 0x00, 0x00, 0x00, 0xcb, 0x00, 0x00, 0x00, 0x00, 0x00, 0x00,
  0x00, 0x00, 0x00, 0x00, 0x00, 0x00, 0x00, 0x00, 0x00, 0x00, 0x00, 0x00,
  0x00, 0xce, 0x33, 0x00, 0x00, 0x00, 0x00, 0x00, 0x00, 0x00, 0x00, 0x00,
  0x00, 0x00, 0x00, 0x00, 0x00, 0x00, 0x00, 0x00, 0x2e, 0x00, 0x00, 0x00,
  0xe3, 0x00, 0x00, 0x00, 0x00, 0x15, 0xdf, 0x00, 0x00, 0x00, 0x00, 0x00,
  0xe4, 0x00, 0x00, 0x00, 0x0c, 0x00, 0x00, 0x00, 0x00, 0x00, 0x00, 0xdf,
  0x00, 0x00, 0x00, 0x00, 0x00, 0x00, 0x00, 0x00, 0x00, 0xd6, 0x00, 0x00,
  0xe3, 0x00, 0x00, 0x00, 0x00, 0x00, 0x00, 0xd9, 0x00, 0x00, 0x00, 0x00,
  0x00, 0x00, 0x00, 0x00, 0x00, 0xe6, 0x00, 0x00, 0x00, 0x00, 0x00, 0xeb,
  0x13, 0x00, 0x00, 0x00, 0x12, 0x00, 0x00, 0x00, 0x00, 0x00, 0x00, 0x00,
  0x15, 0x00, 0x00, 0x00, 0x00, 0x00, 0x00, 0x00, 0x00, 0x00, 0x00, 0xda,
  0x00, 0x00, 0x00, 0x00, 0x00, 0xe6, 0x00, 0x00, 0x00, 0x00, 0x00, 0x00,
  0x00, 0x00, 0x00, 0x00, 0x00, 0xdd, 0x00, 0x00, 0x27, 0x00, 0x00, 0xe3,
  0x00, 0x00, 0x00, 0x00, 0x00, 0xd3, 0x00, 0x00, 0x2b, 0x00, 0x31, 0x00,
  0x00, 0x00, 0x21, 0xdc, 0x00, 0xdd, 0x00, 0x00, 0x00, 0x00, 0x23, 0x00,
  0x00, 0x00, 0x00, 0x00, 0x00, 0x00, 0x16, 0x00, 0x00, 0x00, 0x00, 0x00,
  0x00, 0x12, 0x00, 0x00, 0x00, 0x00, 0x00, 0x00, 0x00, 0x00, 0x00, 0xcc,
  0xd9, 0x00, 0x00, 0x00, 0x00, 0x00, 0x00, 0x00, 0x00, 0x00, 0x00, 0x00,
  0x00, 0x00, 0x00, 0x00, 0x00, 0x00, 0x00, 0x00, 0x00, 0x00, 0x22, 0x0c,
  0x00, 0x00, 0x00, 0x00, 0x00, 0x0b, 0xe6, 0x00, 0x31, 0x00, 0x00, 0x12,
  0x00, 0x00, 0x00, 0x00, 0x20, 0x00, 0x00, 0x00, 0x00, 0x00, 0x00, 0x20,
  0x00, 0x00, 0x00, 0x00, 0x24, 0x00, 0x00, 0x00, 0x2c, 0x00, 0x27, 0x00,
  0xe3, 0x0f, 0x00, 0x00, 0x19, 0x00, 0x00, 0x08, 0x00, 0x00, 0x30, 0x00,
  0x00, 0x00, 0x00, 0x00, 0x27, 0x00, 0x00, 0x10, 0x00, 0x00, 0x00, 0x00,
  0xec, 0x00, 0x32, 0x00, 0x00, 0x00, 0x00, 0x00, 0x00, 0x00, 0x36, 0xcd,
  0x00, 0xd1, 0x00, 0xd8, 0x40, 0x00, 0x00, 0x00, 0x00, 0xd5, 0x3c, 0x00,
  0x00, 0x00, 0x00, 0xc9, 0x3e, 0x00, 0x00, 0x00, 0x00, 0x00, 0x31, 0xdd,
  0x1e, 0x00, 0x00, 0x00, 0x00, 0xdd, 0x1e, 0x00, 0x00, 0x00, 0x00, 0xcd,
  0x00, 0x00, 0x00, 0x00, 0x00, 0xd6, 0x00, 0x00, 0x00, 0x00, 0x00, 0xc0,
  0x00, 0x00, 0x00, 0x00, 0x30, 0xb7, 0x00, 0x00, 0x06, 0x00, 0x2c, 0xc4,
  0x26, 0x00, 0x00, 0x00, 0x34, 0x00, 0x00, 0x00, 0x00, 0x00, 0x00, 0xca,
  0x2c, 0x00, 0x00, 0x00, 0x20, 0xdb, 0x00, 0x00, 0x35, 0x00, 0x00, 0xc0,
  0x00, 0x00, 0x00, 0x00, 0x00, 0x00, 0x00, 0x00, 0x00, 0x00, 0x00, 0x00,
  0x00, 0x00, 0x00, 0x00, 0x00, 0xd0, 0x00, 0x00, 0x00, 0x00, 0x2c, 0x00,
  0x00, 0x00, 0x00, 0x00, 0x00, 0x00, 0x1b, 0x00, 0x30, 0x00, 0x00, 0x00,
  0x00, 0x00, 0x00, 0x00, 0x00, 0xd8, 0x00, 0x00, 0x00, 0x00, 0x00, 0x00,
  0x00, 0x00, 0x00, 0x00, 0x00, 0x00, 0x00, 0x00, 0x00, 0x00, 0x00, 0x00,
  0xdd, 0x00, 0x00, 0x00, 0x00, 0x00, 0x00, 0x00, 0x00, 0x00, 0x00, 0x00,
  0x00, 0x00, 0x00, 0x00, 0x00, 0x00, 0x00, 0x00, 0x00, 0x00, 0x00, 0x13,
  0x00, 0x00, 0x00, 0x00, 0x00, 0x00, 0x00, 0x08, 0x33, 0x00, 0x10, 0x00,
  0x00, 0x07, 0x00, 0x00, 0x00, 0x00, 0x00, 0x01, 0x00, 0x00, 0x12, 0x12,
  0x00, 0x00, 0x2c, 0x00, 0x00, 0x00, 0xd2, 0x00, 0x00, 0x00, 0x00, 0xd4,
  0x00, 0x00, 0x3c, 0x00, 0x00, 0xd6, 0x00, 0x00, 0x00, 0x00, 0x0a, 0x00,
  0x00, 0x00, 0x00, 0x00, 0x00, 0x00, 0x00, 0x00, 0x00, 0x00, 0x00, 0x00,
  0xdb, 0x00, 0x00, 0x00, 0x00, 0x00, 0x00, 0x0a, 0x00, 0x00, 0x07, 0xd0,
  0x00, 0x00, 0x00, 0x00, 0x00, 0x00, 0x00, 0x09, 0x00, 0x00, 0x00, 0x00,
  0x00, 0x00, 0x0a, 0x00, 0xef, 0x00, 0x00, 0x00, 0x0d, 0xeb, 0xd0, 0x00,
  0x00, 0x00, 0x00, 0x00, 0x00, 0x00, 0x00, 0x00, 0x00, 0x00, 0x00, 0x00,
  0x00, 0x00, 0x00, 0x00, 0x00, 0x00, 0x00, 0x00, 0x00, 0x00, 0x00, 0x00,
  0x00, 0x0a, 0x00, 0x00, 0x24, 0x00, 0xe4, 0x00, 0xdd, 0x00, 0x1f, 0x19,
  0x00, 0x00, 0x00, 0x00, 0x00, 0x00, 0x00, 0x00, 0x00, 0xe7, 0x00, 0x00,
  0xdc, 0x00, 0x00, 0x00, 0x00, 0x00, 0xe0, 0x00, 0x00, 0x00, 0x00, 0x00,
  0x00, 0x00, 0x00, 0x00, 0x00, 0x00, 0xe0, 0x00, 0x00, 0x00, 0x00, 0x00,
  0x00, 0x00, 0xdb, 0x00, 0x00, 0x00, 0x00, 0x00, 0x00, 0x00, 0x00, 0x00,
  0x00, 0x00, 0x00, 0x00, 0x00, 0x00, 0x00, 0x00, 0x00, 0xe1, 0x00, 0x00,
  0x00, 0x00, 0x00, 0x00, 0x00, 0x00, 0x00, 0x00, 0x00, 0x00, 0xd2, 0x00,
  0x00, 0xc5, 0x00, 0x00, 0x00, 0x1b, 0x12, 0xd3, 0x00, 0xe7, 0xd1, 0x00,
  0x00, 0xd8, 0x00, 0x00, 0x00, 0x00, 0x00, 0x00, 0x00, 0x00, 0xd4, 0x00,
  0x19, 0xc0, 0x00, 0xe2, 0x00, 0x00, 0x00, 0xce, 0x23, 0xc5, 0x1c, 0x00,
  0x00, 0xd0, 0x00, 0xca, 0x00, 0x00, 0x00, 0xc2, 0x00, 0x00, 0x00, 0x00,
  0x00, 0x00, 0x2f, 0x00, 0xc1, 0x00, 0x00, 0xc3, 0x00, 0xd8, 0x00, 0x00,
  0x00, 0xd3, 0x00, 0x00, 0x00, 0x00, 0x00, 0xd3, 0x00, 0x00, 0x00, 0x00,
  0x00, 0xd8, 0x00, 0x00, 0x00, 0x00, 0xeb, 0x00, 0x00, 0x00, 0x00, 0x00,
  0x00, 0x00, 0xdc, 0xed, 0x00, 0x00, 0x00, 0x18, 0x00, 0x00, 0x00, 0x00,
  0x00, 0x18, 0x00, 0x00, 0xd6, 0x00, 0x00, 0x00, 0x00, 0x00, 0xec, 0xe1,
  0x00, 0x00, 0x00, 0x00, 0x00, 0xd7, 0x00, 0x00, 0x00, 0x00, 0x00, 0xdd,
  0x16, 0x17, 0x00, 0x00, 0x00, 0xe4, 0x00, 0x00, 0x00, 0x00, 0x00, 0x00,
  0x00, 0x00, 0x00, 0x00, 0x00, 0x00, 0x00, 0x00, 0x00, 0x00, 0x00, 0x00,
  0x00, 0x00, 0x00, 0xe2, 0xce, 0x27, 0x00, 0x00, 0x09, 0xd9, 0x00, 0x00,
  0x00, 0x00, 0x00, 0x00, 0x00, 0x00, 0xda, 0x00, 0x00, 0x00, 0xe4, 0x00,
  0x00, 0x00, 0x00, 0x00, 0x00, 0x00, 0x00, 0x00, 0x00, 0xe5, 0x00, 0x00,
  0xd8, 0x00, 0xcd, 0x00, 0x00, 0x00, 0x00, 0x00, 0x00, 0x00, 0x00, 0x00,
  0x00, 0xe4, 0x00, 0x00, 0x00, 0x00, 0x00, 0x00, 0x00, 0x00, 0x00, 0x00,
  0x00, 0x00, 0x00, 0x00, 0x00, 0x00, 0xdc, 0x00, 0x00, 0x00, 0xf0, 0x00,
  0x00, 0xe5, 0x00, 0x00, 0x00, 0x31, 0x00, 0xdd, 0x00, 0xed, 0x00, 0x00,
  0x00, 0x00, 0x00, 0x00, 0x00, 0x33, 0x00, 0x00, 0x00, 0x00, 0xec, 0x00,
  0x00, 0x00, 0x00, 0x00, 0xdc, 0x31, 0x00, 0x00, 0x00, 0x00, 0x00, 0x26,
  0x00, 0xd0, 0x00, 0x00, 0xc8, 0x00, 0x00, 0xd6, 0x00, 0x1b, 0xdc, 0x23,
  0xd5, 0x00, 0x0c, 0x00, 0xea, 0x00, 0x00, 0x00, 0x00, 0xda, 0x21, 0x2f,
  0x00, 0x00, 0x00, 0x00, 0x00, 0x00, 0x00, 0xcd, 0x00, 0x00, 0x00, 0x00,
  0xdd, 0xd7, 0x00, 0x00, 0x00, 0x00, 0x00, 0xe2, 0x00, 0x00, 0x00, 0x00,
  0xe2, 0x00, 0xd9, 0x00, 0x00, 0x1e, 0x00, 0x00, 0x00, 0x00, 0x00, 0x1a,
  0x00, 0x00, 0x04, 0xe3, 0xdc, 0x00, 0x00, 0x00, 0x00, 0xdf, 0x00, 0x00,
  0x00, 0x00, 0x00, 0x00, 0x00, 0x00, 0x00, 0x00, 0x00, 0x00, 0x00, 0x00,
  0x00, 0x00, 0x00, 0x00, 0x00, 0x00, 0x00, 0x00, 0x00, 0x00, 0x00, 0x00,
  0x14, 0x00, 0x00, 0x00, 0x00, 0x00, 0x00, 0xe3, 0x00, 0x00, 0x00, 0x00,
  0x1a, 0x00, 0x00, 0x00, 0xd0, 0x22, 0x00, 0x00, 0x00, 0x00, 0x00, 0x00,
  0x1d, 0x00, 0x00, 0x00, 0x00, 0x00, 0x00, 0x00, 0x00, 0x00, 0x00, 0x00,
  0x00, 0x00, 0x00, 0xe4, 0x00, 0x00, 0x00, 0x00, 0x00, 0xe1, 0x22, 0x00,
  0x00, 0x00, 0x00, 0x00, 0x00, 0x00, 0x00, 0x00, 0x00, 0x00, 0x00, 0x00,
  0x00, 0x00, 0x00, 0xdc, 0x00, 0x00, 0xe2, 0x00, 0x00, 0x00, 0x00, 0x00,
  0x00, 0xda, 0x00, 0x00, 0xe5, 0x00, 0x00, 0xe2, 0x00, 0x00, 0xf2, 0x00,
  0x00, 0x00, 0x00, 0xee, 0x00, 0x00, 0x00, 0x00, 0x00, 0x00, 0x00, 0x2b,
  0x00, 0x00, 0x00, 0x00, 0xef, 0x00, 0x00, 0x00, 0x00, 0x00, 0xe2, 0x24,
  0x00, 0x00, 0x00, 0x00, 0x00, 0x00, 0xd3, 0xe5, 0x0e, 0xdc, 0xdb, 0x00,
  0x00, 0xdc, 0x00, 0x00, 0xc2, 0x32, 0x00, 0x00, 0x00, 0x17, 0x32, 0xe3,
  0x30, 0x00, 0x00, 0x00, 0x2b, 0x00, 0x4c, 0x00, 0x00, 0x00, 0x00, 0x00,
  0x3a, 0x00, 0x00, 0x00, 0xeb, 0x00, 0x37, 0x00, 0x00, 0x0f, 0xe6, 0x00,
  0x35, 0x00, 0x00, 0x00, 0x00, 0xe3, 0x5e, 0x00, 0x00, 0x15, 0x00, 0xea,
  0x44, 0x00, 0x1c, 0x00, 0xd0, 0xef, 0x3d, 0x00, 0x1f, 0x00, 0xd3, 0xe2,
  0x17, 0x00, 0x00, 0x00, 0x00, 0x00, 0x14, 0x0e, 0x00, 0x00, 0x00, 0x00,
  0x00, 0x28, 0x00, 0x1d, 0x00, 0xf2, 0x00, 0x3e, 0x00, 0x00, 0xcb, 0xe4,
  0x00, 0x28, 0x3f, 0x00, 0x00, 0xe5, 0x00, 0x3c, 0x00, 0x00, 0x00, 0xf1,
  0x00, 0x27, 0x00, 0x1b, 0xda, 0x00, 0x00, 0x2d, 0x2d, 0x00, 0x00, 0x00,
  0x00, 0x1d, 0x00, 0x00, 0x00, 0x2b, 0x05, 0x00, 0x00, 0x00, 0x00, 0x00,
  0x0f, 0x00, 0x00, 0x00, 0x00, 0x31, 0x0f, 0x00, 0x00, 0x00, 0x00, 0x00,
  0x00, 0x1c, 0x00, 0x00, 0x18, 0x00, 0x09, 0x00, 0x00, 0x14, 0x1c, 0x00,
  0x0c, 0x00, 0x00, 0x0b, 0x00, 0x00, 0x00, 0x00, 0x00, 0x00, 0xf3, 0x00,
  0x08, 0xde, 0x00, 0x00, 0x00, 0x00, 0x0e, 0xe0, 0x00, 0x00, 0x00, 0x00,
  0x00, 0x00, 0x00, 0x00, 0x2f, 0x00, 0x00, 0xc9, 0x00, 0x00, 0x00, 0x00,
  0x00, 0xd5, 0x00, 0x00, 0x31, 0xef, 0x00, 0x00, 0x00, 0x00, 0x3c, 0x00,
  0x06, 0xd0, 0x00, 0x00, 0x3d, 0x00, 0x00, 0x00, 0x48, 0x00, 0x2b, 0x00,
  0x00, 0xbf, 0x32, 0x00, 0x2f, 0xda, 0x00, 0xcc, 0x00, 0x00, 0x00, 0xce,
  0x00, 0xb9, 0x00, 0x2e, 0x00, 0x00, 0x2d, 0xce, 0x00, 0x19, 0x41, 0x00,
  0x05, 0xd2, 0x00, 0x00, 0x00, 0x00, 0x15, 0xc9, 0x2a, 0x00, 0x00, 0x00,
  0x13, 0x00, 0x00, 0x00, 0x00, 0x00, 0x00, 0x00, 0x00, 0x00, 0x00, 0x00,
  0x3b, 0x00, 0x00, 0x00, 0x00, 0xdc, 0x2b, 0xd4, 0x00, 0x00, 0xed, 0x00,
  0x00, 0x00, 0x1c, 0x00, 0xdd, 0x00, 0x2b, 0x00, 0x22, 0x00, 0x00, 0xe4,
  0x00, 0x00, 0x20, 0x27, 0x00, 0xe3, 0x00, 0x00, 0x00, 0x2c, 0x00, 0xe4,
  0x09, 0x00, 0x00, 0x0e, 0x00, 0x00, 0x10, 0x21, 0x28, 0x00, 0x08, 0xd5,
  0x17, 0x1b, 0x00, 0x00, 0x00, 0x00, 0x00, 0x42, 0x00, 0x13, 0x00, 0xe5,
  0x02, 0x51, 0x00, 0x1a, 0x00, 0x00, 0x00, 0x47, 0x00, 0x00, 0x00, 0x00,
  0x00, 0x32, 0x20, 0x00, 0x00, 0x00, 0x00, 0x00, 0x00, 0x10, 0x00, 0x00,
  0x0d, 0x27, 0x00, 0x00, 0x00, 0x00, 0x00, 0x00, 0x00, 0x00, 0x00, 0x17,
  0x00, 0x00, 0x00, 0x00, 0x1b, 0x1f, 0x00, 0x00, 0xf9, 0x00, 0x18, 0x1b,
  0x00, 0x00, 0x00, 0x00, 0x00, 0x00, 0xfc, 0x00, 0x00, 0x00, 0x00, 0x00,
  0x00, 0x00, 0x00, 0x00, 0x1c, 0x00, 0x02, 0xdf, 0x00, 0x00, 0x28, 0x00,
  0x05, 0x00, 0x00, 0x00, 0x26, 0x00, 0x00, 0xe0, 0x00, 0x00, 0x00, 0x00,
  0x00, 0x00, 0xdd, 0x00, 0x35, 0x00, 0x02, 0x00, 0x00, 0x00, 0x39, 0x00,
  0x00, 0xe1, 0x25, 0xd8, 0x2a, 0x00, 0x16, 0x00, 0x26, 0x00, 0x2b, 0x00,
  0x00, 0x00, 0x00, 0xe4, 0x31, 0x00, 0x0e, 0xd8, 0x27, 0x13, 0x3a, 0x00,
  0x0b, 0x00, 0x00, 0x35, 0x2e, 0x00, 0x09, 0xd2, 0x30, 0x00, 0x43, 0x00,
  0x27, 0xd1, 0x24, 0x18, 0x38, 0xd6, 0x1d, 0x00, 0x29, 0x15, 0x3d, 0x00,
  0x1a, 0xd4, 0x27, 0x20, 0x00, 0x00, 0x19, 0xd5, 0x00, 0x00, 0x00, 0x00,
  0x00, 0x00, 0x00, 0x00, 0x17, 0x00, 0x1f, 0xd2, 0x1d, 0xe9, 0x00, 0x00,
  0x00, 0x00, 0x00, 0x00, 0xdc, 0x00, 0x00, 0x13, 0x00, 0x00, 0x00, 0xe3,
  0x00, 0x2e, 0x00, 0x00, 0xcc, 0xdd, 0x0a, 0x00, 0xea, 0x00, 0x00, 0x00,
  0x00, 0x2f, 0x00, 0x00, 0x00, 0x00, 0x00, 0x25, 0x19, 0x00, 0x00, 0xc7,
  0x00, 0x58, 0x00, 0x10, 0x00, 0xd6, 0x10, 0x4f, 0x00, 0x00, 0x00, 0x00,
  0x12, 0x42, 0x00, 0xd9, 0x00, 0xdc, 0x01, 0x27, 0x00, 0x00, 0x00, 0x00,
  0x17, 0x44, 0x00, 0x00, 0x00, 0x00, 0xfc, 0x2a, 0x00, 0x1a, 0x00, 0x00,
  0x00, 0x00, 0x00, 0x00, 0x00, 0x21, 0x00, 0x00, 0x00, 0x00, 0x00, 0x00,
  0x00, 0x00, 0x00, 0x00, 0x28, 0x29, 0x00, 0x00, 0x1e, 0x00, 0x11, 0x31,
  0x00, 0x00, 0x1d, 0x00, 0x00, 0x00, 0x03, 0x00, 0x00, 0x00, 0x00, 0x00,
  0x00, 0x00, 0xff, 0x00, 0x26, 0x00, 0x04, 0x00, 0x00, 0x00, 0x37, 0x00,
  0x00, 0x00, 0x00, 0x00, 0x2c, 0x29, 0x00, 0x00, 0x00, 0x00, 0x00, 0x00,
  0x00, 0x00, 0x00, 0xbe, 0x19, 0x00, 0x00, 0x00, 0x00, 0xba, 0x00, 0x00,
  0xc1, 0x00, 0x00, 0x00, 0x26, 0x00, 0x00, 0x00, 0x00, 0x00, 0x00, 0x00,
  0x00, 0x00, 0x00, 0x00, 0x25, 0x1c, 0x00, 0x00, 0x00, 0xad, 0x18, 0x00,
  0x00, 0x00, 0x00, 0xba, 0x12, 0x00, 0x00, 0x00, 0x00, 0x00, 0x00, 0x00,
  0x00, 0x00, 0x00, 0x00, 0x00, 0x00, 0x00, 0x00, 0x00, 0x00, 0x14, 0x00,
  0x00, 0x00, 0x00, 0x00, 0x00, 0x00, 0x00, 0x00, 0x00, 0x00, 0x00, 0x00,
  0x00, 0x16, 0x00, 0x00, 0x00, 0x00, 0x00, 0x00, 0x00, 0x00, 0x00, 0x00,
  0x00, 0x00, 0x00, 0x00, 0x00, 0x00, 0x00, 0x00, 0x00, 0x00, 0x00, 0x00,
  0xc8, 0x00, 0x00, 0xbf, 0x00, 0x00, 0x00, 0x00, 0x28, 0x00, 0x00, 0x00,
  0xbd, 0x00, 0x00, 0x00, 0xd6, 0x00, 0x00, 0x00, 0x00, 0x00, 0x00, 0xee,
  0xbc, 0x00, 0x46, 0x00, 0x00, 0xe8, 0x00, 0x00, 0x00, 0xc6, 0x28, 0xe0,
  0xc4, 0x00, 0x00, 0xcb, 0x2e, 0x00, 0x00, 0x00, 0x00, 0x00, 0x24, 0x00,
  0x00, 0x00, 0xf8, 0x00, 0x2d, 0x00, 0x00, 0x00, 0x00, 0x00, 0x00, 0x00,
  0x00, 0x00, 0x00, 0x00, 0x00, 0x00, 0x00, 0xc4, 0x00, 0x00, 0x00, 0x00,
  0x00, 0xc2, 0x1c, 0x00, 0x00, 0x00, 0x00, 0x00, 0x00, 0x00, 0x13, 0x00,
  0x00, 0x00, 0x00, 0x00, 0x39, 0x3a, 0x00, 0x00, 0x00, 0x00, 0x1f, 0x00,
  0x00, 0x00, 0x00, 0x00, 0x00, 0x00, 0x00, 0xcb, 0x00, 0x00, 0x00, 0x00,
  0x00, 0x00, 0x00, 0x00, 0x00, 0xfa, 0x00, 0x00, 0x00, 0x00, 0x00, 0xf3,
  0x00, 0xd1, 0x00, 0x00, 0x19, 0xf8, 0x00, 0x00, 0x00, 0x00, 0x00, 0x00,
  0x00, 0x00, 0x00, 0x00, 0x0c, 0x00, 0x00, 0xd0, 0x00, 0x00, 0xfb, 0xfa,
  0x00, 0x00, 0x00, 0x00, 0xfe, 0x00, 0x00, 0x00, 0x00, 0xc6, 0x00, 0x00,
  0x00, 0x00, 0x00, 0x00, 0x00, 0x00, 0x00, 0x00, 0x00, 0xbc, 0x00, 0x00,
  0x00, 0x00, 0x00, 0x00, 0x00, 0x00, 0x00, 0x00, 0x00, 0x00, 0x00, 0x00,
  0x00, 0x00, 0x00, 0x00, 0x00, 0x3b, 0x00, 0x00, 0x00, 0x00, 0x00, 0x00,
  0x00, 0x00, 0x00, 0x00, 0x00, 0x00, 0x00, 0x12, 0x00, 0x00, 0x00, 0x00,
  0x00, 0x1e, 0x00, 0x00, 0x00, 0xfe, 0x00, 0x00, 0x00, 0x00, 0x00, 0x00,
  0x00, 0x00, 0x1d, 0x00, 0x00, 0x37, 0x00, 0x1e, 0x2f, 0x00, 0x00, 0x00,
  0x00, 0x00, 0x00, 0x00, 0xd6, 0x00, 0x00, 0x00, 0x32, 0x00, 0x00, 0xfa,
  0x00, 0x00, 0x00, 0x00, 0x00, 0x00, 0xba, 0x00, 0x00, 0x00, 0x00, 0x00,
  0x00, 0x00, 0x00, 0x00, 0x00, 0xf8, 0x00, 0x00, 0x00, 0x00, 0xfc, 0x00,
  0x00, 0x00, 0x00, 0x00, 0x0f, 0x00, 0x00, 0xd6, 0x00, 0x00, 0x00, 0x00,
  0x00, 0x00, 0x00, 0x00, 0x00, 0x00, 0x00, 0xd8, 0x00, 0x00, 0x00, 0x00,
  0x00, 0xd5, 0x00, 0x00, 0x00, 0x00, 0x00, 0x00, 0x00, 0x00, 0x2d, 0x00,
  0xfe, 0x00, 0x00, 0x00, 0x2b, 0x00, 0x00, 0x00, 0x00, 0x00, 0x00, 0x00,
  0x00, 0xc8, 0x00, 0x00, 0x00, 0x00, 0x00, 0xc9, 0x00, 0x00, 0x00, 0x00,
  0x00, 0x00, 0x00, 0x00, 0x00, 0x00, 0x00, 0x00, 0x00, 0x00, 0x00, 0x00,
  0xc0, 0x00, 0x00, 0x00, 0x00, 0x00, 0x00, 0x00, 0x2e, 0x00, 0x00, 0x03,
  0x00, 0x00, 0x00, 0x00, 0x00, 0x00, 0x00, 0x00, 0x00, 0x00, 0x00, 0xfe,
  0x00, 0x00, 0x30, 0x00, 0x00, 0x00, 0x00, 0x00, 0x00, 0x00, 0x00, 0x00,
  0x00, 0x00, 0x00, 0x00, 0x00, 0x00, 0x00, 0x00, 0x00, 0x00, 0x00, 0x00,
  0x00, 0x00, 0x00, 0x00, 0x00, 0x00, 0x00, 0x00, 0x00, 0x00, 0x00, 0x00,
  0x00, 0x00, 0x26, 0xa8, 0x00, 0x00, 0x00, 0x00, 0x30, 0xb6, 0x00, 0x00,
  0x00, 0x00, 0x00, 0xbc, 0xd0, 0x00, 0x00, 0x00, 0x00, 0x00, 0xc5, 0x00,
  0x00, 0x00, 0x43, 0x00, 0x00, 0x00, 0x00, 0x00, 0x00, 0xc0, 0x00, 0x00,
  0xc8, 0x00, 0x50, 0x00, 0x00, 0xfe, 0x00, 0x0e, 0x00, 0x00, 0xb3, 0x00,
  0x00, 0x10, 0x00, 0x00, 0xc2, 0xf4, 0x00, 0x00, 0x35, 0x00, 0x00, 0x00,
  0x00, 0x00, 0x00, 0x00, 0x00, 0x00, 0x00, 0x00, 0x00, 0x00, 0xec, 0x00,
  0x00, 0x00, 0x00, 0x00, 0xe9, 0x00, 0x00, 0x00, 0x00, 0x00, 0x00, 0x00,
  0x00, 0x00, 0x00, 0x00, 0x00, 0xfa, 0x00, 0x00, 0x39, 0x00, 0x00, 0x00,
  0x00, 0x00, 0x44, 0x00, 0x00, 0x00, 0x00, 0xbd, 0xe7, 0x00, 0x00, 0x00,
  0x00, 0x00, 0x00, 0x00, 0x00, 0x00, 0x00, 0x00, 0x00, 0x00, 0x00, 0xea,
  0x00, 0x00, 0x00, 0x00, 0x00, 0x00, 0x00, 0x18, 0x00, 0x00, 0x00, 0x00,
  0x00, 0x17, 0x00, 0x00, 0x00, 0x00, 0x18, 0x00, 0x00, 0x00, 0x00, 0x00,
  0x00, 0x00, 0x00, 0x00, 0x00, 0xe9, 0x00, 0x00, 0xea, 0x00, 0x00, 0x00,
  0x00, 0x00, 0x00, 0x00, 0x00, 0x00, 0x00, 0x00, 0x00, 0x00, 0x00, 0x00,
  0x00, 0x00, 0xe7, 0x00, 0x00, 0xe7, 0x00, 0x00, 0x00, 0x00, 0x00, 0x00,
  0x00, 0x00, 0x00, 0x00, 0x00, 0x00, 0x00, 0x00, 0x00, 0x00, 0x00, 0xe3,
  0x16, 0x00, 0x00, 0x00, 0x00, 0x00, 0x00, 0x00, 0xe6, 0x00, 0x00, 0xe8,
  0x18, 0x00, 0x00, 0x00, 0x00, 0xe4, 0x00, 0x00, 0x00, 0x19, 0x00, 0x00,
  0x15, 0x00, 0x00, 0x00, 0x00, 0x00, 0x1a, 0x00, 0x00, 0x00, 0x00, 0x00,
  0x00, 0x00, 0xe9, 0x00, 0x00, 0xe5, 0x00, 0x00, 0x00, 0x00, 0x00, 0x00,
  0x00, 0x00, 0x00, 0x00, 0x00, 0x00, 0x00, 0x16, 0x00, 0x00, 0x00, 0x00,
  0x00, 0x00, 0x00, 0x00, 0x00, 0x00, 0x00, 0x00, 0xe9, 0x1a, 0x00, 0x00,
  0x19, 0x00, 0x00, 0x00, 0x00, 0x00, 0x00, 0x00, 0x00, 0x00, 0x00, 0x00,
  0x00, 0x00, 0xe8, 0x00, 0x00, 0x00, 0x00, 0x00, 0x00, 0x16, 0x00, 0x00,
  0x00, 0x00, 0x00, 0x00, 0x00, 0x00, 0x00, 0x00, 0x00, 0x00, 0x00, 0x00,
  0x00, 0x00, 0x00, 0x00, 0x00, 0xe8, 0x17, 0x00, 0x00, 0x00, 0x00, 0x00,
  0x00, 0x00, 0x00, 0x00, 0x00, 0x00, 0x00, 0x00, 0x00, 0x00, 0x00, 0x00,
  0x00, 0x00, 0x00, 0x00, 0x00, 0x00, 0x00, 0x00, 0x00, 0x16, 0x00, 0x00,
  0x00, 0x00, 0x00, 0x00, 0x00, 0x00, 0x00, 0x00, 0x00, 0x00, 0x00, 0x00,
  0x00, 0x00, 0x00, 0x1a, 0x00, 0xe6, 0x00, 0x00, 0x00, 0x00, 0x00, 0x00,
  0x00, 0x00, 0x00, 0x00, 0x00, 0xe9, 0x00, 0x00, 0xea, 0x18, 0x00, 0x00,
  0x17, 0x00, 0xe7, 0x16, 0x00, 0x00, 0x00, 0x00, 0xe9, 0x00, 0x00, 0xe8,
  0x00, 0x00, 0x00, 0x19, 0x00, 0x00, 0x00, 0x00, 0x00, 0x00, 0x00, 0xe6,
  0x00, 0x00, 0x00, 0x19, 0x00, 0x00, 0x00, 0x00, 0x00, 0x00, 0x00, 0x00,
  0x00, 0x00, 0x00, 0x00, 0x17, 0x00, 0x17, 0x00, 0x00, 0x00, 0x00, 0x00,
  0x00, 0x18, 0x00, 0x00, 0x00, 0x00, 0x00, 0x00, 0xe8, 0x00, 0x00, 0x00,
  0x00, 0x00, 0x00, 0x00, 0x00, 0x00, 0x00, 0x00, 0x00, 0x00, 0x00, 0x00,
  0x00, 0x00, 0x00, 0x00, 0x00, 0x00, 0x00, 0x00, 0x00, 0x00, 0x00, 0x00,
  0x17, 0x00, 0x00, 0x1b, 0x00, 0x00, 0x00, 0x00, 0x00, 0x00, 0x00, 0x00,
  0x00, 0x00, 0x00, 0x00, 0x00, 0x00, 0x00, 0x00, 0x00, 0x00, 0x00, 0x00,
  0x00, 0x00, 0x00, 0x00, 0x00, 0x00, 0x00, 0x00, 0x00, 0x00, 0x00, 0x00,
  0x1a, 0x00, 0xea, 0x00, 0x00, 0x00, 0x1b, 0x00, 0x00, 0x00, 0x00, 0x00,
  0x00, 0x00, 0xe9, 0x00, 0x00, 0x00, 0x00, 0x00, 0x00, 0x00, 0x00, 0x00,
  0x00, 0x00, 0x00, 0x00, 0x00, 0x00, 0x00, 0x00, 0x00, 0x18, 0x00, 0x00,
  0x00, 0x15, 0xe5, 0x00, 0x00, 0xe8, 0x00, 0x00, 0x00, 0x00, 0x00, 0x00,
  0x00, 0x00, 0x00, 0x00, 0x00, 0x00, 0x00, 0x00, 0x00, 0x00, 0x00, 0x00,
  0x00, 0x00, 0x00, 0x1b, 0x00, 0x00, 0x00, 0x17, 0xe8, 0x00, 0x00, 0xe8,
  0x00, 0x00, 0x00, 0x00, 0x00, 0x00, 0x00, 0x00, 0x00, 0x00, 0x00, 0x00,
  0x19, 0x00, 0x00, 0x00, 0x00, 0x00, 0x00, 0x00, 0x00, 0x00, 0x00, 0x00,
  0x00, 0x1a, 0x00, 0x00, 0x00, 0x00, 0x00, 0x00, 0x00, 0x00, 0x00, 0x00,
  0x00, 0x00, 0x00, 0x00, 0x00, 0xe4, 0x00, 0x18, 0x00, 0x00, 0x00, 0xe9,
  0x00, 0x00, 0x00, 0x00, 0x16, 0xe7, 0x00, 0x17, 0x00, 0x00, 0x00, 0x00,
  0x19, 0x00, 0x00, 0x00, 0x00, 0x00, 0x00, 0x00, 0x00, 0x00, 0x00, 0x00,
  0x00, 0x00, 0xe9, 0x00, 0x00, 0x00, 0x17, 0x00, 0x00, 0x00, 0x00, 0x00,
  0x18, 0x18, 0x00, 0x00, 0x00, 0x00, 0x00, 0x00, 0x00, 0x00, 0x00, 0xe9,
  0x00, 0x00, 0x00, 0x00, 0x00, 0x00, 0x00, 0x00, 0x00, 0x00, 0x00, 0x00,
  0x00, 0x00, 0x00, 0x18, 0x00, 0x00, 0x00, 0x00, 0x00, 0x00, 0x00, 0x00,
  0x00, 0x18, 0x00, 0x00, 0x00, 0x00, 0x00, 0x00, 0x00, 0x00, 0x00, 0x00,
  0x00, 0x00, 0x00, 0x00, 0x00, 0x00, 0x00, 0x00, 0x00, 0x00, 0x00, 0xcb,
  0x00, 0x00, 0x00, 0x00, 0x00, 0xe0, 0x00, 0xc7, 0x14, 0x00, 0x00, 0x00,
  0x48, 0x00, 0x00, 0x00, 0xff, 0x00, 0x00, 0x00, 0x00, 0x00, 0xf3, 0x00,
  0x3c, 0x00, 0x00, 0x00, 0x00, 0x00, 0x00, 0x00, 0x00, 0x00, 0x00, 0x00,
  0x00, 0x0b, 0x00, 0x00, 0x00, 0x00, 0x28, 0x09, 0x00, 0x00, 0x00, 0x00,
  0x00, 0xf9, 0x00, 0x00, 0x00, 0x00, 0xf0, 0x0b, 0x00, 0x16, 0x00, 0x00,
  0x00, 0x2e, 0x00, 0x00, 0x00, 0x00, 0x00, 0x31, 0x00, 0x00, 0x00, 0xdf,
  0xe2, 0x32, 0x21, 0x00, 0x00, 0x00, 0xf4, 0x12, 0x00, 0x00, 0x0c, 0x0b,
  0xf4, 0xfd, 0x00, 0xea, 0x00, 0x00, 0x00, 0x00, 0xf4, 0x00, 0x0c, 0x08,
  0x00, 0x00, 0x00, 0x00, 0x0e, 0x00, 0x00, 0x00, 0x00, 0x00, 0x00, 0x00,
  0x00, 0x00, 0x00, 0x00, 0x00, 0x00, 0x00, 0x00, 0x00, 0x00, 0x28, 0x00,
  0x00, 0xc9, 0x00, 0x00, 0x2a, 0x00, 0x00, 0x00, 0x00, 0x00, 0x2f, 0x00,
  0x00, 0xc5, 0x00, 0x00, 0x2f, 0x00, 0x00, 0xb6, 0x00, 0x00, 0x2f, 0x10,
  0x00, 0xb1, 0x00, 0x00, 0x2d, 0x10, 0x3b, 0xbc, 0x00, 0x00, 0x14, 0x00,
  0x00, 0xc7, 0x00, 0x00, 0x00, 0x00, 0x00, 0xb4, 0x26, 0x00, 0x00, 0x00,
  0x00, 0xc7, 0x00, 0x00, 0x00, 0x07, 0x00, 0xc5, 0x00, 0x00, 0x00, 0x00,
  0x00, 0xbd, 0x00, 0x14, 0x00, 0xfd, 0x00, 0xd1, 0x00, 0x00, 0x00, 0x00,
  0x00, 0xd5, 0x37, 0x15, 0x00, 0x00, 0x00, 0xca, 0x2e, 0x00, 0x00, 0x00,
  0x39, 0xd2, 0x00, 0x26, 0x00, 0xfc, 0x51, 0xcb, 0x00, 0x00, 0x00, 0x00,
  0x45, 0x00, 0x00, 0x00, 0x00, 0x00, 0x00, 0xc5, 0x00, 0x00, 0x00, 0x00,
  0x3a, 0xbe, 0x00, 0x00, 0x00, 0x23, 0x00, 0xd8, 0x00, 0x00, 0x00, 0x23,
  0x29, 0x00, 0x00, 0x00, 0x00, 0x00, 0x00, 0x00, 0x00, 0x00, 0x00, 0x00,
  0x1a, 0x00, 0x1f, 0x00, 0x12, 0x00, 0x00, 0xd6, 0x00, 0x00, 0xc6, 0x00,
  0x0b, 0x19, 0x00, 0x29, 0x00, 0x00, 0x00, 0x0b, 0x3f, 0x1a, 0x00, 0x00,
  0x00, 0x00, 0x00, 0x00, 0x06, 0xf3, 0x00, 0x1c, 0x33, 0x00, 0x0a, 0x00,
  0x00, 0x00, 0x00, 0x00, 0x00, 0x00, 0x00, 0x00, 0x00, 0x17, 0x00, 0xe3,
  0x14, 0x00, 0x00, 0x00, 0x00, 0xe9, 0x11, 0x00, 0x00, 0x00, 0x10, 0x00,
  0x00, 0x00, 0x39, 0x00, 0x00, 0x00, 0x33, 0x00, 0x00, 0x00, 0xf5, 0x00,
  0x2a, 0x00, 0x33, 0x00, 0x00, 0x00, 0x30, 0x00, 0x00, 0x00, 0x00, 0x00,
  0x00, 0x00, 0x00, 0x00, 0x00, 0x00, 0x31, 0xd3, 0x00, 0x00, 0x32, 0x00,
  0x41, 0x00, 0x00, 0x00, 0x00, 0x00, 0x00, 0xce, 0x33, 0x1c, 0x00, 0x00,
  0x00, 0x00, 0x00, 0x00, 0x00, 0x00, 0x45, 0x00, 0x00, 0x00, 0x00, 0x00,
  0x00, 0xc7, 0x00, 0x00, 0x00, 0x00, 0x00, 0x00, 0x00, 0xe5, 0x00, 0x00,
  0x00, 0x00, 0x00, 0x00, 0x00, 0x00, 0xfe, 0x00, 0x31, 0x00, 0x1f, 0x00,
  0x00, 0x00, 0x2b, 0x00, 0x00, 0x00, 0x01, 0x00, 0x00, 0x00, 0x00, 0x00,
  0x00, 0x00, 0x30, 0x00, 0x00, 0x00, 0x00, 0xb9, 0x22, 0x00, 0x00, 0x00,
  0xfe, 0xc1, 0x00, 0x00, 0x00, 0xfc, 0x0c, 0xc3, 0x00, 0x1b, 0x00, 0x04,
  0x00, 0xbd, 0x00, 0x00, 0x00, 0x0e, 0xfc, 0xa6, 0x00, 0x00, 0x00, 0x17,
  0x00, 0x00, 0x00, 0x00, 0x00, 0x00, 0x03, 0x00, 0x00, 0x00, 0xda, 0x18,
  0xfb, 0xbb, 0x00, 0x00, 0x00, 0x2d, 0x00, 0xbf, 0x00, 0x00, 0x00, 0x1a,
  0x00, 0x00, 0x00, 0x00, 0x00, 0x00, 0x00, 0x00, 0x00, 0x00, 0xba, 0x00,
  0x00, 0xfc, 0x00, 0x13, 0x00, 0x00, 0x00, 0x0d, 0x2e, 0x0d, 0x00, 0x00,
  0x00, 0x0c, 0x00, 0x00, 0x00, 0x00, 0xea, 0x1e, 0x32, 0x00, 0x00, 0x00,
  0x00, 0x2b, 0x00, 0x00, 0x00, 0x00, 0x00, 0x0f, 0x00, 0x00, 0x00, 0x00,
  0x00, 0x0d, 0x00, 0x00, 0x1c, 0x00, 0x00, 0x00, 0x00, 0x00, 0x00, 0x00,
  0x00, 0x00, 0x00, 0x00, 0x00, 0x00, 0x00, 0x00, 0x00, 0x00, 0xec, 0x00,
  0x2e, 0x00, 0x00, 0x00, 0xf5, 0x00, 0x29, 0x00, 0x00, 0x00, 0x00, 0x00,
  0x32, 0xc3, 0x00, 0x00, 0x00, 0x00, 0x00, 0x00, 0x00, 0x00, 0x00, 0x01,
  0x00, 0x00, 0x00, 0x00, 0x00, 0x00, 0x30, 0xcd, 0x00, 0x00, 0x00, 0x00,
  0x4c, 0x00, 0x00, 0x00, 0x00, 0x00, 0x44, 0xda, 0x00, 0x00, 0x00, 0xec,
  0x00, 0xc9, 0x00, 0x00, 0x00, 0xfa, 0x43, 0xad, 0x00, 0x00, 0x00, 0x00,
  0x00, 0x00, 0x00, 0x00, 0x15, 0xe8, 0x00, 0x00, 0x00, 0x00, 0x00, 0xe5,
  0x18, 0x00, 0x00, 0x00, 0x00, 0x00, 0x00, 0x00, 0x00, 0x1a, 0x00, 0x00,
  0x00, 0x00, 0x00, 0x00, 0x00, 0x00, 0x00, 0x14, 0x00, 0x15, 0x00, 0x00,
  0x00, 0x16, 0x00, 0x19, 0x00, 0x00, 0x00, 0x1b, 0x00, 0x00, 0x00, 0xe3,
  0x00, 0x00, 0x00, 0x00, 0x00, 0x00, 0x00, 0x00, 0x00, 0x00, 0x00, 0x00,
  0x00, 0x00, 0x11, 0x00, 0x00, 0x00, 0x00, 0x00, 0x00, 0x17, 0x00, 0x00,
  0x00, 0x00, 0xe5, 0x00, 0x00, 0x00, 0x00, 0x00, 0x00, 0x00, 0x00, 0x00,
  0x00, 0x00, 0x00, 0x00, 0x11, 0x00, 0x00, 0x00, 0x00, 0x19, 0x00, 0x00,
  0x00, 0x00, 0x00, 0x00, 0x00, 0x00, 0x00, 0x00, 0x00, 0x00, 0x14, 0x00,
  0x19, 0x00, 0x00, 0x16, 0x13, 0x00, 0x00, 0x00, 0x00, 0x00, 0x00, 0xe8,
  0x00, 0x00, 0x00, 0x00, 0x12, 0x00, 0x00, 0x00, 0x00, 0x00, 0x00, 0x00,
  0x00, 0x00, 0x00, 0x00, 0x00, 0x00, 0x00, 0x00, 0x00, 0x1a, 0x00, 0x00,
  0x00, 0x00, 0x00, 0x00, 0x00, 0x00, 0x00, 0x00, 0x00, 0x00, 0x1a, 0x00,
  0x12, 0x00, 0x00, 0x16, 0x00, 0x00, 0x00, 0x00, 0x00, 0x00, 0x00, 0x00,
  0x00, 0x00, 0x13, 0x00, 0x00, 0x00, 0x00, 0x00, 0x00, 0x00, 0x00, 0x00,
  0x00, 0x00, 0x12, 0x1b, 0x00, 0x00, 0x00, 0x00, 0x00, 0x00, 0x00, 0xe3,
  0x00, 0x00, 0x00, 0x00, 0x00, 0x00, 0x16, 0x00, 0x00, 0x1c, 0x00, 0x00,
  0x00, 0x00, 0x00, 0x00, 0x11, 0x00, 0x00, 0x18, 0x00, 0x00, 0x00, 0x00,
  0x00, 0x18, 0x00, 0x00, 0x00, 0x00, 0x00, 0x00, 0x00, 0x00, 0x00, 0xe1,
  0x00, 0x00, 0x00, 0x00, 0x00, 0x00, 0x00, 0x00, 0x00, 0x00, 0x00, 0x00,
  0x00, 0x00, 0x00, 0x00, 0x00, 0xe0, 0x00, 0x00, 0x00, 0x00, 0x00, 0x00,
  0x00, 0x00, 0x00, 0x18, 0x00, 0x00, 0x00, 0x15, 0x00, 0x19, 0x00, 0x00,
  0x1c, 0x00, 0x00, 0x00, 0x00, 0xe3, 0x1a, 0x00, 0x11, 0x00, 0x00, 0x00,
  0x00, 0x00, 0x00, 0x00, 0x00, 0x00, 0x00, 0x15, 0x00, 0x00, 0x00, 0x00,
  0x00, 0x00, 0x00, 0x00, 0x00, 0x00, 0x00, 0x00, 0x00, 0x00, 0x00, 0xe3,
  0x00, 0x00, 0x00, 0x00, 0x00, 0x00, 0x00, 0x00, 0x00, 0x00, 0x11, 0x00,
  0x00, 0x00, 0x13, 0x00, 0x00, 0xe0, 0x00, 0x00, 0x00, 0x17, 0x00, 0x00,
  0x00, 0x00, 0x00, 0x13, 0x00, 0x00, 0x00, 0x00, 0x00, 0x00, 0x00, 0x00,
  0x00, 0x00, 0x11, 0x00, 0x15, 0x00, 0x1c, 0x00, 0x14, 0x00, 0x00, 0x00,
  0x19, 0x00, 0x00, 0x00, 0x00, 0xe3, 0x16, 0x15, 0x00, 0x00, 0x14, 0xe7,
  0x00, 0x00, 0x00, 0x00, 0x14, 0x00, 0x17, 0x00, 0x00, 0x00, 0x00, 0x00,
  0x00, 0x00, 0x00, 0x1a, 0x00, 0x00, 0x00, 0x00, 0x00, 0x00, 0x00, 0x00,
  0x00, 0x00, 0x12, 0x00, 0x00, 0x00, 0x00, 0x00, 0x00, 0x1a, 0x00, 0x00,
  0x19, 0x00, 0x00, 0x00, 0x00, 0x00, 0x00, 0x00, 0x00, 0x00, 0x00, 0x00,
  0x00, 0x00, 0x00, 0x00, 0x00, 0x00, 0x17, 0x00, 0x00, 0x00, 0x00, 0x00,
  0x00, 0x00, 0x00, 0x00, 0x1c, 0xe2, 0x00, 0x18, 0x00, 0x16, 0x00, 0x00,
  0x00, 0x00, 0x00, 0x00, 0x00, 0xe3, 0x00, 0x00, 0x00, 0x00, 0x00, 0x00,
  0x00, 0x15, 0x00, 0x14, 0x00, 0xe5, 0x00, 0x00, 0x14, 0x00, 0x00, 0x00,
  0x00, 0x00, 0x00, 0x00, 0x00, 0xdf, 0x00, 0x00, 0x00, 0x00, 0x00, 0x00,
  0x00, 0x00, 0x00, 0x00, 0x00, 0x00, 0x14, 0x00, 0x00, 0x00, 0x00, 0x00,
  0x00, 0x00, 0x00, 0x00, 0x00, 0x00, 0x00, 0x00, 0x00, 0x00, 0x00, 0x00,
  0x00, 0x00, 0x00, 0x16, 0x00, 0x00, 0x00, 0x00, 0x00, 0x00, 0x00, 0x00,
  0x19, 0x00, 0x00, 0x00, 0x00, 0xe2, 0x16, 0x00, 0x00, 0x00, 0x00, 0x00,
  0x00, 0x00, 0x00, 0x00, 0x00, 0x00, 0x1c, 0x16, 0x00, 0x00, 0x1b, 0x00,
  0x14, 0x00, 0x12, 0x00, 0x00, 0x00, 0x18, 0x00, 0x00, 0x00, 0x00, 0x00,
  0x00, 0x00, 0x00, 0x00, 0x00, 0x00, 0x00, 0x00, 0x00, 0x00, 0x00, 0xe8,
  0x1a, 0x00, 0x00, 0x14, 0x00, 0xdb, 0x00, 0x00, 0x00, 0x00, 0x11, 0x00,
  0x00, 0x00, 0x00, 0x17, 0x00, 0xe6, 0x00, 0x00, 0x00, 0x14, 0x00, 0x00,
  0x00, 0x00, 0x00, 0x00, 0x00, 0x00, 0x00, 0x00, 0x00, 0x00, 0x00, 0xe8,
  0x00, 0x16, 0x00, 0x00, 0x00, 0x00, 0x00, 0x00, 0x00, 0x00, 0x00, 0x00,
  0x00, 0x19, 0x00, 0x00, 0x00, 0x00, 0x00, 0x0c, 0x00, 0x00, 0x00, 0x1a,
  0x00, 0x00, 0x00, 0x00, 0x00, 0x19, 0x00, 0x00, 0x00, 0x00, 0x00, 0x1c,
  0x00, 0x01, 0x00, 0x00, 0x00, 0x00, 0x00, 0x00, 0x00, 0x00, 0x00, 0x00,
  0x00, 0xfc, 0x00, 0x00, 0x00, 0x00, 0x00, 0x00, 0x00, 0x00, 0x00, 0x1f,
  0x00, 0xfd, 0x00, 0x00, 0x00, 0x00, 0x00, 0x00, 0x00, 0x00, 0x00, 0x19,
  0x00, 0x00, 0x00, 0x00, 0x00, 0x00, 0x00, 0x00, 0x00, 0x00, 0x00, 0x00,
  0x00, 0x00, 0x00, 0x00, 0x00, 0xe1, 0x00, 0x00, 0x00, 0x00, 0x00, 0xde,
  0x00, 0x00, 0x00, 0x00, 0x00, 0xe3, 0x00, 0x00, 0x00, 0x00, 0x00, 0x00,
  0x00, 0x00, 0x00, 0x00, 0x00, 0x00, 0x00, 0x00, 0x00, 0x00, 0x00, 0x00,
  0x00, 0x00, 0x00, 0xde, 0x00, 0x00, 0x00, 0x00, 0x00, 0xd4, 0x24, 0x00,
  0x00, 0xfd, 0x00, 0x00, 0x00, 0x00, 0x00, 0x00, 0xf1, 0xd8, 0x00, 0xca,
  0x00, 0x13, 0x00, 0x00, 0x00, 0xc8, 0x00, 0x00, 0x00, 0x00, 0x00, 0xd1,
  0x00, 0x00, 0x00, 0x00, 0x00, 0x00, 0x00, 0x1c, 0x21, 0x00, 0x00, 0x00,
  0x00, 0x13, 0x00, 0x00, 0x00, 0x00, 0x00, 0x05, 0x00, 0x00, 0x0b, 0xe7,
  0x00, 0x15, 0x00, 0x00, 0x00, 0x00, 0x00, 0xf9, 0xf9, 0x00, 0x00, 0x00,
  0x00, 0xfc, 0x00, 0x00, 0x03, 0x00, 0x00, 0xfe, 0x00, 0x00, 0xf6, 0x00,
  0x00, 0xf6, 0x00, 0x00, 0x00, 0x00, 0x00, 0x06, 0x00, 0x00, 0xee, 0x00,
  0xdb, 0x00, 0x00, 0x00, 0xea, 0x00, 0x00, 0x00, 0x00, 0x00, 0x00, 0x00,
  0x00, 0x00, 0x00, 0xd5, 0x00, 0x00, 0x00, 0x00, 0x00, 0x00, 0x00, 0x00,
  0x00, 0xf2, 0x00, 0xdd, 0xff, 0x1d, 0x00, 0x00, 0x00, 0x00, 0xf5, 0x00,
  0x00, 0x00, 0x00, 0x00, 0xfc, 0x22, 0x00, 0x00, 0x00, 0x00, 0xf7, 0x00,
  0x00, 0x00, 0x1e, 0x00, 0x00, 0x00, 0x00, 0x00, 0x00, 0x00, 0x00, 0x00,
  0x00, 0x00, 0x00, 0x00, 0x00, 0x2e, 0x00, 0x00, 0x00, 0x00, 0x00, 0x00,
  0x00, 0x00, 0x00, 0x00, 0x00, 0x00, 0x15, 0xf5, 0x00, 0x00, 0x00, 0x00,
  0x00, 0x00, 0x00, 0x00, 0x00, 0x00, 0x00, 0xf1, 0x00, 0x00, 0xc8, 0x00,
  0x14, 0x00, 0x00, 0x00, 0x00, 0x00, 0x1c, 0x00, 0x00, 0x0e, 0x00, 0x00,
  0x00, 0xf1, 0x00, 0x00, 0x00, 0xe0, 0x00, 0x02, 0x00, 0x0c, 0x00, 0x00,
  0x14, 0x00, 0x00, 0x00, 0x00, 0x00, 0x00, 0x02, 0xf0, 0x00, 0x00, 0x00,
  0x00, 0x01, 0x00, 0x00, 0x00, 0x00, 0x00, 0x00, 0x00, 0x00, 0x00, 0x00,
  0x00, 0x00, 0x1f, 0x00, 0x00, 0x00, 0x00, 0x00, 0x00, 0x00, 0x00, 0x00,
  0x00, 0x00, 0x00, 0x00, 0x00, 0x00, 0x00, 0x00, 0x23, 0x00, 0xc3, 0xdf,
  0x00, 0x00, 0xf8, 0x00, 0x00, 0x00, 0x00, 0x00, 0x00, 0x00, 0x00, 0xda,
  0x00, 0xff, 0x00, 0x00, 0x00, 0xe4, 0x00, 0x05, 0x00, 0x00, 0xc3, 0x00,
  0x00, 0x0a, 0x1b, 0x00, 0xd7, 0x00, 0x00, 0x00, 0x00, 0x00, 0x00, 0x2a,
  0x00, 0x00, 0x00, 0x00, 0x00, 0x00, 0x00, 0x00, 0x00, 0x00, 0xca, 0x00,
  0x00, 0x00, 0x00, 0x00, 0xdc, 0x00, 0x05, 0x14, 0x00, 0x00, 0xc2, 0x00,
  0x00, 0xfd, 0x00, 0x00, 0xc7, 0x00, 0x00, 0xfa, 0x00, 0x00, 0xbe, 0x00,
  0x00, 0x00, 0x00, 0x00, 0x00, 0x00, 0x05, 0x00, 0x00, 0x00, 0x00, 0x00,
  0x00, 0xfc, 0x00, 0x00, 0x00, 0x00, 0x00, 0x00, 0x00, 0x00, 0xd6, 0x27,
  0x00, 0x00, 0x00, 0x00, 0xcf, 0x42, 0x00, 0x00, 0x00, 0x00, 0xda, 0x2f,
  0x00, 0x13, 0x00, 0x00, 0x00, 0x2b, 0xd0, 0x00, 0x00, 0x00, 0x00, 0x00,
  0x00, 0x07, 0x00, 0x00, 0x00, 0x00, 0x00, 0x09, 0x00, 0x00, 0x00, 0x00,
  0x00, 0xfe, 0x00, 0x00, 0x00, 0x20, 0x00, 0x1d, 0x00, 0x00, 0x00, 0x00,
  0x00, 0x00, 0x00, 0x00, 0xe0, 0x00, 0x00, 0x00, 0x00, 0x00, 0x00, 0x00,
  0x00, 0x0c, 0x00, 0x00, 0xf5, 0x00, 0x00, 0x09, 0x00, 0x00, 0x00, 0x00,
  0x00, 0xfa, 0x00, 0xd1, 0x00, 0x00, 0x0f, 0x00, 0x00, 0x00, 0x00, 0x00,
  0x00, 0x00, 0x00, 0x00, 0x00, 0x00, 0x00, 0xf8, 0x00, 0x00, 0x00, 0x00,
  0x00, 0x00, 0x00, 0x00, 0x00, 0x00, 0x00, 0x00, 0x00, 0x00, 0x00, 0xe2,
  0x00, 0xec, 0x2f, 0x00, 0x00, 0x00, 0x00, 0xf1, 0x00, 0x00, 0x00, 0x00,
  0x00, 0xf4, 0xf1, 0x00, 0x00, 0x00, 0x00, 0x00, 0x00, 0x00, 0x00, 0x00,
  0x00, 0x09, 0x00, 0x00, 0x00, 0x00, 0x00, 0x00, 0x00, 0x00, 0x00, 0x00,
  0x00, 0x00, 0x00, 0x00, 0x00, 0x00, 0x00, 0x00, 0x00, 0x00, 0x00, 0x00,
  0x00, 0x00, 0x00, 0x00, 0x00, 0x00, 0x00, 0x05, 0x00, 0x00, 0xc7, 0x00,
  0x00, 0x00, 0x00, 0x00, 0xc8, 0x00, 0x00, 0x09, 0x00, 0x00, 0xcc, 0x00,
  0x00, 0x00, 0x00, 0x00, 0x00, 0x00, 0x00, 0x03, 0x00, 0x00, 0xc2, 0x00,
  0x00, 0x00, 0x00, 0x00, 0xc6, 0x00, 0x1d, 0x00, 0x00, 0x00, 0xbd, 0x3c,
  0x00, 0x00, 0x00, 0x00, 0xc0, 0x00, 0x00, 0x00, 0x00, 0x00, 0xd1, 0x00,
  0x00, 0x00, 0x00, 0x00, 0x00, 0x00, 0x00, 0x00, 0x00, 0x00, 0xcf, 0x00,
  0x00, 0x00, 0x00, 0x00, 0xca, 0x00, 0x00, 0x00, 0x00, 0x00, 0xcc, 0x00,
  0x00, 0x00, 0x00, 0x00, 0xd1, 0xe5, 0x00, 0x00, 0x00, 0x00, 0x00, 0x00,
  0x00, 0x11, 0x00, 0x00, 0x00, 0x19, 0x00, 0x00, 0x00, 0x00, 0x00, 0x00,
  0x00, 0x03, 0x00, 0x00, 0x00, 0x2e, 0x00, 0x0c, 0x00, 0x00, 0x00, 0x24,
  0x00, 0x00, 0x00, 0x00, 0xc7, 0x2e, 0x19, 0x14, 0x00, 0x00, 0x00, 0x29,
  0x00, 0x00, 0x00, 0x00, 0xe1, 0x3d, 0x00, 0x07, 0x00, 0x00, 0x00, 0x17,
  0x00, 0x00, 0x00, 0x00, 0xde, 0x28, 0x00, 0x0f, 0x00, 0x00, 0xcb, 0x00,
  0x00, 0x00, 0x00, 0x00, 0xcf, 0x16, 0x00, 0x00, 0x00, 0x00, 0xc1, 0x00,
  0x15, 0x00, 0x00, 0x00, 0xc2, 0x00, 0x00, 0x00, 0x00, 0x00, 0x00, 0x00,
  0x00, 0x0a, 0x00, 0x00, 0x00, 0x00, 0x00, 0x00, 0x00, 0x00, 0x00, 0x00,
  0x00, 0x00, 0x00, 0x00, 0x00, 0x00, 0x00, 0x00, 0x00, 0x00, 0x00, 0x00,
  0x00, 0x00, 0x00, 0x00, 0xc7, 0x00, 0x00, 0x00, 0x00, 0x14, 0x00, 0x00,
  0x00, 0x00, 0x00, 0x00, 0xcc, 0x00, 0x00, 0x00, 0x00, 0x00, 0x00, 0x00,
  0x00, 0x0b, 0x00, 0x00, 0x00, 0x00, 0x00, 0x00, 0x00, 0x00, 0x00, 0x00,
  0x00, 0x00, 0x00, 0x00, 0xce, 0x00, 0x00, 0x00, 0x00, 0x00, 0xda, 0x11,
  0x00, 0x00, 0x00, 0x00, 0xe3, 0x10, 0x00, 0x00, 0x00, 0x00, 0xdf, 0x00,
  0x00, 0x00, 0x20, 0x00, 0xc6, 0x00, 0x00, 0x00, 0x00, 0x00, 0xdb, 0x00,
  0x00, 0x00, 0x00, 0x00, 0x00, 0x00, 0x00, 0x00, 0x00, 0x00, 0x00, 0x00,
  0x22, 0x00, 0x00, 0x00, 0x00, 0x00, 0x00, 0x00, 0x00, 0xe6, 0x00, 0xd6,
  0x00, 0x00, 0x00, 0x00, 0x00, 0x00, 0x00, 0x00, 0x00, 0x00, 0xda, 0xca,
  0x00, 0x00, 0x00, 0x00, 0x00, 0x00, 0x00, 0x00, 0x00, 0x00, 0x00, 0x00,
  0x00, 0x00, 0x00, 0x00, 0x00, 0x10, 0x28, 0x00, 0x00, 0x00, 0x00, 0x00,
  0x00, 0x00, 0x00, 0x00, 0x00, 0x00, 0x00, 0x00, 0xf8, 0x00, 0x00, 0x00,
  0x00, 0x00, 0x00, 0x00, 0x01, 0x0c, 0x00, 0x00, 0x00, 0x00, 0x00, 0x07,
  0x00, 0x04, 0x00, 0x00, 0x00, 0x00, 0x00, 0x00, 0x00, 0x00, 0x00, 0x00,
  0x00, 0x00, 0x00, 0x00, 0x00, 0x00, 0x00, 0x00, 0x00, 0x00, 0x00, 0x00,
  0x00, 0x00, 0x00, 0x00, 0x00, 0x00, 0x00, 0x00, 0x00, 0x00, 0x00, 0x00,
  0x00, 0x12, 0x00, 0xec, 0x00, 0x00, 0x00, 0x19, 0x00, 0xea, 0xed, 0x05,
  0x00, 0x00, 0x00, 0xe8, 0x00, 0x00, 0x00, 0x00, 0x00, 0x00, 0x00, 0x00,
  0x00, 0x00, 0x00, 0x00, 0xad, 0x00, 0x00, 0x00, 0x00, 0x00, 0x00, 0x00,
  0x28, 0x00, 0x00, 0x00, 0x00, 0xcc, 0x1f, 0x00, 0x00, 0x00, 0x00, 0x00,
  0x00, 0x00, 0x00, 0x00, 0x00, 0x00, 0x00, 0x00, 0x00, 0x00, 0xe5, 0x00,
  0x1b, 0x00, 0x00, 0x00, 0xe4, 0x00, 0x00, 0x00, 0x00, 0x00, 0x00, 0x00,
  0x00, 0x26, 0x02, 0xe6, 0x00, 0x00, 0xe2, 0x00, 0x00, 0x00, 0x00, 0x00,
  0x00, 0x00, 0x00, 0x00, 0x00, 0xd8, 0x00, 0x00, 0x00, 0x00, 0x00, 0xde,
  0x00, 0x00, 0x00, 0x00, 0x00, 0x00, 0x00, 0x00, 0x00, 0x00, 0x04, 0x00,
  0x00, 0x60, 0x00, 0x00, 0x00, 0x00, 0x00, 0x00, 0x00, 0x00, 0xfb, 0x00,
  0x11, 0x56, 0x01, 0x00, 0x00, 0x00, 0x00, 0x00, 0x00, 0x00, 0xf8, 0x00,
  0x00, 0x4c, 0x00, 0x00, 0x00, 0x00, 0x00, 0x00, 0x00, 0x00, 0xf0, 0x00,
  0x00, 0x00, 0x00, 0x00, 0x00, 0x00, 0x00, 0x00, 0x00, 0x00, 0x00, 0x00,
  0x1c, 0x00, 0x00, 0x00, 0x00, 0x00, 0x00, 0x00, 0x00, 0xe8, 0x00, 0x00,
  0x00, 0x00, 0x00, 0x00, 0x36, 0x20, 0x20, 0x00, 0x00, 0x00, 0x00, 0xf4,
  0x00, 0x00, 0x00, 0x00, 0x00, 0x00, 0x00, 0x00, 0x00, 0x00, 0x00, 0xed,
  0x00, 0x00, 0x00, 0x00, 0x00, 0x00, 0x13, 0x00, 0x00, 0x00, 0x00, 0x00,
  0x00, 0x00, 0x00, 0x00, 0x00, 0x00, 0x00, 0x00, 0x00, 0x04, 0x00, 0x00,
  0x00, 0x00, 0x00, 0x00, 0xe3, 0x00, 0x00, 0x00, 0x00, 0x00, 0xef, 0x00,
  0x00, 0x00, 0x00, 0x00, 0x00, 0x00, 0x00, 0x00, 0x00, 0x00, 0x00, 0x00,
  0x00, 0x00, 0x00, 0x00, 0x00, 0x00, 0x00, 0x00, 0x00, 0x00, 0xe3, 0x00,
  0x00, 0x00, 0xd7, 0x00, 0x00, 0x00, 0x00, 0x2a, 0x00, 0x00, 0xd2, 0x00,
  0x00, 0x00, 0x00, 0x00, 0xbe, 0x00, 0x00, 0x00, 0x00, 0x00, 0xbd, 0x00,
  0x00, 0x00, 0x00, 0x00, 0xc5, 0x00, 0x00, 0x00, 0x00, 0x00, 0x3d, 0x4a,
  0x00, 0x00, 0x00, 0xca, 0xf1, 0x3f, 0x00, 0x00, 0xd8, 0x00, 0x00, 0x00,
  0x00, 0x00, 0x00, 0x0a, 0xd9, 0x00, 0x00, 0x00, 0xda, 0x00, 0x00, 0x00,
  0x00, 0x00, 0x00, 0x00, 0x00, 0x40, 0x00, 0x00, 0x00, 0x00, 0x00, 0x44,
  0x00, 0x00, 0xcd, 0x00, 0x00, 0x00, 0x00, 0x00, 0x00, 0x00, 0x00, 0x00,
  0x00, 0x00, 0x00, 0x00, 0x26, 0x00, 0xc3, 0x32, 0x00, 0x00, 0x00, 0xf8,
  0x00, 0x00, 0x00, 0x00, 0x00, 0x00, 0x00, 0x00, 0x00, 0x00, 0x00, 0x00,
  0x00, 0x00, 0x00, 0x00, 0x00, 0x07, 0x00, 0x00, 0x00, 0x00, 0x00, 0xfc,
  0x00, 0x00, 0x00, 0x00, 0x00, 0x00, 0x00, 0x00, 0x00, 0x00, 0x00, 0x00,
  0x00, 0x00, 0x00, 0x00, 0x00, 0x00, 0x00, 0x00, 0x00, 0x00, 0x00, 0x00,
  0x00, 0xfb, 0x00, 0x00, 0x00, 0x00, 0x00, 0x00, 0x00, 0x00, 0x00, 0xff,
  0x00, 0x00, 0x00, 0x00, 0xd6, 0x00, 0x00, 0x00, 0x00, 0x00, 0x00, 0x00,
  0x00, 0x00, 0x00, 0x00, 0x00, 0x00, 0x07, 0x00, 0x00, 0x15, 0x00, 0xfc,
  0x00, 0x00, 0x00, 0x00, 0xfe, 0x04, 0x00, 0x2a, 0x00, 0x00, 0x00, 0x00,
  0x00, 0x00, 0x00, 0x00, 0x00, 0x00, 0x00, 0x00, 0x00, 0x00, 0xe9, 0x0a,
  0x00, 0x00, 0x00, 0x0b, 0x00, 0xfd, 0x00, 0x38, 0x00, 0x00, 0x00, 0x00,
  0x01, 0x00, 0x00, 0x00, 0x00, 0x00, 0x00, 0x00, 0x00, 0x00, 0x00, 0x00,
  0x00, 0x00, 0x00, 0x00, 0x00, 0x00, 0x00, 0x2a, 0xe3, 0x00, 0xe3, 0x00,
  0x00, 0x00, 0x00, 0x00, 0xdb, 0x00, 0x00, 0x00, 0x00, 0x05, 0x00, 0x00,
  0x00, 0x00, 0x00, 0x00, 0xaa, 0x00, 0x00, 0x00, 0x00, 0x00, 0xcc, 0x00,
  0x00, 0x00, 0x00, 0x00, 0x00, 0x00, 0x00, 0xff, 0xcf, 0x00, 0x00, 0x02,
  0x00, 0x00, 0xde, 0x00, 0x00, 0x00, 0x00, 0x00, 0x00, 0x00, 0x00, 0x00,
  0x00, 0x00, 0x00, 0x00, 0x00, 0x00, 0xc2, 0x00, 0x00, 0x00, 0x17, 0x00,
  0xbe, 0x00, 0x00, 0x00, 0x00, 0x00, 0x00, 0x00, 0x00, 0x00, 0x00, 0xfa,
  0x00, 0x00, 0x00, 0xc8, 0x00, 0x00, 0x00, 0x00, 0x00, 0x00, 0x00, 0xff,
  0xfe, 0x00, 0x00, 0x00, 0x00, 0xf9, 0x00, 0x00, 0x00, 0x00, 0x00, 0x00,
  0x00, 0x00, 0x00, 0x00, 0x0c, 0x00, 0x00, 0x0d, 0x00, 0x00, 0x00, 0x00,
  0x00, 0x00, 0x00, 0x00, 0x00, 0xff, 0x00, 0x00, 0x00, 0x00, 0x00, 0x00,
  0x00, 0x00, 0x00, 0x00, 0x00, 0x00, 0x00, 0x00, 0xe0, 0x00, 0x00, 0x00,
  0x00, 0x00, 0x00, 0x00, 0x00, 0x00, 0x00, 0x00, 0x00, 0x00, 0x00, 0x00,
  0x00, 0x00, 0x00, 0x00, 0x00, 0x00, 0xfc, 0x00, 0x00, 0x00, 0x02, 0x00,
  0x00, 0x00, 0x00, 0x00, 0x00, 0x00, 0x00, 0x00, 0x00, 0x00, 0x00, 0x00,
  0x00, 0x48, 0x00, 0xdc, 0x00, 0x00, 0x00, 0x44, 0x00, 0x00, 0x00, 0x00,
  0x00, 0x00, 0x00, 0x00, 0xf5, 0x00, 0x00, 0x00, 0xc8, 0x00, 0x00, 0x00,
  0x00, 0x29, 0x00, 0x00, 0xf9, 0x00, 0x00, 0x36, 0x00, 0x00, 0x00, 0x00,
  0xf6, 0x00, 0x00, 0x00, 0x00, 0x00, 0x00, 0x27, 0xcb, 0x00, 0x00, 0x00,
  0xfe, 0x00, 0x00, 0x00, 0x1e, 0x00, 0xf8, 0x20, 0x00, 0x00, 0x00, 0x00,
  0x00, 0x28, 0x00, 0x00, 0x00, 0x00, 0x00, 0x00, 0x00, 0x00, 0xf4, 0x00,
  0x00, 0x00, 0xd5, 0x00, 0x00, 0x3e, 0x00, 0x00, 0x00, 0x00, 0x00, 0x00,
  0x00, 0x00, 0x00, 0xcc, 0x12, 0x00, 0x00, 0x00, 0x00, 0x00, 0x16, 0x00,
  0x00, 0x00, 0x00, 0x00, 0x00, 0x00, 0x00, 0x00, 0xd7, 0x00, 0x00, 0x01,
  0x00, 0x00, 0x00, 0x00, 0x00, 0xe3, 0x00, 0xea, 0x00, 0x00, 0x00, 0x00,
  0xdf, 0x00, 0x00, 0x00, 0x00, 0x55, 0x00, 0x00, 0xd3, 0xe7, 0x00, 0x54,
  0xdd, 0x00, 0xea, 0xe5, 0x00, 0x59, 0x00, 0x00, 0x00, 0x00, 0x00, 0x5c,
  0x00, 0x00, 0xe3, 0xde, 0x00, 0x00, 0x00, 0x00, 0x00, 0x00, 0xf2, 0x4f,
  0x00, 0x00, 0x00, 0x00, 0xe9, 0x00, 0x00, 0xfc, 0x00, 0x00, 0x00, 0x00,
  0x00, 0x00, 0x00, 0x00, 0x00, 0x49, 0x00, 0x00, 0x00, 0x00, 0x00, 0x48,
  0x00, 0x00, 0x00, 0x00, 0x00, 0x00, 0x00, 0x00, 0x00, 0xda, 0x00, 0x55,
  0x00, 0x06, 0x00, 0x00, 0x00, 0x00, 0x00, 0x00, 0x00, 0x00, 0x00, 0x00,
  0x00, 0x00, 0x00, 0x00, 0x00, 0x3c, 0x00, 0x00, 0x00, 0x00, 0x00, 0x00,
  0x00, 0x00, 0xcc, 0x00, 0x00, 0x00, 0x00, 0x00, 0x00, 0x00, 0x0b, 0x00,
  0xda, 0x00, 0x00, 0xdf, 0x00, 0x00, 0x00, 0x00, 0xd4, 0xda, 0x00, 0x00,
  0x00, 0x00, 0x0e, 0xde, 0x00, 0x00, 0x00, 0x00, 0xe1, 0x00, 0x00, 0x00,
  0x00, 0x3c, 0xea, 0x00, 0xda, 0x00, 0x00, 0x38, 0x0d, 0x00, 0xc6, 0x43,
  0x00, 0x37, 0x00, 0x00, 0x00, 0x00, 0x00, 0x42, 0x00, 0x00, 0xe4, 0x00,
  0x00, 0x48, 0xe4, 0x00, 0x00, 0x00, 0x00, 0x4f, 0x00, 0x00, 0x00, 0x00,
  0xdf, 0x4f, 0xd0, 0x00, 0x00, 0x00, 0x00, 0x40, 0x00, 0x00, 0x00, 0x00,
  0x00, 0x3f, 0xe2, 0x00, 0x00, 0x00, 0xda, 0x54, 0x00, 0x00, 0x00, 0x00,
  0xdf, 0x4e, 0x00, 0x00, 0x00, 0x00, 0x00, 0x4a, 0xd5, 0x20, 0x1a, 0x00,
  0xdb, 0x44, 0xde, 0x00, 0x00, 0x00, 0x00, 0x46, 0x00, 0x00, 0x00, 0x3b,
  0x00, 0x00, 0x00, 0x20, 0x00, 0x00, 0x00, 0x00, 0xd3, 0x00, 0x00, 0x03,
  0x00, 0x41, 0x00, 0x13, 0x00, 0x00, 0x00, 0x00, 0x00, 0x14, 0xe5, 0x00,
  0x00, 0x00, 0xdb, 0x20, 0x00, 0x00, 0x00, 0x00, 0x00, 0x15, 0x00, 0x00,
  0x10, 0x00, 0xe7, 0x00, 0x00, 0x00, 0x00, 0x00, 0x00, 0x00, 0x00, 0x00,
  0x09, 0x07, 0x00, 0xe2, 0x00, 0x00, 0x00, 0xf7, 0x00, 0x00, 0x1e, 0x4f,
  0x00, 0x00, 0x00, 0x00, 0x00, 0x00, 0x00, 0x00, 0x00, 0xe3, 0x00, 0x52,
  0x00, 0x00, 0x00, 0xe4, 0x00, 0x00, 0x00, 0x00, 0x00, 0xde, 0x00, 0x00,
  0x00, 0x00, 0x00, 0xdb, 0x00, 0x00, 0x00, 0x00, 0x00, 0x00, 0xe2, 0x00,
  0x00, 0x00, 0xde, 0x00, 0xe9, 0x00, 0x00, 0x42, 0x15, 0x00, 0xea, 0x00,
  0x00, 0x3d, 0xd9, 0xdc, 0xdd, 0x00, 0x00, 0x4a, 0x00, 0x00, 0x00, 0x00,
  0x00, 0x38, 0x00, 0x00, 0xe0, 0xe9, 0x00, 0x35, 0xcd, 0x00, 0x00, 0x00,
  0x00, 0x52, 0x00, 0x00, 0x00, 0x00, 0x00, 0x45, 0x00, 0x00, 0x00, 0x00,
  0x00, 0x4c, 0x00, 0x00, 0x11, 0x00, 0x00, 0x45, 0x00, 0xe7, 0x00, 0x00,
  0x00, 0x3b, 0x00, 0x00, 0x00, 0x00, 0x00, 0x43, 0xdc, 0x00, 0x00, 0x00,
  0x00, 0x00, 0xe9, 0x00, 0x00, 0x00, 0x00, 0x00, 0x00, 0x00, 0x00, 0x00,
  0xde, 0x44, 0xe4, 0x00, 0x00, 0x00, 0x00, 0x00, 0x00, 0x00, 0x00, 0x3d,
  0x00, 0x00, 0x00, 0x00, 0x00, 0x00, 0x00, 0x42, 0xdf, 0x00, 0x00, 0x00,
  0x00, 0x00, 0x00, 0xe5, 0xd6, 0x00, 0x00, 0x59, 0x00, 0x00, 0x00, 0x00,
  0x00, 0x00, 0xea, 0x00, 0x00, 0x3a, 0x00, 0x45, 0xdd, 0x00, 0x0f, 0x00,
  0x00, 0x40, 0x00, 0x18, 0x00, 0x00, 0x00, 0x51, 0xdc, 0x00, 0x00, 0x00,
  0x00, 0x4e, 0x00, 0x00, 0x1b, 0x00, 0x14, 0x00, 0x00, 0x00, 0x00, 0x00,
  0x00, 0x00, 0xce, 0x00, 0x1c, 0x00, 0x00, 0x00, 0x00, 0x00, 0x00, 0x00,
  0x00, 0x48, 0xe9, 0x00, 0x00, 0x00, 0x00, 0x3e, 0xe5, 0x16, 0x00, 0x00,
  0x00, 0x48, 0x00, 0x00, 0x00, 0x00, 0x00, 0x00, 0xe1, 0x00, 0x00, 0x00,
  0x00, 0x00, 0x00, 0x00, 0x00, 0x00, 0x00, 0x00, 0xf5, 0xe0, 0x00, 0x00,
  0x00, 0x3d, 0x00, 0x00, 0x00, 0x00, 0x00, 0x40, 0x00, 0x00, 0x07, 0x00,
  0x00, 0x00, 0x00, 0x00, 0x01, 0x01, 0x00, 0x52, 0x00, 0x00, 0xf9, 0xf7,
  0x00, 0x4f, 0xe4, 0x00, 0xf7, 0x00, 0x00, 0x39, 0x08, 0xe4, 0x00, 0x00,
  0x00, 0x3d, 0x00, 0xda, 0x00, 0x00, 0x00, 0x4c, 0xe2, 0xdf, 0x00, 0x00,
  0x00, 0x45, 0x00, 0xdb, 0x00, 0x00, 0x0f, 0x00, 0x00, 0x00, 0x00, 0x00,
  0x00, 0x00, 0x00, 0x00, 0xf1, 0x00, 0x00, 0x42, 0xe4, 0x00, 0x00, 0x00,
  0x00, 0x3f, 0x00, 0x11, 0x00, 0x00, 0x00, 0x00, 0xe9, 0x00, 0x00, 0x00,
  0x00, 0x39, 0x00, 0x00, 0xfe, 0x00, 0x00, 0x00, 0x00, 0x00, 0x00, 0x00,
  0x00, 0x3a, 0x00, 0x00, 0x00, 0x00, 0xee, 0x00, 0x00, 0x00, 0x00, 0x00,
  0x00, 0x00, 0x00, 0x00, 0x00, 0x00, 0x00, 0x00, 0x00, 0x00, 0x00, 0x00,
  0x00, 0x00, 0x00, 0x00, 0x00, 0xf8, 0x00, 0x39, 0x00, 0x00, 0x00, 0x00,
  0x00, 0x00, 0x00, 0x00, 0x00, 0x00, 0x00, 0x00, 0x00, 0x00, 0x00, 0x00,
  0xfc, 0x00, 0x00, 0x00, 0x00, 0x00, 0x00, 0x00, 0x00, 0x00, 0x00, 0x00,
  0x00, 0x00, 0x00, 0x00, 0x00, 0x00, 0x00, 0x00, 0x00, 0x00, 0x00, 0x00,
  0xfd, 0x00, 0x00, 0x00, 0x00, 0x00, 0x00, 0x00, 0x00, 0x00, 0x15, 0x00,
  0xfc, 0x00, 0x00, 0x00, 0x00, 0xf3, 0x01, 0x00, 0x00, 0x00, 0x00, 0x00,
  0xf2, 0x00, 0x00, 0xfb, 0x13, 0x00, 0xfe, 0x00, 0x00, 0x0c, 0xff, 0x00,
  0x00, 0x00, 0x00, 0x02, 0x00, 0x00, 0x00, 0x00, 0x00, 0x00, 0x00, 0x00,
  0x00, 0x00, 0x00, 0x00, 0x00, 0x00, 0x01, 0x00, 0x00, 0x00, 0x1f, 0x00,
  0x00, 0x00, 0x00, 0x00, 0x00, 0x27, 0x00, 0x00, 0x00, 0x00, 0x00, 0x00,
  0xf7, 0x00, 0x00, 0x00, 0x00, 0x00, 0x00, 0x00, 0x00, 0x00, 0x00, 0x00,
  0x00, 0x00, 0x00, 0x00, 0x00, 0x00, 0x00, 0x00, 0x00, 0x00, 0x00, 0x00,
  0x00, 0x00, 0x00, 0x00, 0x00, 0x00, 0x00, 0x36, 0x00, 0x00, 0x00, 0x00,
  0x00, 0x37, 0x00, 0xfd, 0xfa, 0x00, 0x00, 0x00, 0x00, 0x07, 0xf7, 0x00,
  0x00, 0x00, 0x00, 0x00, 0xfe, 0x00, 0xf1, 0x00, 0xcc, 0x00, 0x18, 0x00,
  0xed, 0x00, 0x00, 0x00, 0x04, 0x00, 0x00, 0x00, 0x00, 0x00, 0x00, 0x00,
  0x00, 0x00, 0x00, 0x00, 0x00, 0x00, 0x00, 0x00, 0x00, 0x00, 0x00, 0xf3,
  0x00, 0x00, 0x00, 0x00, 0x00, 0x00, 0x00, 0x00, 0x00, 0x00, 0x00, 0xec,
  0xfa, 0x3a, 0x00, 0x00, 0x00, 0x00, 0xf3, 0x00, 0x00, 0x00, 0x00, 0xe7,
  0xf0, 0x00, 0x00, 0x00, 0x00, 0x00, 0xf4, 0x34, 0x00, 0x00, 0x00, 0xf1,
  0xf2, 0x00, 0x00, 0xfc, 0xfd, 0x00, 0x00, 0x00, 0x00, 0x00, 0x06, 0x00,
  0x00, 0x00, 0x00, 0x00, 0x00, 0xec, 0xfa, 0x3b, 0x00, 0x00, 0x00, 0x00,
  0x00, 0x00, 0x00, 0x00, 0x00, 0x00, 0x04, 0x00, 0xcf, 0x00, 0x00, 0x00,
  0x00, 0x45, 0x00, 0x00, 0x00, 0x00, 0x00, 0x48, 0x00, 0x07, 0x25, 0x00,
  0x04, 0x00, 0x00, 0x00, 0x00, 0xec, 0x00, 0x00, 0x00, 0x00, 0x00, 0x00,
  0xfd, 0x00, 0xce, 0x00, 0x00, 0x00, 0x00, 0x00, 0x00, 0x00, 0x00, 0x00,
  0x00, 0x00, 0x00, 0x00, 0x00, 0x00, 0x00, 0x00, 0x00, 0x00, 0x00, 0x00,
  0x00, 0x00, 0x00, 0x00, 0x00, 0x00, 0x00, 0x32, 0x00, 0x00, 0x00, 0x00,
  0xf0, 0x00, 0x00, 0x00, 0x00, 0x00, 0xf4, 0x00, 0x00, 0x00, 0x03, 0x00,
  0x00, 0x00, 0x00, 0x00, 0x00, 0x00, 0x00, 0x00, 0x00, 0x00, 0x00, 0xf0,
  0xf2, 0x00, 0x00, 0x00, 0x00, 0xf2, 0x00, 0x00, 0x00, 0x00, 0x00, 0xec,
  0x00, 0x00, 0x00, 0x00, 0x00, 0x00, 0x00, 0x00, 0x00, 0x00, 0x00, 0x00,
  0x00, 0x33, 0x00, 0x00, 0x00, 0x00, 0x00, 0x2e, 0xb6, 0x0c, 0x00, 0xf3,
  0xe6, 0x00, 0x00, 0x00, 0x1c, 0xf4, 0x00, 0x26, 0x00, 0x00, 0x00, 0x00,
  0x00, 0x00, 0x00, 0x00, 0x00, 0x00, 0x00, 0x2e, 0x00, 0x00, 0x00, 0x00,
  0x00, 0x00, 0x00, 0x00, 0xf0, 0x00, 0xe5, 0x00, 0x00, 0x00, 0x00, 0xf0,
  0x00, 0x00, 0x00, 0xf8, 0x00, 0x00, 0xf0, 0x00, 0x00, 0x00, 0xff, 0x00,
  0x00, 0x00, 0x00, 0x00, 0x00, 0x00, 0xe7, 0x00, 0x00, 0x00, 0xf2, 0x00,
  0xef, 0x2e, 0x00, 0x00, 0x00, 0x00, 0xef, 0x00, 0x00, 0x00, 0x00, 0xe3,
  0x00, 0x00, 0x00, 0x00, 0xc2, 0x00, 0x00, 0x00, 0x00, 0x00, 0x00, 0x00,
  0xf3, 0x00, 0x00, 0x00, 0x00, 0x00, 0xfc, 0x00, 0x00, 0x00, 0xfa, 0x00,
  0xfa, 0x00, 0x00, 0x00, 0x00, 0xe6, 0xf4, 0x00, 0x00, 0x00, 0x00, 0x00,
  0x00, 0x36, 0x00, 0x00, 0xf9, 0x00, 0xf2, 0x32, 0x00, 0x01, 0x00, 0x00,
  0x00, 0x00, 0x00, 0x00, 0x00, 0x00, 0xf4, 0x00, 0x00, 0x00, 0x00, 0x00,
  0x00, 0x00, 0x00, 0x00, 0x00, 0x00, 0x00, 0x00, 0x00, 0xfe, 0x00, 0x00,
  0x00, 0x00, 0x00, 0x00, 0x00, 0x00, 0x00, 0x00, 0x00, 0x00, 0x00, 0x00,
  0x00, 0x41, 0x00, 0x00, 0x00, 0x00, 0x00, 0x00, 0x00, 0x00, 0x00, 0x00,
  0x00, 0x54, 0x00, 0x00, 0xff, 0x00, 0x00, 0x00, 0x00, 0x00, 0x1a, 0x00,
  0x00, 0x00, 0x00, 0x00, 0x1b, 0x00, 0x00, 0x00, 0x00, 0x00, 0x15, 0x00,
  0x00, 0x00, 0x00, 0x00, 0x00, 0x36, 0x00, 0x00, 0x00, 0x00, 0x00, 0x00,
  0x00, 0x00, 0x00, 0x01, 0x00, 0x00, 0x00, 0x44, 0x00, 0x04, 0x2c, 0x35,
  0xd6, 0x4c, 0x00, 0x00, 0x2e, 0x00, 0x00, 0x00, 0x00, 0x00, 0x36, 0x00,
  0x00, 0x43, 0x00, 0x00, 0x38, 0x00, 0x00, 0x00, 0x00, 0x00, 0x00, 0x00,
  0x00, 0x00, 0x00, 0x00, 0x00, 0x36, 0x00, 0x00, 0x00, 0x00, 0x00, 0x00,
  0x00, 0x00, 0x00, 0x00, 0x00, 0x00, 0x00, 0x00, 0x00, 0xd2, 0x00, 0x00,
  0x00, 0x4e, 0x00, 0x00, 0x00, 0x00, 0x00, 0x00, 0x00, 0x00, 0x00, 0x00,
  0xc6, 0x37, 0x00, 0x00, 0x00, 0x00, 0x00, 0x00, 0x34, 0x00, 0x00, 0x00,
  0x00, 0x4a, 0x00, 0x00, 0x00, 0x00, 0xc5, 0x00, 0x00, 0x00, 0x00, 0x00,
  0x00, 0x00, 0x00, 0x00, 0x00, 0x39, 0xc3, 0x00, 0x00, 0x00, 0x00, 0x40,
  0x00, 0x00, 0x00, 0x00, 0x00, 0x4b, 0x00, 0x00, 0x00, 0x00, 0x00, 0x45,
  0x00, 0x00, 0x00, 0x00, 0x00, 0x3f, 0x00, 0x00, 0x00, 0x00, 0x06, 0x57,
  0xbf, 0x00, 0x00, 0xc7, 0xfd, 0x45, 0x00, 0x40, 0x00, 0x00, 0x00, 0x45,
  0x00, 0x37, 0x00, 0x00, 0x00, 0x43, 0x00, 0x00, 0x3c, 0x00, 0x00, 0x00,
  0x00, 0x00, 0x00, 0x00, 0x00, 0x00, 0x00, 0x33, 0x00, 0x00, 0x00, 0x00,
  0x00, 0x36, 0x00, 0x00, 0x00, 0x00, 0x00, 0x00, 0x00, 0x00, 0x00, 0x00,
  0x00, 0x00, 0x00, 0x00, 0x00, 0x00, 0x00, 0x00, 0x00, 0x00, 0x00, 0x00,
  0x00, 0x33, 0x00, 0x00, 0x00, 0x00, 0x00, 0x00, 0x00, 0x00, 0x00, 0x00,
  0x00, 0x00, 0x00, 0x00, 0x00, 0x00, 0x00, 0x00, 0x00, 0x00, 0x00, 0x00,
  0x00, 0x00, 0x00, 0x00, 0x00, 0x00, 0x00, 0x39, 0x00, 0x00, 0x00, 0x00,
  0x00, 0x00, 0x16, 0x00, 0x00, 0x35, 0x00, 0x00, 0x00, 0x00, 0xe8, 0x34,
  0x00, 0x00, 0x00, 0x00, 0x00, 0x39, 0x00, 0x00, 0x00, 0x00, 0x00, 0x41,
  0x00, 0x46, 0x00, 0x00, 0x00, 0x00, 0x00, 0x00, 0x00, 0x00, 0x00, 0x00,
  0x00, 0x00, 0x00, 0x00, 0x00, 0x00, 0x00, 0x00, 0x00, 0x00, 0x00, 0x00,
  0x00, 0x46, 0x00, 0x00, 0x00, 0x3f, 0x00, 0x5e, 0x00, 0x00, 0x00, 0x00,
  0x00, 0x60, 0x00, 0x00, 0x00, 0x00, 0x00, 0x00, 0x28, 0x00, 0x00, 0x00,
  0x00, 0x59, 0x00, 0x00, 0x23, 0x00, 0xc1, 0x00, 0x00, 0x00, 0x1a, 0x05,
  0x00, 0x00, 0x00, 0x00, 0x00, 0x00, 0x00, 0x00, 0x00, 0x00, 0x30, 0x00,
  0xbe, 0x42, 0x00, 0x00, 0x00, 0x00, 0x00, 0x00, 0x00, 0x00, 0x00, 0x00,
  0x00, 0x00, 0x00, 0x00, 0x00, 0x00, 0x00, 0x00, 0x00, 0x00, 0x00, 0x00,
  0x00, 0x39, 0x00, 0x00, 0x18, 0x00, 0x00, 0x00, 0x00, 0x00, 0x00, 0x00,
  0x00, 0x00, 0x00, 0x00, 0x00, 0x4c, 0x00, 0x38, 0x00, 0x00, 0x00, 0x00,
  0x00, 0x00, 0x00, 0x00, 0x00, 0x44, 0x00, 0x00, 0x26, 0x00, 0x1f, 0x00,
  0x00, 0x00, 0x24, 0xc2, 0x00, 0x00, 0x00, 0x3a, 0x00, 0xca, 0x0a, 0x36,
  0x00, 0x00, 0x00, 0x00, 0x0c, 0x00, 0x00, 0x00, 0x00, 0x00, 0x15, 0x00,
  0x00, 0x42, 0x00, 0x00, 0x15, 0x00, 0x00, 0x00, 0x00, 0xd0, 0x00, 0x00,
  0x00, 0x00, 0x00, 0x00, 0x00, 0x00, 0x05, 0x00, 0x00, 0x00, 0x00, 0x00,
  0x00, 0x4f, 0x00, 0x00, 0x00, 0x00, 0x00, 0x54, 0x00, 0x00, 0x00, 0x00,
  0x00, 0x56, 0x00, 0x00, 0x00, 0x00, 0x00, 0x00, 0x00, 0x00, 0x00, 0x00,
  0x00, 0x49, 0x00, 0x00, 0x00, 0x00, 0x00, 0x4e, 0x00, 0x00, 0x00, 0x3e,
  0x00, 0x00, 0xfc, 0x00, 0x00, 0x53, 0x00, 0x00, 0x00, 0xd3, 0x00, 0x00,
  0x00, 0x48, 0x00, 0xc0, 0x00, 0x3d, 0x00, 0x50, 0x00, 0xcc, 0x0c, 0x4f,
  0x00, 0x4b, 0x00, 0x00, 0x00, 0x00, 0x00, 0x56, 0x00, 0x00, 0x00, 0x00,
  0x00, 0x69, 0x00, 0x00, 0x00, 0x00, 0x00, 0x00, 0x00, 0x00, 0x00, 0x00,
  0x00, 0x46, 0x00, 0x00, 0x1e, 0x00, 0x00, 0x47, 0x00, 0x00, 0x00, 0x00,
  0x00, 0x55, 0x00, 0x00, 0x00, 0x00, 0x00, 0x4a, 0x00, 0x00, 0x00, 0x05,
  0x00, 0x50, 0x00, 0x00, 0x00, 0x00, 0x00, 0x3f, 0x00, 0x00, 0x00, 0x00,
  0x00, 0x00, 0x00, 0x00, 0x00, 0x00, 0x00, 0x00, 0x00, 0x00, 0xe2, 0x00,
  0x2a, 0x00, 0x00, 0xf8, 0x00, 0x00, 0x00, 0x00, 0xe6, 0x00, 0x00, 0xd6,
  0x00, 0x00, 0x00, 0x00, 0x00, 0x00, 0x2f, 0x00, 0x00, 0x00, 0x00, 0xde,
  0x2a, 0x00, 0x00, 0x00, 0x00, 0xdc, 0x00, 0x00, 0xc4, 0x00, 0x2c, 0xda,
  0x33, 0x00, 0x00, 0x00, 0x31, 0x00, 0x00, 0x00, 0x00, 0xec, 0x00, 0xd3,
  0x2a, 0x00, 0x00, 0x00, 0x00, 0x00, 0x00, 0x00, 0x00, 0x00, 0xf3, 0x00,
  0x3a, 0x00, 0x00, 0x38, 0xeb, 0xd5, 0x3a, 0x00, 0x00, 0x27, 0x00, 0x00,
  0x00, 0x12, 0x00, 0x34, 0x00, 0x00, 0x29, 0x21, 0x00, 0x00, 0x1f, 0x00,
  0x2f, 0x00, 0x00, 0x00, 0x00, 0x00, 0x25, 0x00, 0x00, 0x20, 0xdf, 0x00,
  0x00, 0x00, 0xe7, 0x00, 0xd3, 0xdd, 0x00, 0x00, 0x00, 0x00, 0x1b, 0x00,
  0x00, 0x00, 0x00, 0x00, 0x00, 0x00, 0x00, 0x00, 0x00, 0x00, 0x00, 0x00,
  0x00, 0x00, 0x00, 0x00, 0x00, 0x00, 0x00, 0x00, 0x00, 0x37, 0x00, 0x00,
  0x00, 0x00, 0x00, 0x00, 0x00, 0x00, 0xf6, 0x00, 0x00, 0x24, 0x1e, 0x00,
  0x00, 0x00, 0x00, 0xee, 0x00, 0xdc, 0x00, 0x00, 0xe2, 0x00, 0x00, 0x00,
  0x00, 0x00, 0x16, 0x00, 0x00, 0x00, 0x00, 0x00, 0x00, 0x00, 0x00, 0x00,
  0x00, 0x00, 0x0c, 0x00, 0x00, 0x00, 0x00, 0x00, 0x00, 0x00, 0x00, 0x00,
  0x00, 0x00, 0xdf, 0xf9, 0x00, 0x0a, 0x00, 0x00, 0x00, 0xf7, 0x00, 0x00,
  0x00, 0x00, 0xd2, 0x00, 0x1f, 0x00, 0x27, 0x00, 0x00, 0x3e, 0x00, 0x00,
  0x00, 0x00, 0xcf, 0x00, 0x00, 0xdd, 0x00, 0x00, 0x11, 0x00, 0xb3, 0x00,
  0x00, 0x00, 0x13, 0x00, 0x00, 0x00, 0x00, 0x1a, 0x00, 0x00, 0x00, 0x00,
  0xf5, 0x00, 0x00, 0x23, 0x00, 0x00, 0x00, 0x00, 0xa0, 0x27, 0x00, 0x13,
  0x00, 0x00, 0xbc, 0x00, 0x34, 0xdc, 0x00, 0xe8, 0xe1, 0x00, 0x00, 0x00,
  0x00, 0x00, 0x00, 0x00, 0x00, 0x00, 0x00, 0x00, 0x00, 0x00, 0xee, 0x00,
  0x00, 0x00, 0xe4, 0x00, 0xe2, 0x00, 0x29, 0x1a, 0x00, 0x3d, 0xeb, 0xd4,
  0x2f, 0x1c, 0x00, 0x22, 0xeb, 0x00, 0x00, 0x00, 0x00, 0x00, 0x00, 0xd5,
  0x00, 0x11, 0x00, 0x00, 0x00, 0x00, 0x00, 0x00, 0x00, 0x00, 0x00, 0x00,
  0x00, 0x00, 0xe5, 0x2e, 0x00, 0x00, 0x00, 0x00, 0x00, 0x00, 0x23, 0xdc,
  0x00, 0x00, 0x00, 0x00, 0x00, 0x00, 0x00, 0x00, 0x00, 0x00, 0x00, 0x00,
  0x2f, 0x00, 0x00, 0x00, 0x23, 0x11, 0x00, 0x00, 0xe1, 0x00, 0x00, 0x00,
  0x00, 0xdd, 0x00, 0x00, 0x00, 0x00, 0x00, 0x00, 0xce, 0x00, 0x00, 0x16,
  0x00, 0x00, 0xe5, 0x00, 0xf2, 0x00, 0x00, 0x00, 0x00, 0x00, 0x00, 0x00,
  0x00, 0x00, 0xcb, 0x00, 0xe3, 0x00, 0x00, 0x00, 0x00, 0x2a, 0x00, 0x00,
  0x00, 0x00, 0x00, 0x00, 0x00, 0x00, 0x00, 0xdc, 0x00, 0x00, 0x00, 0x00,
  0x2d, 0x00, 0xe2, 0x00, 0x00, 0x00, 0x00, 0x00, 0x00, 0x00, 0x00, 0x00,
  0x00, 0x00, 0xca, 0x00, 0x13, 0x00, 0x00, 0x14, 0x00, 0x00, 0x1e, 0x00,
  0x00, 0x00, 0xd3, 0x1d, 0x23, 0x00, 0x00, 0x00, 0x00, 0x2f, 0x00, 0xd0,
  0x2c, 0x00, 0xcc, 0x00, 0x00, 0xc9, 0x00, 0x00, 0x00, 0x00, 0x00, 0xd9,
  0x00, 0x00, 0xdd, 0x00, 0x3c, 0xd3, 0x00, 0x00, 0x00, 0x00, 0x00, 0x00,
  0x00, 0xe7, 0x25, 0xf4, 0x00, 0xce, 0x36, 0x00, 0x00, 0x00, 0x00, 0xda,
  0x00, 0x00, 0xbf, 0x00, 0x00, 0xde, 0x00, 0x00, 0x00, 0x00, 0x00, 0xc0,
  0x00, 0x00, 0x00, 0x00, 0x00, 0x00, 0x3c, 0x00, 0x00, 0xf6, 0x00, 0xc8,
  0x00, 0x00, 0x00, 0x00, 0x00, 0x00, 0x00, 0x00, 0x00, 0x29, 0x12, 0xd1,
  0x31, 0x00, 0x00, 0x00, 0x00, 0x00, 0x00, 0xe4, 0x00, 0x2a, 0xe6, 0xdf,
  0x00, 0x00, 0x00, 0x00, 0x24, 0xdf, 0x24, 0x00, 0x0f, 0x00, 0x00, 0x00,
  0x00, 0x00, 0xc8, 0x2d, 0x12, 0x00, 0x00, 0x00, 0x00, 0x00, 0x00, 0x00,
  0x32, 0x00, 0x23, 0x00, 0x1a, 0x00, 0x00, 0xdd, 0x00, 0x00, 0x00, 0x14,
  0x00, 0x00, 0x00, 0x00, 0xdf, 0x00, 0x00, 0x17, 0xe0, 0x00, 0x00, 0x00,
  0x00, 0x00, 0x00, 0x2d, 0x00, 0x00, 0x00, 0x00, 0xc6, 0x00, 0x00, 0x00,
  0xf7, 0x00, 0x00, 0x00, 0x29, 0x00, 0x00, 0x0d, 0x00, 0x00, 0x00, 0x00,
  0xf2, 0x00, 0x00, 0x00, 0x00, 0x00, 0x00, 0x0d, 0x00, 0x00, 0x00, 0xda,
  0x00, 0x00, 0x00, 0xf2, 0x00, 0x00, 0x00, 0x0f, 0x00, 0x00, 0x00, 0x00,
  0x00, 0x00, 0x00, 0x00, 0x00, 0x00, 0x00, 0x00, 0x00, 0x00, 0x00, 0x00,
  0x00, 0x00, 0x00, 0x00, 0x32, 0x00, 0x00, 0x00, 0x00, 0x00, 0x31, 0x00,
  0x00, 0x00, 0x00, 0x00, 0x25, 0x00, 0x00, 0xd9, 0x00, 0x00, 0x00, 0x00,
  0x20, 0x00, 0x00, 0x00, 0x00, 0xf3, 0x00, 0xd2, 0x00, 0x00, 0x2e, 0x00,
  0x00, 0x00, 0xf1, 0x00, 0x00, 0x00, 0x00, 0x00, 0x00, 0x00, 0x17, 0x00,
  0x19, 0x00, 0x00, 0x00, 0x00, 0x00, 0x00, 0x00, 0x00, 0x0c, 0x00, 0x00,
  0x00, 0xda, 0x00, 0x00, 0x00, 0x00, 0x00, 0x00, 0x00, 0x00, 0x00, 0x00,
  0x00, 0x00, 0x00, 0x00, 0xe1, 0x00, 0x00, 0x00, 0x00, 0x00, 0xda, 0x00,
  0x00, 0x00, 0xeb, 0x00, 0xdf, 0x00, 0x30, 0x00, 0x00, 0x17, 0xd3, 0xe9,
  0x29, 0x00, 0x00, 0x00, 0x00, 0xd3, 0x00, 0x00, 0x27, 0x00, 0x00, 0x00,
  0x26, 0x00, 0x28, 0x00, 0x00, 0x00, 0x27, 0x00, 0x00, 0x00, 0x00, 0x00,
  0x1e, 0x00, 0x00, 0x00, 0x00, 0x00, 0x00, 0x00, 0x00, 0x09, 0x00, 0xd9,
  0x00, 0x00, 0x00, 0x00, 0x00, 0x00, 0x00, 0x39, 0x00, 0x00, 0x00, 0x00,
  0x00, 0x39, 0x00, 0x00, 0xd0, 0x00, 0x00, 0x38, 0x00, 0x00, 0x00, 0x00,
  0x00, 0x00, 0x00, 0x00, 0x00, 0x00, 0x00, 0x3e, 0x00, 0x00, 0x00, 0x00,
  0x00, 0x00, 0x00, 0x00, 0x00, 0x00, 0x00, 0x29, 0x00, 0x00, 0x00, 0x00,
  0x00, 0x28, 0x00, 0x00, 0x00, 0x00, 0x00, 0x00, 0x00, 0x00, 0x00, 0x00,
  0x00, 0x27, 0x00, 0x00, 0x00, 0x00, 0x00, 0x00, 0x00, 0x00, 0x00, 0x00,
  0x00, 0x00, 0x00, 0x00, 0x00, 0x00, 0x00, 0x00, 0x00, 0x00, 0x00, 0x15,
  0x00, 0x00, 0x00, 0x00, 0x35, 0x00, 0x00, 0x00, 0x00, 0x00, 0x43, 0x00,
  0x00, 0x00, 0x00, 0x00, 0x00, 0x00, 0x00, 0x00, 0x00, 0x00, 0x00, 0xe3,
  0x00, 0x00, 0x00, 0x00, 0x00, 0x00, 0x00, 0x00, 0x00, 0x00, 0x2b, 0x00,
  0x00, 0x00, 0x00, 0x00, 0x00, 0x00, 0x00, 0x00, 0x30, 0x00, 0x00, 0x00,
  0x00, 0xdd, 0x00, 0x00, 0x1f, 0x00, 0x0c, 0x00, 0x00, 0x00, 0x19, 0x00,
  0x10, 0x00, 0x00, 0x00, 0x1e, 0x00, 0x00, 0x00, 0x00, 0x00, 0x00, 0x00,
  0x00, 0x00, 0x00, 0x00, 0x00, 0xe7, 0x10, 0x00, 0x00, 0x00, 0xc2, 0x00,
  0x00, 0x00, 0x00, 0x00, 0xc7, 0x00, 0x10, 0x00, 0x00, 0x00, 0x00, 0xd4,
  0x15, 0x00, 0x00, 0x00, 0xee, 0xc6, 0x00, 0x22, 0x37, 0x00, 0xde, 0xe5,
  0x00, 0x00, 0x00, 0x00, 0x00, 0xd7, 0x13, 0x00, 0x00, 0x00, 0xe2, 0x00,
  0x21, 0x00, 0x00, 0x00, 0x00, 0x00, 0x00, 0x27, 0x00, 0x00, 0x00, 0x00,
  0x00, 0x00, 0x2d, 0x00, 0x00, 0x00, 0x00, 0x30, 0x00, 0x00, 0x00, 0x00,
  0x00, 0x37, 0x00, 0x00, 0xd4, 0x00, 0x00, 0x00, 0x00, 0x00, 0x00, 0xda,
  0x00, 0x00, 0x00, 0x00, 0x00, 0x00, 0x00, 0x40, 0x00, 0x00, 0x00, 0x00,
  0x00, 0x50, 0x00, 0x00, 0x00, 0x00, 0x00, 0x00, 0x00, 0x00, 0x00, 0x00,
  0x00, 0x47, 0xe8, 0x00, 0x00, 0x00, 0x00, 0x00, 0xf3, 0x00, 0x00, 0x00,
  0x00, 0x00, 0x00, 0x00, 0x00, 0x00, 0x00, 0x00, 0x00, 0x00, 0x00, 0x00,
  0x00, 0x00, 0x00, 0x00, 0xe0, 0x00, 0x00, 0x00, 0x00, 0x08, 0x00, 0x00,
  0x00, 0x00, 0x00, 0x00, 0x00, 0x00, 0x00, 0x00, 0x00, 0x00, 0x1f, 0x00,
  0x00, 0x00, 0x00, 0x00, 0x00, 0x00, 0x00, 0x00, 0x00, 0x00, 0x00, 0x00,
  0x00, 0x00, 0x00, 0x00, 0x00, 0x00, 0x00, 0xfa, 0x00, 0x00, 0x2c, 0x00,
  0x00, 0xf4, 0x00, 0x00, 0x2d, 0x00, 0x00, 0x00, 0x00, 0x00, 0x00, 0x00,
  0x00, 0x00, 0x00, 0x00, 0x2d, 0x00, 0x00, 0x00, 0x00, 0x00, 0x00, 0x00,
  0x00, 0x00, 0x00, 0x00, 0x31, 0x00, 0x00, 0x00, 0x00, 0x00, 0x00, 0x00,
  0x00, 0x00, 0x00, 0x00, 0x00, 0x00, 0x00, 0x00, 0x00, 0x00, 0x00, 0x00,
  0x22, 0x00, 0x00, 0x00, 0x00, 0x00, 0x00, 0x00, 0xf6, 0x00, 0x00, 0x00,
  0x00, 0x00, 0x00, 0x00, 0x00, 0x00, 0x00, 0x00, 0x00, 0x00, 0xe4, 0xd6,
  0x12, 0x00, 0x00, 0x00, 0xcd, 0x00, 0x00, 0x00, 0x00, 0x00, 0xd5, 0x00,
  0x00, 0x38, 0x00, 0x00, 0xd6, 0x00, 0x00, 0x00, 0x00, 0x00, 0xe3, 0x00,
  0x0b, 0x00, 0x29, 0x00, 0x00, 0x00, 0x00, 0x4c, 0x28, 0x00, 0x00, 0x00,
  0x00, 0x50, 0x00, 0x00, 0x00, 0x1d, 0x08, 0x4a, 0x00, 0x07, 0x00, 0x00,
  0x00, 0x00, 0x00, 0x00, 0x00, 0x00, 0x00, 0x00, 0x00, 0x00, 0x00, 0x00,
  0x00, 0x47, 0x00, 0x00, 0x17, 0x00, 0x00, 0x00, 0xe7, 0x00, 0x12, 0x00,
  0x00, 0x00, 0x00, 0x00, 0x00, 0x00, 0x00, 0x37, 0x00, 0x00, 0x00, 0x00,
  0x00, 0x00, 0x00, 0xd2, 0x00, 0x27, 0x00, 0x00, 0x00, 0xd2, 0x00, 0x00,
  0x00, 0x00, 0x00, 0xd9, 0xee, 0x1e, 0x00, 0x00, 0x00, 0xd4, 0xe6, 0x27,
  0x00, 0x00, 0x00, 0xd7, 0x00, 0x00, 0x00, 0x00, 0x00, 0x00, 0x00, 0x2c,
  0x04, 0x00, 0x00, 0x00, 0x00, 0x00, 0x00, 0x00, 0x19, 0xd9, 0xf8, 0x3c,
  0x00, 0x23, 0x00, 0xd0, 0x00, 0x00, 0x00, 0x00, 0x00, 0xd8, 0x00, 0x00,
  0xd6, 0x00, 0x00, 0x00, 0x00, 0x00, 0x00, 0x00, 0x00, 0x00, 0xf5, 0x00,
  0xd5, 0x2b, 0x00, 0x00, 0x00, 0x00, 0x00, 0x24, 0x00, 0x00, 0x00, 0x00,
  0x00, 0x25, 0x00, 0x12, 0x00, 0xed, 0x00, 0x31, 0x00, 0x00, 0x00, 0x00,
  0x00, 0x00, 0x00, 0x00, 0xf0, 0xe0, 0x00, 0x00, 0x00, 0x00, 0x00, 0x00,
  0x0b, 0x00, 0x00, 0x00, 0xdd, 0xeb, 0x00, 0x00, 0xd7, 0x00, 0x00, 0x00,
  0x00, 0x00, 0x00, 0x0b, 0x00, 0x00, 0x0a, 0x00, 0x00, 0x18, 0x00, 0x00,
  0x00, 0xf8, 0x00, 0x00, 0x00, 0x00, 0x07, 0x00, 0xe7, 0xd0, 0x00, 0x2b,
  0x00, 0x00, 0x00, 0x00, 0x00, 0x28, 0x00, 0x00, 0x00, 0x00, 0x00, 0x00,
  0x00, 0x00, 0xf1, 0x00, 0x00, 0x2c, 0x00, 0x00, 0x00, 0x00, 0x00, 0x00,
  0x00, 0x23, 0x00, 0x00, 0xdd, 0x00, 0x00, 0x00, 0x00, 0x00, 0xd2, 0x00,
  0xd1, 0x00, 0x00, 0xd6, 0xd4, 0x00, 0x00, 0x34, 0x00, 0xcb, 0x00, 0x00,
  0x00, 0x2b, 0x00, 0x00, 0x00, 0x00, 0xe0, 0x21, 0x00, 0x00, 0x00, 0x00,
  0x00, 0x37, 0x00, 0x00, 0xee, 0x00, 0x00, 0x3a, 0x00, 0x0a, 0xf0, 0x00,
  0x00, 0x2a, 0x00, 0x0c, 0xe9, 0x00, 0x00, 0x19, 0x00, 0x0b, 0x00, 0x00,
  0x00, 0x36, 0x00, 0x00, 0x00, 0x00, 0x00, 0x16, 0x00, 0xdb, 0x00, 0x2c,
  0xde, 0x00, 0x00, 0x00, 0x30, 0x00, 0x00, 0x00, 0x00, 0xd4, 0x00, 0x1f,
  0x00, 0x00, 0x00, 0x00, 0x00, 0x1e, 0x00, 0x18, 0x00, 0x00, 0xe9, 0x1e,
  0x00, 0x00, 0x00, 0x00, 0x00, 0x2b, 0x00, 0x00, 0x00, 0x00, 0x00, 0x00,
  0x00, 0x00, 0x21, 0x00, 0x00, 0x29, 0x00, 0x00, 0x00, 0xcc, 0x00, 0x00,
  0xda, 0x00, 0xe8, 0xd9, 0x08, 0x00, 0x00, 0x00, 0x00, 0x00, 0x00, 0x00,
  0x00, 0x00, 0x00, 0x00, 0xe3, 0x00, 0x00, 0x00, 0x00, 0x00, 0xdc, 0x00,
  0x00, 0x00, 0x00, 0x00, 0xdc, 0x00, 0x00, 0x00, 0x00, 0x06, 0xdb, 0x00,
  0x00, 0x00, 0x00, 0x00, 0xdb, 0xf1, 0x00, 0x00, 0x00, 0x00, 0x00, 0x00,
  0x00, 0x00, 0x00, 0x00, 0x06, 0x00, 0x00, 0x00, 0x00, 0x00, 0xde, 0x00,
  0x00, 0x00, 0x00, 0x0b, 0xe3, 0x00, 0x00, 0x00, 0x00, 0x00, 0xe3, 0x00,
  0x00, 0x00, 0x00, 0x1a, 0x00, 0x00, 0x00, 0x00, 0x00, 0x00, 0x00, 0x1f,
  0x00, 0x00, 0x00, 0x00, 0x00, 0x00, 0xd1, 0x00, 0x00, 0x00, 0x00, 0x00,
  0x00, 0x00, 0x00, 0x00, 0x00, 0x00, 0xd5, 0x2f, 0x00, 0x00, 0xde, 0x2c,
  0xda, 0x00, 0x00, 0xd8, 0xe4, 0x27, 0x00, 0x27, 0x00, 0xcc, 0xe0, 0x27,
  0x00, 0x39, 0x00, 0xdb, 0x00, 0x00, 0xd7, 0x21, 0x00, 0xcb, 0x00, 0x00,
  0xc8, 0x24, 0x00, 0xd7, 0xe4, 0xf3, 0x00, 0x00, 0x00, 0xd5, 0x00, 0xf8,
  0x00, 0x36, 0x00, 0xda, 0x00, 0xf4, 0x00, 0x00, 0x00, 0x00, 0x00, 0x00,
  0x0b, 0x22, 0x00, 0x00, 0xde, 0x00, 0x00, 0x00, 0x00, 0x00, 0x00, 0x00,
  0x00, 0x00, 0x00, 0x00, 0x00, 0x46, 0x00, 0x00, 0x00, 0x00, 0x00, 0x43,
  0x00, 0x00, 0x00, 0xd3, 0x00, 0x33, 0x00, 0x00, 0x00, 0xd3, 0x00, 0x00,
  0x00, 0x00, 0x00, 0xdc, 0x00, 0x00, 0x00, 0x00, 0x00, 0x00, 0x00, 0x00,
  0xd0, 0x00, 0x00, 0x00, 0x00, 0x00, 0xd4, 0x00, 0x00, 0x00, 0x00, 0x30,
  0xd7, 0x00, 0x00, 0x00, 0x00, 0x00, 0x00, 0x00, 0x25, 0x00, 0x00, 0x00,
  0xd4, 0x00, 0x00, 0x00, 0x00, 0x00, 0x00, 0x00, 0x00, 0x00, 0x00, 0x00,
  0x00, 0x00, 0x00, 0x00, 0x00, 0x00, 0x00, 0x00, 0x00, 0x00, 0xd7, 0x00,
  0x00, 0x11, 0x00, 0x00, 0x00, 0xeb, 0x00, 0x20, 0x00, 0x00, 0xde, 0x00,
  0x00, 0x00, 0xec, 0x00, 0xe1, 0x00, 0x00, 0x00, 0x00, 0x00, 0x00, 0x00,
  0x00, 0x00, 0x00, 0x00, 0x00, 0x00, 0x00, 0x00, 0x00, 0x00, 0x00, 0x00,
  0x00, 0x00, 0x00, 0x00, 0x00, 0x00, 0x00, 0x00, 0x00, 0x00, 0x00, 0xfd,
  0x00, 0x00, 0x00, 0x00, 0x00, 0x00, 0x00, 0x00, 0x00, 0x00, 0x00, 0x00,
  0x00, 0x00, 0x00, 0x00, 0x00, 0x00, 0x00, 0x00, 0x00, 0x00, 0x00, 0x00,
  0x00, 0x00, 0x00, 0x00, 0x00, 0x00, 0x00, 0x00, 0x00, 0x00, 0x00, 0x00,
  0x00, 0x00, 0x00, 0x00, 0x00, 0x00, 0x00, 0x00, 0x00, 0x00, 0xc9, 0x00,
  0x00, 0x00, 0x00, 0x00, 0x00, 0x00, 0x00, 0x00, 0x00, 0xe0, 0x00, 0x00,
  0x00, 0x00, 0x00, 0xde, 0x00, 0x00, 0x00, 0xbf, 0x00, 0x00, 0x00, 0x00,
  0x00, 0x00, 0x00, 0x00, 0x00, 0x00, 0x00, 0x00, 0x00, 0x00, 0x00, 0x00,
  0x00, 0xb3, 0x00, 0x00, 0x00, 0xc3, 0x13, 0xb3, 0x00, 0x00, 0x00, 0x00,
  0x00, 0xba, 0x00, 0x00, 0x00, 0xbd, 0x00, 0xbd, 0x00, 0x00, 0x00, 0xaa,
  0x00, 0x00, 0x00, 0x1c, 0x00, 0xbe, 0x20, 0x00, 0x00, 0x00, 0x00, 0x99,
  0x00, 0xc0, 0x00, 0x00, 0x00, 0x99, 0x1b, 0x00, 0x00, 0x00, 0x00, 0xb1,
  0x15, 0x00, 0x00, 0x00, 0x00, 0xbd, 0x00, 0x00, 0x00, 0x00, 0x00, 0x9e,
  0x00, 0x00, 0x00, 0x00, 0x00, 0xba, 0x19, 0xc1, 0x00, 0x00, 0x00, 0xbf,
  0x00, 0xb0, 0x00, 0x00, 0x00, 0x00, 0x00, 0x00, 0x00, 0x00, 0xfe, 0x00,
  0x00, 0xbf, 0x00, 0x00, 0xf6, 0x00, 0x00, 0xbf, 0x00, 0x00, 0x00, 0x00,
  0x00, 0xaf, 0x00, 0x00, 0x00, 0x00, 0x00, 0x00, 0x00, 0x00, 0x00, 0x00,
  0x00, 0x00, 0x00, 0x00, 0x00, 0x0d, 0x00, 0x00, 0x00, 0x00, 0x00, 0x25,
  0x00, 0x00, 0x00, 0x00, 0x00, 0x18, 0x00, 0x00, 0x00, 0x00, 0x00, 0x34,
  0x00, 0x00, 0x00, 0x00, 0xf8, 0x1f, 0x00, 0x00, 0x00, 0x00, 0x00, 0x30,
  0x00, 0x00, 0x00, 0x00, 0x00, 0x00, 0x00, 0x00, 0x00, 0x00, 0x00, 0x00,
  0x00, 0x00, 0x00, 0x0f, 0xff, 0x00, 0x00, 0x00, 0x00, 0x00, 0x00, 0x00,
  0x00, 0x00, 0x00, 0x10, 0x00, 0x00, 0x00, 0x00, 0x00, 0x0c, 0x00, 0x00,
  0x00, 0x00, 0x00, 0x00, 0x17, 0xcf, 0x00, 0x00, 0x00, 0x00, 0x18, 0xd5,
  0x00, 0x00, 0x00, 0x00, 0x1b, 0x00, 0x00, 0x00, 0x00, 0x00, 0x00, 0x00,
  0x00, 0x00, 0x00, 0x00, 0x00, 0x00, 0x00, 0xa5, 0x00, 0x00, 0x00, 0x00,
  0x00, 0xae, 0x00, 0x00, 0x00, 0x00, 0x00, 0x00, 0x00, 0x00, 0x00, 0x00,
  0x00, 0x00, 0x00, 0x00, 0x00, 0x00, 0x00, 0x00, 0x00, 0x00, 0x21, 0x00,
  0x00, 0xab, 0x00, 0x00, 0x15, 0x00, 0x00, 0x00, 0x00, 0x00, 0x00, 0x00,
  0x26, 0x00, 0x00, 0x00, 0x00, 0x00, 0x2d, 0x00, 0x00, 0x00, 0x00, 0x00,
  0x00, 0x00, 0x00, 0x00, 0x00, 0x00, 0x00, 0x00, 0x00, 0x00, 0x00, 0xad,
  0x00, 0x00, 0x00, 0x00, 0x00, 0xb4, 0x00, 0xaa, 0x00, 0x00, 0x00, 0x00,
  0x00, 0xa6, 0x00, 0x00, 0x00, 0xb3, 0x00, 0x00, 0x00, 0x00, 0x00, 0xb9,
  0x00, 0x00, 0x00, 0x00, 0x00, 0x00, 0x00, 0x00, 0x00, 0x00, 0xe5, 0xc9,
  0x00, 0x00, 0x00, 0x00, 0x00, 0x00, 0x26, 0x00, 0x00, 0x00, 0x00, 0x00,
  0x1d, 0xaf, 0x00, 0x00, 0x00, 0x00, 0x00, 0x00, 0x00, 0x00, 0x00, 0x00,
  0x00, 0xa6, 0x00, 0x00, 0x00, 0x19, 0x00, 0xb3, 0x00, 0x00, 0x00, 0x00,
  0x00, 0x00, 0x00, 0x00, 0x00, 0x2c, 0x00, 0x00, 0x00, 0x00, 0x00, 0x00,
  0x00, 0x00, 0x00, 0x00, 0x00, 0x00, 0x00, 0x00, 0x00, 0x00, 0xd9, 0x00,
  0x00, 0x00, 0x00, 0x00, 0xd1, 0x00, 0x00, 0x00, 0x00, 0x00, 0xd8, 0x00,
  0x00, 0x00, 0x00, 0x00, 0x00, 0x00, 0x00, 0x00, 0x00, 0x00, 0x00, 0x00,
  0x00, 0x00, 0x00, 0x00, 0x00, 0x00, 0x00, 0x00, 0x00, 0x00, 0x00, 0xe1,
  0x00, 0x00, 0x00, 0x00, 0x00, 0x00, 0x00, 0x00, 0x00, 0x00, 0x00, 0xd6,
  0x0a, 0xb0, 0x00, 0x00, 0x00, 0x00, 0x00, 0x00, 0x00, 0x00, 0x07, 0x00,
  0x00, 0xab, 0x00, 0x00, 0x00, 0x00, 0x00, 0xa3, 0x00, 0x00, 0x00, 0x00,
  0x00, 0x00, 0x00, 0x00, 0x00, 0x00, 0x00, 0xb6, 0x00, 0x00, 0x00, 0x00,
  0x00, 0x00, 0x00, 0x00, 0x00, 0x00, 0x00, 0xad, 0x00, 0x00, 0x00, 0x00,
  0x00, 0xa5, 0x00, 0x00, 0x00, 0x00, 0x00, 0xaa, 0x00, 0x00, 0x00, 0x00,
  0x00, 0x00, 0x00, 0x00, 0x00, 0x00, 0x23, 0xb7, 0x1f, 0x21, 0x00, 0x1d,
  0x00, 0x00, 0x00, 0x00, 0x00, 0x00, 0x00, 0x00, 0x00, 0x00, 0x00, 0x00,
  0x23, 0x1f, 0x00, 0x00, 0x24, 0x00, 0x00, 0x00, 0x00, 0x1e, 0x00, 0x00,
  0x00, 0x00, 0x1d, 0x21, 0x00, 0x00, 0x00, 0x00, 0x00, 0x00, 0x00, 0x1e,
  0x00, 0x00, 0x00, 0x1f, 0x00, 0x00, 0x1c, 0x1a, 0x00, 0x1e, 0x00, 0x00,
  0x21, 0x00, 0x00, 0x00, 0x00, 0x00, 0x00, 0x00, 0x25, 0x00, 0x21, 0x00,
  0x00, 0x00, 0x00, 0x00, 0x00, 0x00, 0x23, 0x18, 0x00, 0x00, 0x00, 0x00,
  0x00, 0x20, 0x00, 0x00, 0x00, 0x00, 0x00, 0x00, 0x00, 0x24, 0x00, 0x00,
  0x00, 0x00, 0x00, 0x00, 0x00, 0x00, 0x00, 0x00, 0x20, 0x00, 0x20, 0x00,
  0x1d, 0x00, 0x00, 0x00, 0x21, 0x00, 0x1f, 0x00, 0x00, 0x00, 0x21, 0x00,
  0x00, 0x00, 0x00, 0x25, 0x20, 0x1b, 0x00, 0x20, 0x23, 0x1a, 0x00, 0x00,
  0x00, 0x00, 0x00, 0x00, 0x1d, 0x00, 0x00, 0x00, 0x00, 0x26, 0x00, 0x00,
  0x00, 0x1c, 0x00, 0x1b, 0x00, 0x00, 0x00, 0x00, 0x1e, 0x1f, 0x00, 0x00,
  0x00, 0x00, 0x00, 0x00, 0x22, 0x00, 0x00, 0x00, 0x00, 0x00, 0x00, 0x00,
  0x00, 0x00, 0x00, 0x00, 0x00, 0x00, 0x00, 0x00, 0x00, 0x00, 0x00, 0x00,
  0x00, 0x00, 0x00, 0x1f, 0x24, 0x18, 0x00, 0x00, 0x00, 0x00, 0x00, 0x00,
  0x00, 0x00, 0x00, 0x1a, 0x26, 0x00, 0x00, 0x00, 0x00, 0x00, 0x00, 0x00,
  0x00, 0x1a, 0x00, 0x00, 0x00, 0x00, 0x00, 0x00, 0x00, 0x00, 0x00, 0x00,
  0x1b, 0x00, 0x00, 0x1d, 0x00, 0x00, 0x00, 0x00, 0x00, 0x00, 0x00, 0x00,
  0x00, 0x00, 0x00, 0x00, 0x00, 0x00, 0x00, 0x00, 0x00, 0x1c, 0x24, 0x18,
  0x23, 0x00, 0x00, 0x00, 0x00, 0x00, 0x00, 0x00, 0x00, 0x00, 0x24, 0x20,
  0x00, 0x00, 0x00, 0x00, 0x00, 0x00, 0x00, 0x00, 0x00, 0x00, 0x24, 0x00,
  0x00, 0x1c, 0x00, 0x00, 0x00, 0x00, 0x00, 0x20, 0x00, 0x00, 0x00, 0x00,
  0x00, 0x00, 0x00, 0x1d, 0x00, 0x00, 0x00, 0x00, 0x00, 0x1a, 0x00, 0x00,
  0x00, 0x00, 0x00, 0x1c, 0x24, 0x00, 0x22, 0x1d, 0x00, 0x24, 0x00, 0x00,
  0x00, 0x00, 0x00, 0x00, 0x26, 0x00, 0x00, 0x00, 0x20, 0x00, 0x00, 0x00,
  0x00, 0x1f, 0x00, 0x00, 0x00, 0x00, 0x00, 0x00, 0x00, 0x1d, 0x22, 0x00,
  0x00, 0x00, 0x22, 0x25, 0x00, 0x00, 0x00, 0x00, 0x00, 0x23, 0x24, 0x00,
  0x00, 0x00, 0x00, 0x00, 0x00, 0x00, 0x00, 0x00, 0x00, 0x00, 0x00, 0x00,
  0x1a, 0x00, 0x00, 0x22, 0x00, 0x18, 0x1d, 0x00, 0x00, 0x00, 0x00, 0x00,
  0x20, 0x00, 0x00, 0x00, 0x00, 0x00, 0x00, 0x00, 0x00, 0x00, 0x00, 0x00,
  0x00, 0x00, 0x00, 0x1c, 0x00, 0x00, 0x1c, 0x00, 0x00, 0x00, 0x00, 0x00,
  0x1f, 0x00, 0x00, 0x00, 0x00, 0x19, 0x00, 0x00, 0x00, 0x20, 0x00, 0x00,
  0x19, 0x00, 0x00, 0x00, 0x1d, 0x19, 0x00, 0x00, 0x00, 0x00, 0x00, 0x00,
  0x00, 0x00, 0x00, 0x1b, 0x00, 0x00, 0x1e, 0x00, 0x1f, 0x00, 0x24, 0x00,
  0x00, 0x00, 0x00, 0x23, 0x00, 0x00, 0x00, 0x00, 0x00, 0x00, 0x00, 0x00,
  0x00, 0x00, 0x00, 0x00, 0x00, 0x00, 0x1f, 0x00, 0x00, 0x22, 0x00, 0x00,
  0x00, 0x00, 0x00, 0x00, 0x00, 0x00, 0x00, 0x1d, 0x00, 0x1f, 0x00, 0x19,
  0x1c, 0x00, 0x00, 0x23, 0x21, 0x1d, 0x1f, 0x00, 0x00, 0x00, 0x00, 0x00,
  0x00, 0x00, 0x00, 0x00, 0x00, 0x1c, 0x00, 0x00, 0x00, 0x1b, 0x00, 0x00,
  0x00, 0x00, 0x00, 0x1d, 0x00, 0x00, 0x00, 0x00, 0x00, 0x24, 0x00, 0x00,
  0x00, 0x00, 0x00, 0x1a, 0x00, 0x1f, 0x00, 0x00, 0x00, 0x00, 0x24, 0x00,
  0x00, 0x00, 0x00, 0x00, 0x20, 0x00, 0x00, 0x00, 0x22, 0x00, 0x24, 0x00,
  0x1b, 0x00, 0x00, 0x00, 0x00, 0x00, 0x00, 0x00, 0x00, 0x00, 0x26, 0x00,
  0x00, 0x00, 0x00, 0x1c, 0x00, 0x00, 0x00, 0x00, 0x00, 0x00, 0x26, 0x00,
  0x1c, 0x00, 0x00, 0x00, 0x00, 0x00, 0x00, 0x00, 0x00, 0x00, 0x1d, 0x00,
  0x00, 0x19, 0x00, 0x00, 0x00, 0x00, 0x00, 0x1f, 0x00, 0x00, 0x00, 0x1b,
  0x00, 0x1b, 0x00, 0x00, 0x00, 0x00, 0x00, 0x1d, 0x00, 0x00, 0x00, 0x19,
  0x21, 0x00, 0x1e, 0x00, 0x00, 0x00, 0x00, 0x00, 0x00, 0x24, 0x1f, 0x1e,
  0x00, 0x00, 0x00, 0x00, 0x00, 0x00, 0x00, 0x00, 0x00, 0x00, 0x00, 0x1d,
  0x19, 0x00, 0x1f, 0x00, 0x00, 0x00, 0x1b, 0x00, 0x00, 0x00, 0x11, 0x00,
  0x19, 0x00, 0x00, 0x00, 0x0e, 0x00, 0x00, 0x00, 0x00, 0x00, 0x00, 0x00,
  0x00, 0x00, 0x00, 0x00, 0x00, 0x00, 0x00, 0x00, 0x00, 0x00, 0x00, 0x00,
  0x00, 0x00, 0x00, 0x00, 0x00, 0x00, 0x1d, 0x00, 0x00, 0x00, 0xfe, 0x3d,
  0x00, 0x00, 0x00, 0x00, 0xfc, 0x00, 0x00, 0x25, 0x30, 0x00, 0x00, 0x00,
  0x00, 0x00, 0x1e, 0x00, 0x00, 0x00, 0x00, 0x00, 0x00, 0x00, 0x00, 0x00,
  0x00, 0x00, 0x00, 0x00, 0x00, 0x00, 0xec, 0x00, 0x00, 0x00, 0x18, 0x2d,
  0x00, 0x00, 0x00, 0x00, 0x00, 0x00, 0x00, 0x21, 0x2f, 0x00, 0x00, 0x00,
  0x00, 0x00, 0x33, 0x00, 0x00, 0x00, 0x00, 0x24, 0x00, 0x00, 0x00, 0x2b,
  0x00, 0x00, 0x00, 0xd5, 0x00, 0x00, 0x00, 0x00, 0x00, 0xd6, 0x00, 0x00,
  0x00, 0x00, 0x00, 0xd9, 0xe9, 0x3f, 0x00, 0x00, 0x00, 0x00, 0xee, 0x26,
  0x00, 0x00, 0x00, 0x00, 0xd8, 0x00, 0x00, 0x00, 0x00, 0x00, 0xf6, 0x00,
  0x00, 0x00, 0x31, 0x00, 0x00, 0xea, 0x00, 0x00, 0x00, 0x00, 0x00, 0xeb,
  0x00, 0x00, 0x33, 0x00, 0x2e, 0xe9, 0x00, 0x1e, 0x00, 0x00, 0x24, 0x00,
  0x00, 0x00, 0xfb, 0x00, 0x00, 0x00, 0x00, 0x22, 0x00, 0x00, 0x00, 0x00,
  0x00, 0x1d, 0x00, 0x00, 0x00, 0x00, 0x1e, 0x00, 0x00, 0x00, 0x00, 0x00,
  0x00, 0x00, 0x00, 0x00, 0x10, 0xe5, 0x00, 0x00, 0x00, 0x00, 0x00, 0x00,
  0x00, 0x00, 0x00, 0x00, 0x00, 0x00, 0x00, 0x00, 0x00, 0x00, 0x00, 0x00,
  0x20, 0x00, 0x00, 0x00, 0x00, 0x00, 0x25, 0x00, 0x00, 0x00, 0xdf, 0x00,
  0x00, 0x00, 0x00, 0x00, 0x00, 0x00, 0x00, 0x00, 0x00, 0x00, 0x00, 0x1d,
  0x00, 0x00, 0x00, 0x00, 0x00, 0x1e, 0x00, 0x00, 0x1a, 0x00, 0x00, 0x00,
  0xea, 0x00, 0x00, 0x00, 0xd5, 0x29, 0x00, 0x29, 0x00, 0x00, 0x00, 0x2f,
  0xe7, 0x33, 0x00, 0x00, 0x00, 0x35, 0x00, 0x32, 0x31, 0x00, 0x00, 0x00,
  0xe1, 0x00, 0x00, 0xe4, 0x00, 0x00, 0x00, 0x3f, 0x00, 0x00, 0x00, 0x00,
  0x00, 0x2f, 0x00, 0x00, 0x00, 0xea, 0xde, 0x3b, 0x00, 0x00, 0x00, 0x00,
  0x00, 0x3c, 0x2e, 0x00, 0x00, 0x00, 0x00, 0x00, 0x2d, 0x00, 0x00, 0x00,
  0x00, 0x00, 0x00, 0x00, 0x00, 0x00, 0x00, 0x42, 0x00, 0x00, 0x00, 0x00,
  0x00, 0x00, 0x00, 0x00, 0x0f, 0x00, 0x15, 0x3d, 0x00, 0x00, 0x14, 0x32,
  0x00, 0x00, 0x00, 0x00, 0x00, 0x26, 0x00, 0x00, 0x00, 0x00, 0x00, 0x00,
  0x00, 0x00, 0x00, 0x00, 0x00, 0x34, 0x00, 0x00, 0x00, 0x00, 0x00, 0x00,
  0x00, 0x00, 0x26, 0x00, 0x00, 0x00, 0x00, 0x00, 0x00, 0x00, 0x00, 0x00,
  0x00, 0x00, 0x00, 0x00, 0x00, 0x00, 0x00, 0x2b, 0x00, 0x00, 0x00, 0x00,
  0x00, 0x00, 0x00, 0x00, 0x00, 0x00, 0x00, 0x00, 0x00, 0x00, 0x00, 0x00,
  0x00, 0x00, 0x00, 0x00, 0x00, 0x00, 0x00, 0x00, 0x00, 0x00, 0x00, 0x00,
  0x00, 0x00, 0x00, 0x27, 0x00, 0x00, 0x1a, 0x00, 0x00, 0x2b, 0xf9, 0x00,
  0x00, 0x00, 0x00, 0x24, 0x00, 0x00, 0x00, 0x00, 0x28, 0x00, 0xe1, 0x00,
  0x00, 0x00, 0x00, 0x00, 0x00, 0x1c, 0x00, 0x00, 0x00, 0xeb, 0x00, 0x00,
  0x00, 0x00, 0x00, 0xe1, 0x24, 0x2c, 0x00, 0x00, 0x00, 0xd8, 0x1f, 0x28,
  0x00, 0x00, 0x00, 0x00, 0x00, 0x39, 0x00, 0x00, 0x00, 0x00, 0xfb, 0x2d,
  0xe9, 0x00, 0x00, 0x00, 0xf5, 0x2a, 0x00, 0x00, 0x00, 0x00, 0xe0, 0x39,
  0x00, 0x00, 0x24, 0x00, 0x00, 0x00, 0x00, 0x31, 0x00, 0x00, 0x00, 0x00,
  0x00, 0x00, 0x00, 0x00, 0x00, 0x00, 0x00, 0x2c, 0x00, 0x00, 0x00, 0x00,
  0xef, 0x00, 0x00, 0x00, 0x00, 0x00, 0x00, 0x2c, 0x00, 0x00, 0x00, 0x00,
  0x00, 0x00, 0x35, 0x00, 0xf6, 0x00, 0x00, 0x00, 0x00, 0x00, 0xef, 0x00,
  0x00, 0x00, 0x00, 0x00, 0x00, 0xe9, 0x00, 0x00, 0x00, 0x00, 0x00, 0x00,
  0x00, 0x00, 0x00, 0x00, 0x1b, 0x00, 0x24, 0x00, 0x00, 0x00, 0x15, 0x00,
  0x00, 0x00, 0x00, 0x00, 0x00, 0x00, 0x1c, 0x00, 0x00, 0x00, 0x00, 0x00,
  0x00, 0x00, 0x00, 0x00, 0x00, 0x1f, 0x00, 0x00, 0x00, 0x00, 0x00, 0x00,
  0x00, 0x00, 0x00, 0x00, 0x00, 0x2b, 0x00, 0x00, 0x00, 0x00, 0x00, 0x25,
  0x00, 0x00, 0x00, 0x00, 0x00, 0x00, 0x00, 0x38, 0x00, 0x00, 0x00, 0x00,
  0x00, 0x31, 0x00, 0x00, 0xf1, 0x00, 0x00, 0x00, 0x00, 0x00, 0x00, 0x00,
  0x00, 0x00, 0x00, 0x00, 0x00, 0x00, 0xee, 0x00, 0x00, 0xf6, 0x00, 0x00,
  0x00, 0x00, 0x00, 0xff, 0x00, 0x00, 0x00, 0x00, 0x00, 0x00, 0xf8, 0x00,
  0x00, 0x00, 0x00, 0x00, 0x00, 0x00, 0x00, 0x00, 0x00, 0x00, 0x00, 0x00,
  0x00, 0x00, 0x00, 0x00, 0x08, 0x00, 0x00, 0x00, 0xc6, 0xf1, 0x00, 0x55,
  0x00, 0xb6, 0x00, 0x00, 0x00, 0x00, 0x00, 0x00, 0x00, 0x00, 0x00, 0x00,
  0x00, 0x00, 0x00, 0x00, 0x00, 0x00, 0x00, 0x00, 0xd5, 0x00, 0x00, 0x00,
  0x00, 0x00, 0x00, 0x00, 0x00, 0x00, 0x00, 0x00, 0x00, 0x00, 0x00, 0x00,
  0x00, 0x00, 0x00, 0x00, 0x00, 0x00, 0x00, 0xa2, 0x00, 0x00, 0x00, 0x00,
  0x00, 0x9d, 0x00, 0x00, 0x00, 0x00, 0x00, 0x00, 0x00, 0x00, 0x00, 0x00,
  0x00, 0x00, 0x00, 0x00, 0x00, 0x52, 0x00, 0x00, 0x00, 0x00, 0x00, 0x00,
  0x00, 0x97, 0x00, 0x00, 0x00, 0x00, 0x00, 0x00, 0x00, 0x00, 0x00, 0x00,
  0x00, 0x98, 0x00, 0x00, 0x00, 0x00, 0x00, 0x00, 0x00, 0x00, 0x00, 0x00,
  0x00, 0x00, 0x00, 0xea, 0xbe, 0x00, 0x00, 0xa1, 0x00, 0x00, 0xaa, 0x00,
  0x00, 0x00, 0x00, 0x00, 0xa3, 0x00, 0x00, 0x00, 0x00, 0x00, 0x00, 0x00,
  0x00, 0x00, 0x00, 0x00, 0x00, 0x47, 0x00, 0xb0, 0x00, 0x00, 0x00, 0x00,
  0x00, 0x00, 0x00, 0xe8, 0x00, 0x00, 0xf9, 0x00, 0x00, 0x00, 0x82, 0x00,
  0x00, 0x00, 0x00, 0x00, 0x00, 0x00, 0x00, 0x00, 0x00, 0x00, 0x89, 0x00,
  0x00, 0xd3, 0x00, 0x00, 0x00, 0x3c, 0x00, 0x00, 0x0f, 0x00, 0x00, 0x00,
  0x00, 0x00, 0x00, 0xe9, 0x00, 0x00, 0x00, 0x00, 0x00, 0x00, 0x00, 0x00,
  0x00, 0x00, 0x00, 0x00, 0x00, 0x00, 0x00, 0x00, 0x00, 0x00, 0x00, 0x00,
  0xf3, 0xde, 0x00, 0x00, 0x00, 0x00, 0x00, 0x00, 0x00, 0x00, 0xc2, 0x00,
  0x00, 0x00, 0x00, 0x00, 0x00, 0x00, 0x00, 0x00, 0x00, 0x00, 0x00, 0x00,
  0x00, 0x00, 0x00, 0x00, 0x00, 0x00, 0x00, 0x00, 0x00, 0x00, 0x00, 0x00,
  0x00, 0x00, 0x00, 0x00, 0x00, 0x00, 0x00, 0x00, 0x00, 0x00, 0xf0, 0x00,
  0xe4, 0xd7, 0x00, 0x00, 0x00, 0x00, 0x00, 0xd6, 0x00, 0x00, 0x00, 0x00,
  0xdf, 0x00, 0x00, 0x00, 0x00, 0x00, 0x00, 0x00, 0x00, 0x00, 0x00, 0x00,
  0xdd, 0xdb, 0x00, 0x00, 0x00, 0x00, 0x00, 0x00, 0x00, 0x00, 0xe7, 0x00,
  0x00, 0x00, 0x00, 0x00, 0xea, 0x00, 0x00, 0x00, 0x00, 0x00, 0x00, 0x00,
  0x00, 0xc7, 0x00, 0x00, 0x00, 0x00, 0xe4, 0x00, 0x00, 0x00, 0x00, 0x00,
  0x00, 0xc4, 0x00, 0x00, 0x00, 0x00, 0x00, 0x00, 0x00, 0xe9, 0x00, 0x00,
  0xe1, 0x00, 0x00, 0x00, 0x00, 0x00, 0xe3, 0x00, 0x00, 0x00, 0x00, 0x00,
  0x00, 0x00, 0x00, 0x00, 0x00, 0x00, 0x00, 0xb3, 0x00, 0x00, 0x00, 0x00,
  0x00, 0x00, 0x00, 0x00, 0x00, 0x68, 0x00, 0x00, 0x00, 0x00, 0x00, 0x00,
  0x00, 0x00, 0x00, 0x00, 0x00, 0x00, 0x00, 0x00, 0x00, 0x00, 0x00, 0x00,
  0x00, 0xaf, 0x01, 0x00, 0x00, 0x00, 0x00, 0xb0, 0x00, 0x00, 0x00, 0x00,
  0x00, 0x00, 0x00, 0x00, 0x00, 0x00, 0x00, 0x00, 0x00, 0x00, 0xdf, 0x00,
  0x00, 0x00, 0x00, 0x00, 0x00, 0x00, 0x00, 0x00, 0x00, 0x00, 0x00, 0x00,
  0x00, 0x00, 0x00, 0x00, 0x00, 0x00, 0x00, 0x00, 0x00, 0x00, 0x00, 0x00,
  0x00, 0x00, 0xe0, 0x00, 0x00, 0x00, 0x00, 0x00, 0x00, 0x00, 0x00, 0x00,
  0x00, 0x00, 0x00, 0x00, 0xe9, 0x00, 0x00, 0xac, 0x00, 0x00, 0x00, 0x00,
  0x00, 0x00, 0x00, 0x00, 0x00, 0x00, 0x01, 0x00, 0xca, 0x00, 0x00, 0x00,
  0x00, 0xb1, 0x00, 0x00, 0x00, 0x00, 0x00, 0x00, 0x00, 0x00, 0x00, 0x00,
  0x00, 0xb6, 0x00, 0x00, 0x00, 0x00, 0x00, 0x00, 0x00, 0x00, 0x00, 0x54,
  0xf5, 0x00, 0x00, 0x00, 0x00, 0x00, 0x00, 0x00, 0x00, 0x00, 0x00, 0x00,
  0x00, 0x00, 0xca, 0x00, 0xc2, 0x00, 0xf3, 0x00, 0x00, 0x00, 0xc2, 0x00,
  0x00, 0x00, 0x00, 0x00, 0x00, 0x00, 0x00, 0xc1, 0x00, 0x00, 0x00, 0x00,
  0x00, 0xc8, 0x00, 0x00, 0xc8, 0x00, 0x00, 0x00, 0x00, 0x00, 0x00, 0x67,
  0x00, 0x00, 0x00, 0x00, 0xb3, 0x68, 0x00, 0x00, 0x00, 0x00, 0x00, 0x00,
  0x00, 0x00, 0x00, 0x00, 0x00, 0x6c, 0x00, 0x00, 0x00, 0x00, 0x00, 0x00,
  0x00, 0xc9, 0x00, 0x00, 0x00, 0x00, 0x00, 0x00, 0x00, 0x00, 0x18, 0x00,
  0x00, 0x00, 0x00, 0x09, 0x00, 0x00, 0x00, 0x21, 0x00, 0x00, 0x00, 0x00,
  0x06, 0x00, 0x20, 0x00, 0x00, 0x00, 0x00, 0x00, 0x00, 0x00, 0x00, 0x00,
  0x00, 0x00, 0x00, 0x00, 0x00, 0x00, 0x00, 0x00, 0xe4, 0x13, 0x00, 0x2e,
  0x00, 0x00, 0x00, 0x1e, 0x00, 0x2d, 0x00, 0x00, 0x00, 0x1b, 0x00, 0x00,
  0x00, 0x00, 0x00, 0x1d, 0x21, 0x00, 0x06, 0x00, 0x11, 0x14, 0x00, 0x00,
  0x00, 0x00, 0x00, 0x00, 0x00, 0x29, 0x00, 0x00, 0x00, 0xe3, 0x00, 0x00,
  0x00, 0x00, 0x00, 0x00, 0x00, 0x00, 0x00, 0x00, 0x00, 0x00, 0x00, 0x00,
  0x00, 0x00, 0x00, 0x09, 0x00, 0x00, 0x00, 0x33, 0x00, 0x00, 0x00, 0x00,
  0x00, 0x00, 0x00, 0x00, 0x00, 0x00, 0x00, 0x00, 0x00, 0x0b, 0x00, 0x00,
  0x00, 0x34, 0x00, 0x00, 0x00, 0x00, 0x00, 0x2c, 0x00, 0x00, 0x00, 0x00,
  0x00, 0x00, 0x1a, 0x00, 0x00, 0x24, 0x00, 0x33, 0x00, 0x00, 0x00, 0x00,
  0x00, 0x2f, 0x00, 0x00, 0x00, 0x00, 0x0a, 0x00, 0x00, 0x00, 0x00, 0x00,
  0x00, 0x2e, 0x00, 0x00, 0x00, 0x00, 0x00, 0x00, 0x00, 0x00, 0x00, 0x00,
  0x00, 0x00, 0x00, 0x00, 0x00, 0x00, 0x00, 0x00, 0x00, 0x00, 0x00, 0x00,
  0x00, 0x2e, 0x00, 0x00, 0x00, 0x00, 0x00, 0x30, 0x00, 0x00, 0x00, 0x00,
  0x00, 0x00, 0x00, 0x0e, 0x00, 0x00, 0x00, 0x00, 0x00, 0x00, 0x00, 0x00,
  0x00, 0x00, 0x00, 0x10, 0x00, 0x29, 0x00, 0x00, 0x00, 0x00, 0x00, 0x00,
  0x00, 0x30, 0x00, 0x00, 0x00, 0x00, 0x00, 0x00, 0x21, 0x00, 0x00, 0x00,
  0x00, 0x00, 0x00, 0x00, 0x00, 0x00, 0x08, 0x00, 0x00, 0x00, 0x00, 0x00,
  0x00, 0x00, 0x00, 0x14, 0x00, 0x00, 0x00, 0x00, 0x00, 0x0a, 0x00, 0x00,
  0x00, 0x00, 0x00, 0x00, 0x00, 0x00, 0x00, 0x26, 0x00, 0x00, 0x00, 0x00,
  0x00, 0x00, 0x00, 0x00, 0x00, 0x00, 0x00, 0x00, 0x00, 0x00, 0x00, 0x00,
  0x00, 0x22, 0x00, 0x00, 0x00, 0x00, 0x00, 0x00, 0x00, 0x10, 0x00, 0x2a,
  0x00, 0x00, 0x00, 0x00, 0x00, 0x00, 0x00, 0x00, 0x00, 0x00, 0x00, 0x00,
  0x00, 0x00, 0x00, 0x00, 0x00, 0x00, 0x00, 0x23, 0x00, 0x00, 0x28, 0x00,
  0x00, 0x25, 0x00, 0x00, 0x00, 0x00, 0x00, 0x25, 0x00, 0x00, 0x00, 0x00,
  0x00, 0x00, 0x00, 0x00, 0x00, 0x00, 0x08, 0x25, 0x00, 0x00, 0x00, 0x00,
  0x00, 0x29, 0x00, 0x1c, 0x00, 0x2b, 0x00, 0x00, 0x00, 0x00, 0x00, 0x00,
  0x0c, 0x00, 0x00, 0x00, 0x00, 0x00, 0x00, 0x00, 0x16, 0x00, 0x00, 0x00,
  0x00, 0x00, 0x00, 0x00, 0x00, 0x00, 0x00, 0x29, 0x00, 0x00, 0x00, 0x25,
  0x00, 0x00, 0x00, 0x00, 0x00, 0x00, 0x00, 0x28, 0x1b, 0x00, 0x00, 0x00,
  0x00, 0x00, 0x00, 0x00, 0x00, 0x00, 0x00, 0x00, 0x00, 0x00, 0x00, 0x29,
  0x00, 0x2c, 0x00, 0x00, 0x18, 0x00, 0x10, 0x00, 0x00, 0x00, 0x00, 0x00,
  0x00, 0x2d, 0x00, 0x00, 0x00, 0x00, 0x00, 0x00, 0x00, 0x00, 0x00, 0x00,
  0x00, 0x00, 0x00, 0x00, 0x00, 0x25, 0x00, 0x2f, 0x00, 0x00, 0x00, 0x00,
  0x00, 0x00, 0x00, 0x00, 0x00, 0x28, 0x00, 0x00, 0x00, 0x00, 0x09, 0x00,
  0x00, 0x2e, 0x00, 0x00, 0x1d, 0x00, 0x0e, 0x00, 0x00, 0x00, 0x00, 0x00,
  0x00, 0x00, 0x00, 0x00, 0x00, 0x00, 0x00, 0x00, 0x00, 0x00, 0x00, 0x00,
  0x00, 0x00, 0x00, 0x00, 0x00, 0x00, 0x00, 0x33, 0x1b, 0x00, 0x00, 0x00,
  0x00, 0x30, 0x00, 0x00, 0x00, 0x00, 0x00, 0x00, 0x00, 0x00, 0x00, 0x00,
  0x00, 0x00, 0x00, 0x00, 0x00, 0x00, 0x00, 0x00, 0x00, 0x00, 0x00, 0x00,
  0x00, 0x2c, 0xeb, 0x00, 0x00, 0x00, 0x00, 0x28, 0x00, 0x00, 0x00, 0x00,
  0x00, 0x00, 0x00, 0x00, 0x00, 0x00, 0x00, 0x00, 0x00, 0x00, 0x00, 0x00,
  0x00, 0x00, 0x00, 0x00, 0x00, 0x00, 0x00, 0x27, 0x00, 0x00, 0x00, 0x00,
  0x00, 0x00, 0x00, 0x00, 0x00, 0x00, 0x00, 0x00, 0x00, 0x00, 0x2e, 0x00,
  0x00, 0x00, 0x00, 0x00, 0x24, 0x00, 0x00, 0x00, 0x00, 0x00, 0x00, 0x00,
  0x00, 0x00, 0x1c, 0x0f, 0x00, 0x00, 0x00, 0x21, 0x00, 0x00, 0x00, 0x2a,
  0x00, 0x00, 0x00, 0x00, 0x00, 0x00, 0x0b, 0x00, 0x00, 0x00, 0x00, 0x00,
  0x00, 0x00, 0x24, 0x00, 0x00, 0x00, 0x00, 0x00, 0x00, 0x00, 0x00, 0x00,
  0x00, 0x00, 0x18, 0x00, 0x00, 0x00, 0x00, 0x00, 0x00, 0x00, 0x00, 0x00,
  0xdd, 0x00, 0x00, 0x00, 0xe4, 0x00, 0x00, 0x00, 0x00, 0x00, 0x00, 0x00,
  0xd4, 0x00, 0x00, 0x00, 0x1b, 0x00, 0x00, 0x00, 0x29, 0x00, 0x00, 0x00,
  0xdc, 0x13, 0x00, 0x00, 0x00, 0x00, 0xe1, 0x00, 0x00, 0x00, 0xe2, 0x00,
  0x00, 0x00, 0x00, 0x00, 0x00, 0x18, 0x00, 0xde, 0x00, 0x00, 0x00, 0x00,
  0x00, 0x00, 0x00, 0x00, 0x00, 0x00, 0x00, 0xe3, 0x00, 0x00, 0x00, 0x1b,
  0x00, 0xe3, 0xdd, 0x00, 0x00, 0x00, 0x00, 0xdc, 0x00, 0x00, 0x1c, 0x00,
  0x00, 0x00, 0x00, 0x00, 0x00, 0x1a, 0xe5, 0x00, 0x00, 0x0f, 0x00, 0xdd,
  0x00, 0x00, 0x00, 0x00, 0x00, 0x00, 0x00, 0x00, 0x00, 0x17, 0x00, 0x00,
  0x00, 0x00, 0x00, 0x1e, 0x00, 0x00, 0x00, 0x00, 0xed, 0x00, 0x00, 0x00,
  0x00, 0x00, 0x00, 0x00, 0x00, 0x00, 0x00, 0x00, 0x00, 0x00, 0x00, 0x00,
  0x00, 0x00, 0x00, 0x00, 0x1f, 0x00, 0x00, 0x11, 0x00, 0x00, 0x26, 0x00,
  0x00, 0x00, 0xd3, 0x00, 0x00, 0xe0, 0x00, 0x00, 0xea, 0x00, 0x00, 0x00,
  0x00, 0x00, 0xf5, 0x00, 0xe3, 0xd7, 0x24, 0x18, 0xd5, 0x20, 0x22, 0x00,
  0x2a, 0x00, 0xe3, 0x23, 0x00, 0xdb, 0x44, 0x00, 0x00, 0x14, 0x00, 0x00,
  0x33, 0x00, 0x00, 0x27, 0x00, 0x00, 0x25, 0x00, 0x00, 0x1c, 0xc8, 0x00,
  0x00, 0x00, 0xf8, 0x00, 0xd9, 0x20, 0x18, 0x00, 0xe9, 0x10, 0x00, 0x00,
  0x2a, 0x00, 0xe9, 0x00, 0x00, 0x00, 0x1b, 0x00, 0x00, 0x00, 0x00, 0x00,
  0x15, 0xe2, 0x1d, 0x00, 0x00, 0x1f, 0xdc, 0xe7, 0x00, 0x00, 0x00, 0x00,
  0x00, 0x00, 0x00, 0x12, 0xe1, 0x00, 0x00, 0x00, 0xe7, 0x00, 0x00, 0x00,
  0x00, 0x00, 0x00, 0x00, 0x00, 0x00, 0x00, 0x00, 0x00, 0x00, 0x00, 0x18,
  0x00, 0x00, 0x00, 0x00, 0x00, 0x00, 0x00, 0x00, 0x00, 0x00, 0x00, 0x00,
  0x00, 0x00, 0x00, 0x00, 0x00, 0x19, 0x00, 0x00, 0x00, 0x00, 0x00, 0x00,
  0x00, 0x00, 0x00, 0x00, 0xd4, 0x00, 0x00, 0x00, 0x00, 0x00, 0x00, 0x00,
  0x00, 0x00, 0xe2, 0x00, 0x1e, 0x31, 0x00, 0x00, 0x00, 0x00, 0x21, 0x00,
  0x11, 0x00, 0x00, 0x00, 0x19, 0x33, 0x00, 0x00, 0x00, 0x00, 0x00, 0x00,
  0x12, 0x00, 0x25, 0x00, 0x00, 0x21, 0x18, 0x00, 0x00, 0x00, 0x00, 0x25,
  0x00, 0xe4, 0x00, 0x00, 0x00, 0x17, 0x00, 0x00, 0x00, 0x13, 0x00, 0x20,
  0xe5, 0x00, 0x00, 0x00, 0x00, 0x00, 0x14, 0x00, 0x00, 0x00, 0x00, 0x00,
  0x00, 0x00, 0xc5, 0x00, 0x3a, 0x00, 0x00, 0x00, 0x00, 0x00, 0x00, 0x00,
  0x22, 0xe1, 0xd1, 0x00, 0x00, 0x00, 0x2f, 0x00, 0x00, 0x00, 0x00, 0x00,
  0x1d, 0x00, 0xc8, 0x00, 0x32, 0xe3, 0x3a, 0x1c, 0x00, 0x2f, 0x00, 0x00,
  0x41, 0x00, 0x00, 0x1f, 0x00, 0x00, 0x35, 0x00, 0x00, 0x00, 0x00, 0xdd,
  0x40, 0x00, 0x00, 0x00, 0x00, 0x00, 0x40, 0x00, 0x00, 0x00, 0x00, 0xcf,
  0x63, 0x00, 0x00, 0x00, 0x00, 0xd6, 0x2d, 0x00, 0x00, 0x00, 0x00, 0x00,
  0x2f, 0xe4, 0x00, 0x00, 0x00, 0x1d, 0x15, 0xde, 0x25, 0x13, 0x14, 0x00,
  0x00, 0xe1, 0x00, 0x00, 0x00, 0x00, 0x00, 0x00, 0x00, 0x22, 0x00, 0x00,
  0x00, 0x00, 0xec, 0x00, 0x00, 0x00, 0x00, 0x00, 0xec, 0x00, 0x17, 0x26,
  0x00, 0x00, 0x31, 0x00, 0x21, 0x00, 0x00, 0x00, 0x00, 0x10, 0x00, 0x00,
  0x00, 0x00, 0xd5, 0x00, 0xe3, 0x00, 0x00, 0x1e, 0x00, 0x00, 0x00, 0x00,
  0x00, 0x00, 0xe4, 0xd7, 0x00, 0x21, 0x00, 0x00, 0x00, 0x00, 0x00, 0x00,
  0x00, 0x00, 0x00, 0x00, 0x00, 0x00, 0x00, 0x00, 0xeb, 0x00, 0x00, 0x24,
  0x15, 0x00, 0x00, 0x00, 0xe7, 0x00, 0x1a, 0x00, 0x00, 0x00, 0x1f, 0x00,
  0x00, 0x00, 0x00, 0x00, 0x00, 0x2d, 0x00, 0xd9, 0x00, 0x00, 0xe4, 0x00,
  0x1b, 0x00, 0x00, 0x00, 0xd3, 0x00, 0x00, 0x00, 0xe6, 0x27, 0x00, 0x00,
  0x00, 0x00, 0x00, 0x00, 0x1e, 0x00, 0x00, 0x00, 0x00, 0x00, 0x00, 0x19,
  0x00, 0x00, 0x00, 0x00, 0x23, 0x19, 0x00, 0x00, 0x00, 0x00, 0x00, 0x00,
  0x00, 0x00, 0xe3, 0x00, 0x00, 0x00, 0x00, 0x00, 0x00, 0x00, 0x00, 0xe0,
  0x00, 0x00, 0xcf, 0x00, 0x00, 0xd9, 0x2d, 0x00, 0x00, 0x00, 0x00, 0xd8,
  0x44, 0x15, 0xea, 0x26, 0x00, 0xde, 0x54, 0x00, 0x00, 0x00, 0x00, 0xe4,
  0x30, 0x00, 0x00, 0x19, 0x00, 0xe2, 0x34, 0x00, 0x00, 0x00, 0xc9, 0x06,
  0x00, 0x00, 0x00, 0x00, 0x00, 0x01, 0x00, 0x00, 0x00, 0x00, 0x00, 0x00,
  0x00, 0x00, 0x00, 0x00, 0x00, 0x00, 0x00, 0x00, 0x00, 0x00, 0x00, 0x07,
  0x00, 0x00, 0x00, 0x00, 0xc7, 0x08, 0xeb, 0x00, 0x00, 0x00, 0xc3, 0x12,
  0x00, 0x00, 0x00, 0x00, 0xca, 0x00, 0x00, 0x00, 0x00, 0x00, 0x00, 0x00,
  0x00, 0x00, 0x00, 0x00, 0x00, 0x00, 0x00, 0x00, 0x00, 0x00, 0x00, 0xb5,
  0x00, 0x00, 0x00, 0x00, 0x00, 0x00, 0x00, 0x00, 0x00, 0x00, 0x00, 0x00,
  0x00, 0x00, 0x00, 0x00, 0x00, 0x00, 0x2d, 0x00, 0x00, 0x00, 0x00, 0xc7,
  0x2a, 0xce, 0x00, 0x00, 0x00, 0x00, 0x00, 0x00, 0x00, 0x00, 0x00, 0x00,
  0x00, 0x00, 0x00, 0x00, 0x00, 0x00, 0x00, 0x00, 0x00, 0x00, 0x00, 0xfb,
  0x00, 0xc2, 0x00, 0x00, 0x00, 0x00, 0x00, 0xcc, 0x00, 0x00, 0x00, 0x0c,
  0x00, 0x00, 0x00, 0xf7, 0x00, 0x00, 0x00, 0xc8, 0x00, 0xf8, 0x00, 0x00,
  0x00, 0x00, 0x00, 0xf3, 0x00, 0x00, 0x00, 0x00, 0x00, 0x00, 0x00, 0xf7,
  0x00, 0x00, 0x00, 0x00, 0x00, 0x00, 0x00, 0x00, 0x00, 0x00, 0x00, 0x00,
  0x00, 0x00, 0x00, 0x00, 0xf1, 0x00, 0x00, 0x00, 0x00, 0x00, 0x00, 0x08,
  0x00, 0x00, 0x00, 0x00, 0x00, 0x00, 0x00, 0x00, 0xe4, 0x00, 0x00, 0xf6,
  0x00, 0x00, 0x00, 0x00, 0x09, 0x00, 0x00, 0x00, 0x00, 0x00, 0x00, 0xfc,
  0x00, 0x00, 0x00, 0x00, 0x00, 0x05, 0x00, 0x00, 0x00, 0x00, 0x00, 0x00,
  0x00, 0x00, 0x00, 0x00, 0x00, 0xfc, 0x00, 0x00, 0x00, 0x00, 0x00, 0x00,
  0x00, 0x00, 0x00, 0x00, 0x00, 0x00, 0x00, 0x00, 0x00, 0x00, 0x00, 0x01,
  0x00, 0x00, 0x00, 0x00, 0x00, 0x00, 0x00, 0xd8, 0x00, 0x00, 0x00, 0x14,
  0x00, 0x00, 0x00, 0x00, 0x00, 0xff, 0x00, 0x00, 0x00, 0x00, 0x00, 0x00,
  0x00, 0xda, 0x00, 0x00, 0xe2, 0x00, 0x00, 0x00, 0x00, 0x00, 0x00, 0x00,
  0x00, 0x00, 0xf1, 0x00, 0x00, 0x00, 0x00, 0x00, 0x00, 0x00, 0x00, 0x00,
  0x00, 0x00, 0xee, 0x00, 0x00, 0xc5, 0x00, 0x00, 0x00, 0x00, 0x00, 0xc3,
  0x00, 0x00, 0x00, 0x00, 0x00, 0x00, 0x00, 0x00, 0x00, 0x00, 0x00, 0x00,
  0x00, 0x00, 0x00, 0x00, 0x00, 0x00, 0x2a, 0xc5, 0x00, 0x00, 0x00, 0x00,
  0x00, 0xbc, 0x00, 0x00, 0x00, 0x00, 0x00, 0x00, 0x00, 0x00, 0x00, 0x00,
  0x00, 0x00, 0x00, 0x00, 0xf0, 0x00, 0x00, 0xc3, 0x00, 0x00, 0x00, 0x00,
  0x26, 0x00, 0x00, 0x00, 0x00, 0x05, 0x00, 0x00, 0x00, 0x00, 0x00, 0x00,
  0x00, 0x00, 0x00, 0x00, 0xee, 0x00, 0x00, 0x00, 0x00, 0x00, 0xee, 0x00,
  0x00, 0x00, 0x00, 0x00, 0x00, 0x00, 0x00, 0x00, 0x00, 0x00, 0xef, 0x00,
  0x00, 0x00, 0x00, 0x00, 0x00, 0x00, 0x00, 0x00, 0x00, 0x00, 0xdc, 0x00,
  0x00, 0x00, 0x00, 0x00, 0xea, 0xfb, 0x00, 0x00, 0x00, 0x00, 0x00, 0x00,
  0x00, 0x02, 0x00, 0x00, 0x00, 0x00, 0x00, 0x00, 0x00, 0x00, 0x00, 0x00,
  0x00, 0x0a, 0x00, 0x00, 0xda, 0x00, 0x00, 0x00, 0x00, 0x00, 0x00, 0x00,
  0x00, 0x00, 0x00, 0x00, 0x00, 0x00, 0x00, 0x06, 0x00, 0x00, 0x00, 0x06,
  0x00, 0x00, 0x00, 0x00, 0x00, 0x00, 0x00, 0x00, 0x00, 0x00, 0x00, 0x00,
  0x00, 0x00, 0x00, 0x00, 0x00, 0x00, 0x00, 0x00, 0x00, 0x00, 0x00, 0x00,
  0x00, 0x00, 0x00, 0x00, 0x00, 0x00, 0x00, 0x00, 0x00, 0x00, 0x00, 0x00,
  0x00, 0x00, 0x00, 0x00, 0x00, 0x00, 0x00, 0x00, 0x00, 0x00, 0x00, 0x00,
  0x00, 0x00, 0x00, 0x00, 0xfe, 0xd8, 0x00, 0x00, 0x00, 0x00, 0x00, 0x00,
  0x00, 0x00, 0x00, 0x00, 0x00, 0xd1, 0x00, 0x00, 0x00, 0x00, 0x0c, 0x00,
  0x00, 0x00, 0x00, 0x00, 0x00, 0x00, 0x29, 0x00, 0x00, 0x00, 0x03, 0x00,
  0x29, 0x00, 0x00, 0x00, 0x00, 0xd2, 0x00, 0x00, 0x00, 0x00, 0x1b, 0x00,
  0x00, 0x00, 0x00, 0x00, 0x00, 0x00, 0x00, 0x00, 0x00, 0x00, 0x00, 0x00,
  0x28, 0xc2, 0x00, 0x00, 0x00, 0x00, 0x00, 0x00, 0x00, 0x00, 0x00, 0x00,
  0x00, 0x00, 0x00, 0x00, 0x00, 0x05, 0x00, 0x00, 0x00, 0x00, 0x00, 0xfe,
  0x00, 0x00, 0x00, 0x00, 0x00, 0x00, 0x00, 0x00, 0x00, 0x00, 0x00, 0x00,
  0x00, 0x00, 0x00, 0x00, 0x00, 0x00, 0xf0, 0x00, 0x00, 0x00, 0xe4, 0x00,
  0x00, 0x00, 0x00, 0xea, 0x00, 0x00, 0xf4, 0x00, 0x00, 0x00, 0xd7, 0x00,
  0x22, 0xe6, 0x00, 0x00, 0xf3, 0xf5, 0x00, 0x00, 0x00, 0x00, 0xee, 0x00,
  0x00, 0x00, 0x00, 0x00, 0x00, 0x00, 0x00, 0x00, 0x00, 0x00, 0xd6, 0x00,
  0x00, 0x00, 0x00, 0x00, 0x00, 0x00, 0x00, 0x00, 0x15, 0x00, 0xf1, 0x00,
  0x00, 0x00, 0x00, 0x00, 0x00, 0x49, 0x00, 0x1b, 0x00, 0x2b, 0x00, 0x4e,
  0xdb, 0x00, 0x1a, 0x00, 0x00, 0x4e, 0xec, 0x00, 0x00, 0x00, 0x28, 0x6a,
  0xe6, 0x1c, 0x00, 0xe4, 0x2b, 0x4a, 0x00, 0x00, 0x00, 0x00, 0x29, 0x46,
  0xe2, 0x00, 0x00, 0x00, 0x00, 0x4e, 0xca, 0x00, 0x00, 0x00, 0x00, 0x54,
  0xd8, 0x00, 0x00, 0x00, 0x00, 0x4c, 0xe5, 0x00, 0x00, 0x00, 0x00, 0x2c,
  0xec, 0x00, 0x00, 0x00, 0x00, 0x32, 0x00, 0x00, 0x00, 0x00, 0x12, 0x2f,
  0x00, 0x00, 0x00, 0x00, 0x12, 0x2c, 0x00, 0x00, 0x00, 0x00, 0x27, 0x00,
  0x00, 0x00, 0x00, 0x00, 0x34, 0x00, 0x00, 0x00, 0x00, 0x00, 0x1b, 0x00,
  0x00, 0x00, 0x00, 0x00, 0x00, 0xe7, 0x00, 0x00, 0x00, 0x00, 0x00, 0xea,
  0x00, 0x00, 0x00, 0x00, 0x00, 0x00, 0x00, 0x00, 0x00, 0xe5, 0x00, 0x00,
  0x29, 0x00, 0x31, 0xed, 0x00, 0x00, 0x32, 0xdd, 0x00, 0xe7, 0x00, 0x00,
  0x2d, 0xe0, 0x00, 0xdf, 0x17, 0x00, 0x00, 0x00, 0x00, 0xeb, 0x00, 0x00,
  0x37, 0xed, 0x00, 0x00, 0x00, 0xdd, 0x00, 0xe5, 0x00, 0x00, 0x00, 0x00,
  0x00, 0xd3, 0x00, 0x00, 0x00, 0x00, 0x00, 0xd6, 0x00, 0x00, 0x00, 0x23,
  0x00, 0xd0, 0x00, 0x00, 0x00, 0x00, 0x00, 0xe8, 0x00, 0x00, 0x00, 0x2c,
  0x00, 0x00, 0x00, 0x00, 0x00, 0x20, 0x00, 0x00, 0x00, 0xe9, 0x00, 0x00,
  0x00, 0x00, 0x00, 0x00, 0x00, 0x00, 0x00, 0x00, 0x00, 0xe3, 0x00, 0x00,
  0xe5, 0x00, 0x00, 0xed, 0x00, 0x1b, 0x00, 0x00, 0x00, 0xec, 0x00, 0x00,
  0x00, 0x3d, 0x00, 0x00, 0x00, 0x00, 0x00, 0x00, 0x00, 0x00, 0xcb, 0x21,
  0xe3, 0x00, 0x27, 0x00, 0x00, 0x29, 0xd5, 0x4f, 0x00, 0x00, 0x00, 0x2d,
  0x00, 0x4c, 0x00, 0x00, 0x12, 0x30, 0xdf, 0x50, 0x00, 0x00, 0x00, 0x00,
  0x00, 0x00, 0x00, 0x00, 0x20, 0x00, 0x00, 0x00, 0x00, 0x00, 0x1d, 0x00,
  0xe1, 0x00, 0x00, 0xea, 0x00, 0x24, 0xde, 0x00, 0x00, 0xe9, 0x00, 0x00,
  0x00, 0x00, 0x00, 0xee, 0x00, 0x00, 0xc7, 0x00, 0x00, 0x00, 0x00, 0x00,
  0xde, 0x00, 0x00, 0x00, 0x00, 0x23, 0x00, 0x00, 0x00, 0x00, 0x00, 0x00,
  0x00, 0x00, 0x00, 0x00, 0x00, 0x21, 0x00, 0x00, 0x00, 0x00, 0x00, 0x00,
  0x00, 0x00, 0x00, 0x00, 0xe8, 0x00, 0x00, 0x00, 0x00, 0x00, 0x00, 0xe2,
  0x00, 0x00, 0x00, 0x00, 0x00, 0x00, 0x00, 0x00, 0x00, 0x00, 0x00, 0x00,
  0x00, 0x00, 0x00, 0x00, 0x00, 0x00, 0x00, 0x00, 0x00, 0xf8, 0x00, 0x00,
  0x00, 0xf5, 0x00, 0x00, 0x11, 0x00, 0x00, 0x00, 0x00, 0x00, 0x00, 0x00,
  0x00, 0xeb, 0x00, 0x00, 0x00, 0x00, 0x00, 0xf5, 0x00, 0x00, 0x00, 0x00,
  0x00, 0x00, 0x0b, 0x00, 0x00, 0x00, 0x00, 0xe2, 0x00, 0x00, 0x0a, 0x20,
  0x00, 0xed, 0x00, 0x00, 0x00, 0x1f, 0xe8, 0xcd, 0x00, 0x00, 0x00, 0x4d,
  0x00, 0x00, 0x00, 0x00, 0x00, 0x31, 0x00, 0x00, 0x00, 0x00, 0x00, 0x31,
  0xeb, 0x00, 0x00, 0x00, 0xdc, 0x57, 0xf1, 0x00, 0x00, 0x00, 0x00, 0x22,
  0x00, 0x00, 0x00, 0x00, 0xe9, 0x39, 0x00, 0x00, 0x00, 0x00, 0x00, 0x1c,
  0xf6, 0x00, 0x00, 0x00, 0x00, 0x23, 0xf6, 0x00, 0x00, 0x00, 0x00, 0x3c,
  0x00, 0x00, 0x00, 0x00, 0x00, 0x2f, 0x00, 0x00, 0x00, 0x00, 0x00, 0x39,
  0x00, 0x00, 0x00, 0x00, 0x00, 0x00, 0x00, 0xed, 0x00, 0x00, 0x00, 0x00,
  0x00, 0x22, 0xf2, 0x00, 0x00, 0x00, 0x00, 0x00, 0x00, 0x21, 0x00, 0x00,
  0x00, 0x25, 0x2b, 0x00, 0x00, 0x00, 0x00, 0x00, 0x00, 0xec, 0x00, 0x1b,
  0x00, 0x00, 0x27, 0x00, 0x00, 0x00, 0xef, 0x00, 0xf1, 0x00, 0x00, 0x00,
  0x00, 0x00, 0x00, 0x00, 0x00, 0x00, 0x00, 0x00, 0x1a, 0x00, 0x00, 0x00,
  0x00, 0x00, 0x00, 0x00, 0x00, 0x00, 0x00, 0x00, 0x00, 0x00, 0x00, 0x2d,
  0x00, 0x00, 0x00, 0x00, 0x00, 0x32, 0x00, 0x00, 0x00, 0x00, 0x00, 0x20,
  0x00, 0x00, 0x00, 0x00, 0x00, 0x00, 0x00, 0x00, 0x00, 0x00, 0x00, 0x00,
  0x00, 0x00, 0x00, 0x00, 0x00, 0x00, 0x00, 0x17, 0x00, 0x00, 0xd0, 0x00,
  0x00, 0x0c, 0x00, 0x00, 0x00, 0x37, 0x00, 0x00, 0x00, 0x00, 0xcc, 0x41,
  0x00, 0xf1, 0x00, 0x00, 0xd1, 0x49, 0x00, 0x00, 0x00, 0x00, 0xe4, 0x43,
  0x00, 0x00, 0x00, 0x00, 0xe1, 0x4c, 0x00, 0x00, 0x00, 0x00, 0xe5, 0x39,
  0x00, 0x00, 0x00, 0x00, 0xe0, 0x45, 0x00, 0x00, 0x00, 0x00, 0xed, 0x38,
  0x00, 0x00, 0x00, 0x00, 0xee, 0x00, 0x00, 0x00, 0x00, 0x00, 0xfc, 0x4e,
  0x00, 0x00, 0x00, 0x00, 0xfa, 0x37, 0x00, 0x34, 0x00, 0xff, 0x06, 0x4c,
  0x00, 0x2e, 0x00, 0xfe, 0xec, 0x00, 0x00, 0x24, 0x00, 0x05, 0xfc, 0x00,
  0x00, 0x2f, 0x00, 0x00, 0xfd, 0x00, 0x00, 0x00, 0x06, 0x00, 0xfd, 0x3d,
  0x00, 0x29, 0x00, 0x00, 0xfe, 0x00, 0x00, 0x00, 0x00, 0x00, 0xe7, 0x00,
  0x0c, 0x00, 0x00, 0x00, 0xf8, 0x00, 0x00, 0x1b, 0x00, 0x00, 0xe1, 0x46,
  0x00, 0x00, 0x00, 0x00, 0xda, 0x41, 0x00, 0x00, 0x00, 0x00, 0xdb, 0x43,
  0x14, 0x00, 0x00, 0x00, 0x00, 0x61, 0x00, 0x00, 0x00, 0x00, 0x00, 0x7f,
  0x0c, 0xdc, 0x00, 0x00, 0x00, 0x7f, 0x00, 0xe3, 0x00, 0x00, 0xb9, 0x75,
  0x00, 0xda, 0x00, 0x00, 0xb6, 0x3f, 0x00, 0x00, 0x00, 0x00, 0x00, 0x39,
  0xd6, 0x00, 0x3c, 0x00, 0x00, 0x00, 0x00, 0x00, 0x00, 0x00, 0x00, 0x3c,
  0x00, 0x00, 0x00, 0x00, 0x00, 0x00, 0x00, 0x00, 0x00, 0x00, 0x00, 0x30,
  0x00, 0x00, 0x00, 0x00, 0x00, 0x00, 0x00, 0x00, 0x00, 0x00, 0x00, 0x00,
  0x00, 0x00, 0x00, 0x00, 0x00, 0x00, 0x1f, 0xd7, 0x00, 0x00, 0x00, 0x00,
  0x00, 0xe3, 0x00, 0x06, 0x00, 0x00, 0x00, 0xe7, 0x00, 0x00, 0x00, 0x00,
  0x00, 0x00, 0x00, 0x00, 0x00, 0x30, 0x19, 0xda, 0x00, 0x00, 0x00, 0x3e,
  0x00, 0xe3, 0x00, 0x00, 0x00, 0x36, 0x18, 0x00, 0x00, 0x00, 0x00, 0x00,
  0x00, 0xd5, 0x00, 0x00, 0x00, 0x2f, 0x00, 0x00, 0x34, 0x00, 0x00, 0x2d,
  0x00, 0x00, 0x29, 0x00, 0x00, 0x4a, 0x00, 0x00, 0x00, 0xc6, 0xe2, 0x51,
  0xd2, 0x00, 0x00, 0x00, 0x00, 0x34, 0x00, 0x00, 0x00, 0x00, 0xe3, 0x00,
  0xd8, 0x00, 0x00, 0x00, 0x00, 0x38, 0x00, 0x00, 0x48, 0x00, 0x00, 0x00,
  0x00, 0x34, 0x00, 0x00, 0x00, 0x00, 0x00, 0x00, 0x0a, 0xfe, 0x00, 0x00,
  0x00, 0x29, 0x00, 0x08, 0x00, 0x3d, 0x00, 0x00, 0x00, 0x00, 0x00, 0x33,
  0x00, 0x39, 0x0f, 0x00, 0x00, 0x00, 0x00, 0x2f, 0x00, 0x00, 0x00, 0x00,
  0x00, 0x48, 0x09, 0x00, 0x00, 0x00, 0x00, 0x37, 0x00, 0x00, 0x00, 0x3b,
  0x00, 0x00, 0x00, 0xc3, 0x00, 0x47, 0x00, 0x3c, 0x00, 0xba, 0x00, 0x34,
  0xc9, 0x00, 0x00, 0xc3, 0x00, 0x00, 0x00, 0x00, 0x00, 0x00, 0x00, 0x2f,
  0x00, 0x3b, 0x00, 0xc6, 0x00, 0x00, 0x00, 0x00, 0x00, 0xc1, 0x00, 0x3d,
  0x00, 0x00, 0x45, 0x00, 0x00, 0x2e, 0x00, 0x46, 0x00, 0x00, 0x00, 0x00,
  0x00, 0x46, 0x00, 0x00, 0x00, 0x00, 0x00, 0x00, 0x00, 0x00, 0x00, 0x30,
  0x00, 0x00, 0x02, 0x00, 0x00, 0x00, 0x00, 0x00, 0x00, 0x00, 0x00, 0x00,
  0x00, 0x00, 0x00, 0x00, 0x00, 0x00, 0x06, 0x06, 0x14, 0x04, 0x00, 0x1b,
  0x00, 0x00, 0x00, 0x00, 0x00, 0x23, 0x00, 0x07, 0x00, 0x00, 0x00, 0x2c,
  0x00, 0x00, 0x00, 0x00, 0x00, 0x54, 0x00, 0x00, 0x00, 0x00, 0x00, 0x3e,
  0x00, 0x00, 0x00, 0x00, 0x00, 0x34, 0x00, 0x00, 0x08, 0x00, 0x00, 0x23,
  0x00, 0x00, 0x00, 0x00, 0x00, 0x00, 0x00, 0x00, 0x00, 0x00, 0x00, 0x2e,
  0x00, 0x00, 0x00, 0x00, 0x00, 0x00, 0x00, 0x00, 0x00, 0x00, 0x03, 0x40,
  0xc9, 0x49, 0x00, 0x00, 0x00, 0x00, 0xbe, 0x00, 0x00, 0x00, 0x00, 0x00,
  0xc0, 0x43, 0x00, 0x00, 0x00, 0x00, 0x00, 0x58, 0x00, 0x00, 0x00, 0x26,
  0x00, 0x5c, 0x00, 0x00, 0x00, 0x00, 0xca, 0x49, 0x00, 0x00, 0x00, 0x26,
  0x00, 0x55, 0x00, 0x00, 0x00, 0x29, 0x00, 0x4f, 0x00, 0x00, 0x00, 0x00,
  0x00, 0x3b, 0x00, 0x00, 0x00, 0x00, 0x00, 0x00, 0x00, 0x00, 0x00, 0x00,
  0x00, 0x00, 0x00, 0x00, 0x00, 0x00, 0x00, 0x00, 0x00, 0x00, 0x00, 0x00,
  0x00, 0x00, 0x00, 0x00, 0x00, 0x00, 0x00, 0x00, 0x00, 0x00, 0x00, 0x00,
  0x0b, 0xe4, 0x00, 0x00, 0x00, 0x23, 0x18, 0xd6, 0x00, 0x00, 0x00, 0x23,
  0x11, 0xe2, 0x00, 0x00, 0x36, 0x00, 0x00, 0xde, 0x00, 0x06, 0xd4, 0x37,
  0x00, 0x00, 0x00, 0x00, 0xda, 0x2c, 0xda, 0x00, 0x00, 0x00, 0x00, 0x00,
  0x00, 0x00, 0x00, 0xca, 0x00, 0x29, 0x00, 0x00, 0x00, 0xc8, 0x00, 0x31,
  0xd1, 0x00, 0x00, 0x00, 0x00, 0x00, 0x00, 0x00, 0x00, 0x00, 0xd1, 0x00,
  0x00, 0x00, 0x00, 0x00, 0xb6, 0x00, 0x00, 0x00, 0x00, 0x00, 0xcc, 0x00,
  0x00, 0x00, 0x00, 0x00, 0x00, 0x00, 0x00, 0x00, 0x00, 0xc8, 0x00, 0x00,
  0x00, 0x00, 0x00, 0x00, 0x00, 0x00, 0x00, 0x00, 0x00, 0xca, 0x00, 0x00,
  0x00, 0x00, 0x00, 0xb5, 0x00, 0x00, 0x00, 0xd6, 0x00, 0xcd, 0xe4, 0x00,
  0x00, 0x00, 0x00, 0x00, 0xde, 0x00, 0x00, 0xdb, 0x00, 0x00, 0x00, 0x2d,
  0x00, 0xce, 0x00, 0x00, 0x00, 0x00, 0x00, 0xce, 0x00, 0x00, 0x00, 0x00,
  0xca, 0x00, 0x00, 0x00, 0xe3, 0x00, 0x00, 0x00, 0x00, 0x00, 0x00, 0x00,
  0x00, 0x00, 0x00, 0x00, 0xea, 0x35, 0x00, 0x00, 0x00, 0x00, 0x00, 0x2b,
  0xc7, 0x00, 0x00, 0x00, 0x00, 0x00, 0xca, 0x15, 0x00, 0x00, 0x00, 0x00,
  0x00, 0x00, 0x00, 0x00, 0x00, 0x00, 0x00, 0x24, 0x00, 0x00, 0x00, 0x00,
  0x00, 0x00, 0x00, 0x00, 0x00, 0x00, 0x00, 0x00, 0x00, 0x00, 0x00, 0x00,
  0xd1, 0x00, 0x00, 0x00, 0x00, 0x00, 0x00, 0x1d, 0x00, 0x00, 0x00, 0x20,
  0xd0, 0x1b, 0x00, 0x00, 0x00, 0x00, 0x00, 0x00, 0x00, 0x00, 0x00, 0x00,
  0xd5, 0x0b, 0x00, 0x00, 0x00, 0x00, 0xcf, 0x00, 0x00, 0x00, 0x00, 0x3b,
  0x00, 0x00, 0x00, 0x00, 0x00, 0x27, 0xd7, 0x00, 0x00, 0x00, 0x00, 0x20,
  0x00, 0xc9, 0x00, 0xcc, 0x00, 0x00, 0x00, 0xcf, 0x00, 0x00, 0x00, 0x34,
  0x00, 0x00, 0x00, 0xc4, 0x00, 0x00, 0x00, 0x00, 0x00, 0x00, 0x00, 0x00,
  0x00, 0x00, 0x00, 0x00, 0x00, 0x00, 0x00, 0x00, 0x00, 0x00, 0x00, 0x00,
  0x00, 0x00, 0x00, 0xc8, 0x00, 0x00, 0x00, 0x00, 0x00, 0x00, 0x00, 0x00,
  0x00, 0x00, 0x00, 0x00, 0x00, 0x00, 0x00, 0x09, 0xff, 0x0f, 0x00, 0x00,
  0x00, 0x00, 0x00, 0xfc, 0x00, 0xe1, 0xd4, 0x0e, 0x00, 0xfe, 0x00, 0x00,
  0x00, 0x00, 0x00, 0x00, 0x00, 0xde, 0x00, 0x07, 0xeb, 0x00, 0x00, 0xed,
  0x00, 0x0a, 0x00, 0x00, 0x00, 0x00, 0x00, 0x00, 0xf1, 0xcf, 0x06, 0x00,
  0x00, 0x00, 0x00, 0xdb, 0x00, 0xe2, 0x00, 0xff, 0x15, 0xd3, 0x00, 0x00,
  0x00, 0x00, 0x00, 0xd3, 0x00, 0x00, 0x00, 0x00, 0x1f, 0xbf, 0x00, 0x00,
  0x00, 0x00, 0x00, 0xb3, 0x00, 0x00, 0x00, 0x00, 0x2a, 0xac, 0x00, 0x00,
  0xd6, 0x00, 0x00, 0xb1, 0x00, 0x00, 0xce, 0x00, 0x00, 0xc0, 0x00, 0x28,
  0x00, 0x00, 0x00, 0xca, 0x00, 0x00, 0x00, 0x00, 0xf1, 0x00, 0x00, 0x00,
  0x00, 0x04, 0x00, 0x00, 0xdc, 0x00, 0x00, 0x10, 0x00, 0x00, 0x00, 0x00,
  0x00, 0x06, 0x00, 0x00, 0x00, 0x00, 0x00, 0x00, 0x00, 0x00, 0x00, 0xec,
  0x00, 0x00, 0xee, 0x00, 0x12, 0xdf, 0x00, 0x08, 0x00, 0x00, 0x18, 0x00,
  0x00, 0x00, 0x00, 0x00, 0x00, 0x00, 0x00, 0x00, 0x00, 0x00, 0x00, 0x00,
  0x00, 0x08, 0x00, 0x00, 0x00, 0x00, 0x00, 0x00, 0x00, 0x00, 0x00, 0x00,
  0x00, 0x00, 0x00, 0x00, 0x00, 0x00, 0x00, 0x00, 0x00, 0x00, 0x12, 0x00,
  0x00, 0x00, 0x00, 0x00, 0x1e, 0x00, 0x00, 0x00, 0x00, 0xff, 0x00, 0x00,
  0x00, 0x00, 0x00, 0x00, 0x00, 0x00, 0x00, 0x00, 0x00, 0x00, 0x00, 0x00,
  0xd6, 0x00, 0x00, 0x00, 0x00, 0x21, 0xc7, 0x00, 0x00, 0x00, 0x00, 0x00,
  0x00, 0x00, 0x00, 0xca, 0x00, 0x00, 0x00, 0x00, 0x00, 0x00, 0x00, 0x00,
  0x00, 0x00, 0x00, 0x00, 0x00, 0xeb, 0x00, 0x00, 0x00, 0xcb, 0x00, 0xea,
  0xd5, 0x12, 0x00, 0x00, 0x00, 0x00, 0x00, 0x10, 0x00, 0x00, 0x00, 0x00,
  0x00, 0x00, 0x00, 0x00, 0x00, 0xdf, 0x00, 0x00, 0xfc, 0x00, 0x00, 0x00,
  0x00, 0x00, 0x00, 0x00, 0x1a, 0x00, 0x00, 0x00, 0x00, 0x00, 0x00, 0xe4,
  0x00, 0x1d, 0x00, 0x00, 0x00, 0x00, 0x00, 0x1d, 0x00, 0x00, 0xe4, 0x00,
  0x00, 0x00, 0x00, 0x00, 0x00, 0x00, 0x00, 0x00, 0x00, 0xd1, 0x00, 0x00,
  0xd0, 0x17, 0x00, 0xc1, 0x00, 0x00, 0x00, 0x00, 0x00, 0xc0, 0x00, 0x00,
  0x00, 0x00, 0x00, 0xca, 0x00, 0x00, 0x00, 0x00, 0x00, 0xc9, 0x00, 0x00,
  0xcd, 0x00, 0x00, 0x00, 0x00, 0x0f, 0x00, 0x00, 0x00, 0x00, 0x00, 0x00,
  0x00, 0x00, 0x00, 0xd9, 0x00, 0x00, 0xc8, 0x00, 0x00, 0x00, 0x00, 0x00,
  0x00, 0x44, 0x00, 0x00, 0x00, 0x00, 0x00, 0x00, 0x00, 0x00, 0x00, 0x00,
  0x00, 0x00, 0x00, 0x00, 0x00, 0x00, 0x00, 0x00, 0x00, 0x00, 0x00, 0x00,
  0x00, 0x00, 0x00, 0x00, 0x00, 0x00, 0x00, 0x00, 0x00, 0x00, 0x00, 0x00,
  0x00, 0x00, 0x00, 0x00, 0x1b, 0x00, 0xb9, 0x00, 0x00, 0x00, 0x00, 0x00,
  0xb9, 0x00, 0x00, 0x00, 0x00, 0x00, 0x00, 0x00, 0x00, 0x00, 0x00, 0x00,
  0x00, 0x00, 0x00, 0x00, 0x00, 0x00, 0x00, 0x00, 0x00, 0x00, 0x00, 0x00,
  0x00, 0x00, 0x00, 0x00, 0x00, 0x00, 0x00, 0x2a, 0x00, 0x00, 0x00, 0x00,
  0x00, 0x00, 0x00, 0x00, 0x00, 0x00, 0x00, 0x00, 0x00, 0xce, 0x00, 0x00,
  0x00, 0x00, 0x00, 0xd1, 0x00, 0x00, 0xb9, 0x00, 0x00, 0x00, 0x00, 0x00,
  0xbd, 0x00, 0x00, 0x00, 0x00, 0x00, 0x00, 0x00, 0x00, 0x00, 0x00, 0x00,
  0x00, 0x00, 0x00, 0x00, 0x00, 0x00, 0x00, 0x00, 0x00, 0x00, 0x00, 0x00,
  0x00, 0x00, 0x16, 0xdb, 0x00, 0x00, 0xbd, 0x00, 0xd7, 0xde, 0x00, 0x00,
  0x00, 0x00, 0x00, 0x00, 0x00, 0x00, 0x00, 0x00, 0x00, 0xd6, 0x00, 0x00,
  0x00, 0x3d, 0x00, 0x00, 0x00, 0x00, 0x00, 0x00, 0x00, 0x00, 0x00, 0x00,
  0x00, 0x00, 0x00, 0x00, 0xc8, 0x00, 0x00, 0x00, 0x00, 0x00, 0x00, 0x00,
  0x00, 0x00, 0x00, 0x00, 0x00, 0x00, 0x00, 0x40, 0x1c, 0x00, 0x00, 0x00,
  0x00, 0x00, 0x00, 0x00, 0x00, 0x00, 0xcd, 0x3c, 0x00, 0x00, 0x00, 0x00,
  0xcc, 0x00, 0x00, 0x00, 0x00, 0x00, 0x00, 0x39, 0x00, 0x00, 0x00, 0x00,
  0x00, 0x38, 0x00, 0x00, 0x00, 0x00, 0x00, 0x33, 0x00, 0x00, 0xfe, 0x00,
  0x00, 0x00, 0x10, 0x00, 0x1a, 0x00, 0x00, 0x00, 0x00, 0x00, 0x00, 0x00,
  0x00, 0x00, 0x00, 0x00, 0x00, 0x00, 0x00, 0x00, 0x00, 0x00, 0x00, 0x00,
  0x00, 0x00, 0x00, 0x00, 0x00, 0x00, 0xcf, 0x00, 0x00, 0x00, 0x00, 0x00,
  0xce, 0x00, 0x00, 0x00, 0x00, 0x00, 0xd0, 0x00, 0x00, 0x00, 0x00, 0x00,
  0x00, 0x00, 0x00, 0x00, 0x00, 0x00, 0x00, 0x00, 0xf8, 0xdc, 0x00, 0x00,
  0x00, 0x1b, 0x00, 0x00, 0x00, 0x00, 0x00, 0x00, 0x00, 0x00, 0x00, 0x00,
  0x00, 0x00, 0x07, 0xd1, 0x00, 0x00, 0x00, 0x00, 0x00, 0x00, 0x00, 0x00,
  0x00, 0x00, 0x00, 0x00, 0x00, 0x00, 0x00, 0x00, 0x00, 0x00, 0x2a, 0x00,
  0x00, 0x00, 0x00, 0x00, 0x00, 0x00, 0x00, 0x00, 0x00, 0xd4, 0x00, 0x00,
  0x00, 0x00, 0x0f, 0x00, 0x00, 0x00, 0xcc, 0x00, 0x00, 0x00, 0x00, 0x00,
  0x00, 0x00, 0x00, 0x00, 0x00, 0x00, 0x00, 0x00, 0x00, 0x00, 0x00, 0x00,
  0xcb, 0x00, 0x00, 0x00, 0x00, 0x00, 0x00, 0x00, 0x06, 0x00, 0x00, 0x00,
  0x00, 0x00, 0xf1, 0x00, 0x00, 0x00, 0x00, 0x00, 0x0a, 0xd3, 0x00, 0x00,
  0xc1, 0x00, 0x00, 0x00, 0x00, 0x00, 0x00, 0x00, 0x00, 0x00, 0xb3, 0x00,
  0x00, 0x00, 0x00, 0x00, 0x00, 0x00, 0x00, 0x00, 0xf3, 0x00, 0x00, 0x00,
  0xbd, 0x00, 0x00, 0x00, 0x00, 0x00, 0x00, 0x00, 0x00, 0x00, 0xb9, 0x00,
  0x00, 0x38, 0x00, 0x00, 0x00, 0x00, 0xb7, 0x3e, 0x00, 0x00, 0x00, 0x00,
  0x00, 0x00, 0x00, 0x00, 0x00, 0x00, 0x00, 0x40, 0x03, 0x00, 0xbf, 0x00,
  0x00, 0x00, 0x00, 0x00, 0x00, 0x00, 0x00, 0x00, 0x00, 0x00, 0xd2, 0x00,
  0xaf, 0x3a, 0x00, 0x00, 0x00, 0x00, 0x00, 0x00, 0x00, 0x00, 0xee, 0x00,
  0x00, 0x3b, 0x00, 0x00, 0x00, 0x00, 0xaa, 0x00, 0x00, 0x00, 0x00, 0x00,
  0xaf, 0x34, 0x00, 0x00, 0x00, 0x00, 0x00, 0x3a, 0x00, 0xcb, 0x00, 0x00,
  0x00, 0x00, 0x00, 0xcd, 0x00, 0x00, 0xae, 0x30, 0x00, 0x00, 0x00, 0x00,
  0x00, 0x00, 0x00, 0x00, 0x1f, 0x00, 0x00, 0x00, 0x00, 0xd0, 0x00, 0x00,
  0x00, 0x00, 0x00, 0x00, 0x00, 0x00, 0x00, 0x00, 0x00, 0x00, 0x39, 0x00,
  0x00, 0x00, 0x00, 0x00, 0x00, 0x00, 0x00, 0x00, 0x00, 0x00, 0x00, 0x00,
  0x00, 0x00, 0x00, 0x00, 0x00, 0x00, 0x00, 0x00, 0x00, 0x00, 0x00, 0x00,
  0x00, 0x00, 0x00, 0xd4, 0x00, 0x00, 0x00, 0x00, 0x00, 0x00, 0x00, 0x00,
  0x00, 0x00, 0x00, 0x00, 0x00, 0x00, 0x00, 0x00, 0x00, 0x00, 0x00, 0x00,
  0x00, 0x00, 0x00, 0x00, 0x00, 0x00, 0x00, 0x00, 0x00, 0x00, 0x00, 0x44,
  0xdd, 0x00, 0x00, 0x00, 0x00, 0x00, 0x00, 0x00, 0x00, 0x00, 0x00, 0x00,
  0x00, 0x27, 0x1a, 0x00, 0x00, 0x2f, 0x00, 0x00, 0x00, 0x00, 0x00, 0x00,
  0x00, 0x2a, 0x00, 0x00, 0x08, 0xea, 0x00, 0x00, 0x00, 0x00, 0xfe, 0x00,
  0x00, 0xfb, 0x06, 0x00, 0x07, 0x00, 0x00, 0xff, 0x00, 0x00, 0x00, 0x00,
  0x00, 0xf3, 0x00, 0x00, 0x00, 0x00, 0x00, 0xe0, 0x00, 0x00, 0x00, 0x00,
  0x00, 0x05, 0x00, 0x00, 0xfd, 0x1f, 0x00, 0xf0, 0x00, 0x00, 0x09, 0x00,
  0x00, 0x06, 0x00, 0x00, 0xfb, 0x00, 0x00, 0x09, 0x00, 0x00, 0x02, 0x00,
  0x00, 0x00, 0x00, 0x00, 0xd6, 0xf6, 0x00, 0xfe, 0x00, 0x00, 0x00, 0x00,
  0x00, 0x00, 0x2c, 0x00, 0xd8, 0x00, 0x00, 0x00, 0x00, 0x00, 0xe3, 0x00,
  0x00, 0x00, 0x00, 0x00, 0xea, 0x00, 0x00, 0x00, 0x20, 0x00, 0x00, 0x00,
  0x00, 0x00, 0x00, 0x00, 0x00, 0x00, 0x00, 0x00, 0x00, 0x00, 0xe1, 0x00,
  0x00, 0x50, 0x21, 0x00, 0xd7, 0x2b, 0x00, 0x42, 0x00, 0x00, 0xcc, 0x00,
  0x00, 0x00, 0x00, 0x00, 0x00, 0x00, 0xe3, 0x00, 0x00, 0x00, 0xdb, 0x00,
  0x00, 0x3f, 0x00, 0x00, 0x00, 0x00, 0xdf, 0x00, 0x00, 0x00, 0x00, 0x00,
  0x00, 0x40, 0x14, 0x00, 0x00, 0x00, 0x00, 0x3a, 0x00, 0x00, 0xe0, 0x00,
  0x00, 0x00, 0x00, 0x00, 0xe5, 0x3a, 0x00, 0x33, 0x00, 0x00, 0x00, 0x00,
  0x00, 0x2e, 0x00, 0x00, 0x00, 0x00, 0x00, 0x00, 0x00, 0xd4, 0x00, 0x40,
  0xe2, 0x32, 0x00, 0x00, 0x14, 0x00, 0x00, 0x28, 0x00, 0x00, 0x00, 0x00,
  0xd9, 0x00, 0xf8, 0xd9, 0x1d, 0x36, 0xe8, 0x1c, 0x00, 0x00, 0x00, 0x00,
  0x00, 0x00, 0x00, 0x00, 0x00, 0x00, 0x00, 0x15, 0x00, 0x00, 0xe1, 0xe6,
  0x00, 0x1b, 0x00, 0x00, 0x00, 0x00, 0x00, 0xe7, 0x00, 0x00, 0x00, 0x00,
  0x00, 0x00, 0x00, 0x00, 0x00, 0x26, 0x29, 0xd8, 0x00, 0x00, 0x00, 0x25,
  0x00, 0x00, 0x00, 0x00, 0x2c, 0x00, 0x00, 0xcf, 0xf9, 0x00, 0x21, 0x2e,
  0x00, 0x00, 0x00, 0x00, 0x1c, 0x00, 0x00, 0x00, 0x00, 0x00, 0x00, 0x00,
  0x00, 0xdf, 0x00, 0x00, 0x00, 0x00, 0x04, 0xe5, 0x22, 0x00, 0x00, 0x00,
  0xfd, 0x00, 0x00, 0x00, 0x00, 0x23, 0x00, 0x00, 0x00, 0x00, 0x00, 0x00,
  0x00, 0x00, 0x00, 0xeb, 0x00, 0x00, 0x00, 0x00, 0x00, 0xdd, 0x06, 0x00,
  0x00, 0x00, 0x00, 0xd5, 0x00, 0x00, 0x00, 0x00, 0x00, 0xcf, 0x00, 0x00,
  0x00, 0x00, 0x00, 0xca, 0x00, 0x00, 0x00, 0x00, 0x00, 0xc0, 0x00, 0x30,
  0xf0, 0x00, 0x21, 0xc1, 0x00, 0x26, 0x00, 0x00, 0x00, 0xd4, 0x00, 0x23,
  0xeb, 0x00, 0x00, 0x00, 0x00, 0x2e, 0x00, 0x3d, 0x00, 0x00, 0x00, 0x00,
  0x00, 0x00, 0x00, 0x00, 0xee, 0x00, 0x00, 0x00, 0x00, 0x00, 0x00, 0x00,
  0x00, 0x00, 0x00, 0x00, 0x00, 0x00, 0x00, 0x00, 0xfa, 0x00, 0x00, 0x00,
  0xde, 0x00, 0x00, 0x00, 0x00, 0xf2, 0xd6, 0x3b, 0x00, 0x00, 0x05, 0xe6,
  0xe2, 0x00, 0x00, 0x00, 0x09, 0x00, 0x00, 0x00, 0x00, 0x00, 0x00, 0x00,
  0x00, 0x00, 0x00, 0x00, 0x1c, 0x00, 0x00, 0x00, 0x00, 0x00, 0x00, 0x00,
  0x00, 0x39, 0x00, 0x00, 0x00, 0x00, 0x00, 0x37, 0x00, 0x00, 0x00, 0x00,
  0x00, 0x00, 0x00, 0x00, 0x00, 0xe1, 0x00, 0x00, 0x00, 0x00, 0x2b, 0xec,
  0xde, 0x00, 0x00, 0x00, 0x00, 0xdc, 0x00, 0x38, 0x00, 0x00, 0x00, 0x00,
  0xe0, 0x00, 0x2e, 0x00, 0xda, 0x25, 0x00, 0x00, 0x00, 0x00, 0xe4, 0x21,
  0x00, 0x00, 0x00, 0x00, 0x00, 0x00, 0x00, 0xfd, 0x00, 0xcb, 0x10, 0x00,
  0x00, 0x00, 0x00, 0xcf, 0x12, 0x00, 0x00, 0x00, 0x00, 0xd3, 0x0a, 0x00,
  0x00, 0x00, 0x00, 0x00, 0x0b, 0x00, 0x00, 0x00, 0x00, 0x00, 0x00, 0x00,
  0x00, 0x00, 0x00, 0x00, 0x00, 0x00, 0x00, 0x00, 0x00, 0x00, 0x00, 0x14,
  0x00, 0x00, 0x00, 0x00, 0x00, 0x00, 0xe7, 0x00, 0x00, 0x00, 0x00, 0x19,
  0x00, 0x00, 0x00, 0x00, 0x00, 0x23, 0x00, 0x00, 0x00, 0xda, 0x23, 0x14,
  0x00, 0x00, 0x00, 0xcf, 0x00, 0x16, 0x00, 0x00, 0x00, 0xc6, 0x00, 0x00,
  0x00, 0x00, 0x26, 0xd0, 0x00, 0x15, 0x00, 0x00, 0x00, 0x00, 0x00, 0x00,
  0x00, 0x00, 0x00, 0x00, 0xf2, 0x1d, 0x00, 0x00, 0x00, 0x00, 0xe0, 0x00,
  0x00, 0x00, 0x00, 0x00, 0xed, 0x00, 0x00, 0x00, 0x00, 0x00, 0x20, 0x1b,
  0x19, 0x00, 0x00, 0x00, 0x00, 0x1a, 0x21, 0x00, 0xe9, 0x00, 0x00, 0x00,
  0x00, 0x00, 0x00, 0x00, 0x00, 0x1d, 0x23, 0x00, 0x00, 0x00, 0x00, 0x1a,
  0x23, 0x00, 0x1a, 0x18, 0x00, 0x16, 0x1f, 0x00, 0x00, 0x00, 0x00, 0x00,
  0x00, 0x00, 0x00, 0x00, 0x00, 0x1a, 0x18, 0x00, 0x00, 0x00, 0x00, 0x00,
  0x1e, 0x00, 0x00, 0x00, 0x18, 0x00, 0x00, 0x00, 0x00, 0x1a, 0x00, 0x1c,
  0x00, 0x00, 0x00, 0x00, 0x00, 0x00, 0x00, 0x00, 0x00, 0x00, 0x19, 0x00,
  0x1f, 0x00, 0x00, 0x00, 0x00, 0x00, 0x00, 0x19, 0x00, 0x00, 0x1f, 0x1e,
  0x22, 0x00, 0x00, 0x1e, 0x00, 0x19, 0x21, 0x00, 0x00, 0x00, 0x00, 0x00,
  0x00, 0x00, 0x00, 0x00, 0x1a, 0x00, 0x00, 0x00, 0x1c, 0x00, 0x1c, 0x19,
  0x00, 0x00, 0x00, 0x00, 0x21, 0x00, 0x00, 0x00, 0x00, 0x00, 0x00, 0x00,
  0x00, 0x00, 0x00, 0x00, 0x00, 0x00, 0x00, 0x00, 0x00, 0x00, 0x00, 0x00,
  0x00, 0x00, 0x00, 0x00, 0x00, 0x00, 0x00, 0x00, 0x1b, 0x1d, 0x00, 0x00,
  0x00, 0x00, 0x00, 0x19, 0x00, 0x00, 0x00, 0x00, 0x00, 0x00, 0x00, 0x00,
  0x00, 0x00, 0x00, 0x00, 0x00, 0x00, 0x00, 0x00, 0x00, 0x00, 0x00, 0x00,
  0x00, 0x00, 0x00, 0x00, 0x00, 0x00, 0x00, 0x00, 0x00, 0x00, 0x00, 0x00,
  0x00, 0x00, 0x00, 0x00, 0x00, 0x00, 0x1d, 0x00, 0x00, 0x00, 0x00, 0x00,
  0x00, 0x17, 0x00, 0x1f, 0x00, 0x00, 0x00, 0x00, 0x18, 0x00, 0x00, 0x17,
  0x00, 0x00, 0x00, 0x00, 0x00, 0x00, 0x00, 0x00, 0x00, 0x00, 0x00, 0x00,
  0x00, 0x00, 0x00, 0x00, 0x00, 0x00, 0x23, 0x00, 0x00, 0x1f, 0x00, 0x00,
  0x00, 0x00, 0x00, 0x00, 0x00, 0x00, 0x00, 0x00, 0x00, 0x00, 0x00, 0x00,
  0x00, 0x00, 0xea, 0x20, 0x00, 0x00, 0x00, 0x00, 0x00, 0x21, 0x00, 0x1a,
  0x00, 0x00, 0x00, 0x00, 0x00, 0x00, 0x24, 0x1e, 0x00, 0x00, 0x00, 0x00,
  0x00, 0x00, 0x00, 0x00, 0x00, 0x00, 0x1a, 0x00, 0x1d, 0x00, 0x00, 0x19,
  0x00, 0x00, 0x00, 0x00, 0x00, 0x00, 0x00, 0x00, 0x00, 0x00, 0x25, 0x00,
  0x00, 0x00, 0x00, 0x17, 0x1b, 0x00, 0x00, 0x00, 0x00, 0x00, 0x00, 0x00,
  0x00, 0x00, 0x00, 0x00, 0x00, 0x00, 0x00, 0x1c, 0x00, 0x00, 0x1f, 0x00,
  0x1e, 0x00, 0x00, 0x1f, 0x20, 0x00, 0x21, 0x00, 0x00, 0x00, 0x16, 0x00,
  0x00, 0x00, 0x00, 0x00, 0x00, 0x00, 0x00, 0x00, 0x16, 0x17, 0x00, 0x00,
  0x00, 0x00, 0x00, 0x00, 0x00, 0x00, 0x22, 0x00, 0x00, 0x1f, 0x00, 0x00,
  0x00, 0x00, 0x00, 0x1f, 0x00, 0x17, 0x00, 0x16, 0x00, 0x00, 0x17, 0x19,
  0x00, 0x00, 0x00, 0x00, 0x00, 0x00, 0x1a, 0x00, 0x00, 0x00, 0x16, 0x00,
  0x00, 0x00, 0x00, 0x00, 0x00, 0x00, 0x00, 0x00, 0x00, 0x00, 0x00, 0x00,
  0x23, 0x00, 0x00, 0x00, 0x00, 0x00, 0x20, 0x00, 0x00, 0x20, 0x00, 0x00,
  0x00, 0x17, 0x1e, 0x1e, 0x00, 0x00, 0x00, 0x00, 0x00, 0x20, 0x17, 0x00,
  0x1a, 0x00, 0x00, 0x00, 0x1d, 0x00, 0x24, 0x00, 0x00, 0x00, 0x1d, 0x00,
  0x1d, 0x00, 0x00, 0x00, 0x00, 0x00, 0x00, 0x1e, 0x00, 0x00, 0x1b, 0x00,
  0x00, 0x00, 0x00, 0x1f, 0x00, 0x00, 0x00, 0x16, 0x00, 0x00, 0x00, 0x00,
  0x00, 0x1b, 0x00, 0x00, 0x00, 0x00, 0x00, 0x1b, 0x00, 0x20, 0x00, 0x00,
  0x00, 0x00, 0x00, 0x00, 0x00, 0x19, 0x1a, 0x00, 0x00, 0x00, 0x00, 0x00,
  0x00, 0x16, 0x16, 0x1b, 0x00, 0x00, 0x00, 0x17, 0x00, 0x17, 0x1a, 0x00,
  0x20, 0x00, 0x00, 0x00, 0x00, 0x00, 0x00, 0x00, 0x00, 0x00, 0x16, 0x00,
  0x00, 0x00, 0xe8, 0x21, 0x2b, 0x00, 0x00, 0x1d, 0x17, 0x18, 0x00, 0x00,
  0x20, 0x00, 0x00, 0x00, 0x1e, 0x00, 0x00, 0x00, 0x00, 0x00, 0x1c, 0x18,
  0x22, 0x00, 0x00, 0x00, 0x00, 0x00, 0x00, 0x00, 0x00, 0x1d, 0x00, 0x1c,
  0x00, 0x00, 0x00, 0x00, 0x00, 0x00, 0x00, 0x00, 0x00, 0x00, 0x00, 0x1c,
  0x00, 0x00, 0x18, 0x00, 0x00, 0x00, 0x00, 0x00, 0x00, 0x00, 0x00, 0x00,
  0x22, 0x00, 0x00, 0x00, 0x00, 0x00, 0x00, 0x00, 0x00, 0x1f, 0x00, 0x00,
  0x23, 0x00, 0x00, 0x00, 0x00, 0x00, 0x00, 0x00, 0x00, 0x21, 0x00, 0x00,
  0x00, 0x00, 0x1b, 0x00, 0x00, 0x00, 0x00, 0x00, 0x00, 0x20, 0x00, 0x17,
  0x00, 0x1e, 0x00, 0x00, 0x00, 0x00, 0x00, 0x00, 0x00, 0x00, 0x00, 0x00,
  0x00, 0x00, 0x00, 0x00, 0x00, 0x03, 0x00, 0x00, 0x00, 0x00, 0x00, 0x00,
  0x00, 0x00, 0x00, 0x00, 0x00, 0xce, 0x0d, 0x00, 0x00, 0xde, 0xd1, 0xcd,
  0x00, 0x00, 0x32, 0x00, 0x00, 0x00, 0x00, 0x00, 0x38, 0x00, 0x00, 0x00,
  0x00, 0x00, 0x00, 0x00, 0x00, 0xaf, 0x00, 0x00, 0x00, 0x00, 0xde, 0xc3,
  0x00, 0x00, 0x00, 0x00, 0xd1, 0x00, 0x00, 0xc8, 0x29, 0x00, 0xdd, 0x00,
  0x00, 0x00, 0x34, 0x00, 0xe7, 0x00, 0x00, 0xc4, 0x00, 0x00, 0x00, 0x00,
  0x00, 0x00, 0x00, 0x00, 0xe9, 0x00, 0x00, 0x00, 0x00, 0x00, 0x00, 0x00,
  0x00, 0x00, 0x00, 0x00, 0x00, 0xca, 0x00, 0x00, 0x00, 0x00, 0x00, 0x00,
  0x00, 0x00, 0x00, 0x00, 0xe5, 0x00, 0x00, 0x00, 0x2e, 0x00, 0x00, 0x00,
  0x00, 0x00, 0x00, 0x00, 0x00, 0x00, 0x00, 0x00, 0x00, 0x00, 0x00, 0x07,
  0x00, 0x00, 0x2c, 0x00, 0xe8, 0x00, 0x00, 0x00, 0x00, 0x00, 0xda, 0x05,
  0x00, 0x00, 0x22, 0x00, 0x00, 0x00, 0x00, 0x00, 0x00, 0x00, 0xd5, 0x02,
  0x00, 0x00, 0x00, 0x00, 0xe5, 0x00, 0x00, 0x00, 0x31, 0x00, 0xd0, 0x00,
  0x00, 0x00, 0x00, 0x00, 0x00, 0x00, 0x00, 0x00, 0x00, 0x00, 0x00, 0x0a,
  0x00, 0xcf, 0x00, 0x00, 0x00, 0x00, 0x00, 0xbe, 0x00, 0x00, 0x00, 0x00,
  0x00, 0xbd, 0x00, 0x00, 0x00, 0x00, 0x00, 0xca, 0x00, 0x00, 0x00, 0x02,
  0x00, 0xc3, 0x00, 0x00, 0x00, 0x06, 0x00, 0x00, 0x00, 0x00, 0x00, 0x13,
  0x00, 0x00, 0x00, 0x00, 0x00, 0x21, 0x00, 0xc9, 0x00, 0x00, 0x00, 0x1d,
  0x00, 0xca, 0x00, 0x00, 0x00, 0x00, 0x00, 0xca, 0x00, 0x00, 0x00, 0x00,
  0x00, 0x00, 0x18, 0x00, 0x00, 0xcc, 0x00, 0x00, 0x00, 0xd5, 0x00, 0x00,
  0x00, 0x00, 0x00, 0x00, 0x00, 0xcf, 0x00, 0xc5, 0x00, 0xd8, 0x0b, 0x00,
  0x11, 0x00, 0x00, 0x00, 0x00, 0x00, 0x00, 0xc7, 0x33, 0x00, 0x01, 0x00,
  0x00, 0xc9, 0x00, 0x00, 0xf9, 0x00, 0x00, 0x00, 0x3f, 0x0c, 0x00, 0x00,
  0x19, 0xc1, 0x26, 0x00, 0x00, 0xca, 0x00, 0x00, 0x00, 0x00, 0x00, 0x00,
  0x00, 0xbb, 0x00, 0x00, 0x00, 0x00, 0x00, 0x00, 0x00, 0x00, 0x00, 0x00,
  0x00, 0xbb, 0x00, 0x00, 0x00, 0x00, 0x00, 0x00, 0x00, 0x00, 0xcd, 0x00,
  0x00, 0xb9, 0x00, 0x00, 0xcb, 0x00, 0x00, 0x00, 0x43, 0x00, 0xd8, 0x00,
  0x1a, 0x00, 0x00, 0x00, 0xd4, 0x16, 0x15, 0x00, 0x00, 0x00, 0xe0, 0x04,
  0x1b, 0xf2, 0x00, 0x00, 0xdb, 0x00, 0x00, 0x00, 0x00, 0x00, 0xd7, 0x00,
  0x00, 0x00, 0x00, 0x00, 0x00, 0x00, 0x00, 0xf2, 0x00, 0x00, 0x00, 0x00,
  0x00, 0xfb, 0x00, 0x00, 0x00, 0x00, 0x00, 0xf5, 0x3e, 0x00, 0x00, 0x00,
  0x00, 0x00, 0x00, 0x00, 0x00, 0x00, 0x00, 0x00, 0x00, 0x00, 0x00, 0x00,
  0x00, 0x00, 0x00, 0xd7, 0x0b, 0x0f, 0x00, 0xb7, 0x00, 0xd5, 0x0d, 0x00,
  0x00, 0x00, 0x00, 0x00, 0x00, 0x00, 0x00, 0x00, 0x00, 0x00, 0x00, 0x00,
  0x00, 0xaf, 0x00, 0x00, 0x00, 0x00, 0x00, 0x00, 0x00, 0x00, 0x00, 0x00,
  0x00, 0x00, 0x00, 0x00, 0x22, 0x00, 0xef, 0x00, 0x00, 0x00, 0x2c, 0x00,
  0xed, 0x00, 0x00, 0x00, 0x00, 0x00, 0x00, 0x00, 0x00, 0x00, 0x27, 0x00,
  0x00, 0x00, 0x00, 0x00, 0x21, 0x14, 0x00, 0xa6, 0x00, 0x00, 0x33, 0x00,
  0x00, 0x00, 0x27, 0x00, 0x16, 0x0c, 0x00, 0x00, 0x00, 0xdb, 0x12, 0x00,
  0x00, 0xa9, 0x00, 0x00, 0x0d, 0x00, 0x00, 0xab, 0x00, 0x00, 0x04, 0x00,
  0x00, 0xaa, 0x00, 0x00, 0x07, 0x00, 0x00, 0x00, 0x35, 0x00, 0x00, 0xd7,
  0x00, 0x00, 0x00, 0x00, 0x00, 0xd2, 0x00, 0x00, 0x00, 0x00, 0x00, 0x00,
  0x00, 0x00, 0x00, 0x00, 0x00, 0xcc, 0x00, 0xda, 0x00, 0x00, 0x00, 0x00,
  0x00, 0x00, 0x00, 0xed, 0x00, 0x00, 0x00, 0x00, 0x00, 0x00, 0x00, 0x00,
  0x00, 0xa6, 0x00, 0xe6, 0x00, 0x0b, 0x00, 0x00, 0x00, 0xd8, 0x00, 0x00,
  0x00, 0x00, 0x31, 0xd8, 0xc7, 0x00, 0x00, 0x00, 0x46, 0x00, 0x00, 0x00,
  0x00, 0x00, 0x39, 0xdd, 0xbe, 0x00, 0x00, 0x00, 0x31, 0xe3, 0x00, 0x00,
  0x00, 0x00, 0x00, 0x00, 0x00, 0x00, 0x00, 0xee, 0x00, 0x00, 0x00, 0x06,
  0x00, 0x00, 0x00, 0x00, 0x00, 0x09, 0x00, 0xe9, 0x00, 0x00, 0x00, 0x00,
  0x00, 0x00, 0x00, 0x00, 0x00, 0x00, 0x00, 0x00, 0x00, 0x00, 0x00, 0x07,
  0x00, 0xb2, 0x00, 0x19, 0x00, 0x0c, 0x00, 0xb2, 0x00, 0x1c, 0x00, 0x0f,
  0xe6, 0xae, 0x00, 0x1c, 0x00, 0x06, 0x00, 0x00, 0x00, 0x00, 0x00, 0x0b,
  0x00, 0xbb, 0x00, 0x00, 0x07, 0x05, 0x00, 0x00, 0x00, 0x00, 0x00, 0x08,
  0xed, 0x00, 0x00, 0x00, 0x00, 0x0e, 0x00, 0xf2, 0x00, 0x00, 0x00, 0x00,
  0xf2, 0x00, 0x00, 0xe2, 0x00, 0x00, 0x00, 0x00, 0x00, 0xe8, 0x00, 0x0b,
  0x00, 0x00, 0x00, 0x00, 0x00, 0x0a, 0x00, 0x00, 0x00, 0x00, 0x00, 0x00,
  0x00, 0x00, 0x2e, 0x00, 0x00, 0x00, 0x00, 0x00, 0x00, 0x00, 0x00, 0x0f,
  0x00, 0x00, 0x00, 0xd3, 0x00, 0x00, 0x00, 0xc3, 0x00, 0xd1, 0x00, 0x2d,
  0x00, 0x00, 0x00, 0x00, 0x00, 0x11, 0x00, 0x00, 0x00, 0xcf, 0xdd, 0x19,
  0xe7, 0x00, 0x00, 0x00, 0x00, 0x00, 0xe0, 0x00, 0x00, 0xde, 0x00, 0x00,
  0x00, 0x00, 0x00, 0xde, 0x00, 0x00, 0x00, 0x00, 0x00, 0x00, 0x00, 0x00,
  0xe8, 0x00, 0x00, 0xdf, 0x00, 0x00, 0x00, 0x00, 0x00, 0x00, 0x00, 0x00,
  0x00, 0x00, 0x45, 0x00, 0xe0, 0x00, 0xf6, 0x00, 0x00, 0xdd, 0xee, 0x15,
  0x00, 0x00, 0x00, 0x00, 0x00, 0x00, 0xeb, 0x00, 0x38, 0x00, 0x00, 0x00,
  0x00, 0x00, 0x06, 0x00, 0xfc, 0x00, 0x00, 0x00, 0x00, 0x00, 0xfb, 0x00,
  0x00, 0x00, 0x00, 0x00, 0x00, 0x00, 0xee, 0x00, 0x00, 0x00, 0x00, 0x00,
  0x00, 0x00, 0x00, 0x00, 0x00, 0xe4, 0x00, 0xbb, 0x00, 0x00, 0x00, 0x00,
  0x00, 0x00, 0xed, 0x00, 0x00, 0x15, 0x00, 0x00, 0x00, 0x00, 0x00, 0x20,
  0x00, 0x00, 0x00, 0x00, 0x00, 0x13, 0x00, 0xc0, 0xef, 0x00, 0x2e, 0x00,
  0x00, 0xbf, 0x00, 0x00, 0x00, 0x00, 0x00, 0xbe, 0x00, 0x00, 0x00, 0x15,
  0x00, 0xc8, 0x00, 0xd2, 0x00, 0x00, 0x00, 0xcd, 0x3f, 0xc5, 0x00, 0x00,
  0x00, 0xc5, 0x00, 0xd0, 0x00, 0x1c, 0x00, 0x00, 0x00, 0xc8, 0x00, 0x00,
  0xf0, 0x00, 0x00, 0xc8, 0x00, 0x00, 0x00, 0x10, 0x00, 0x00, 0x00, 0x00,
  0x00, 0x00, 0x00, 0xc4, 0x00, 0x00, 0x00, 0x00, 0x00, 0xd3, 0x00, 0x0e,
  0xe9, 0x0f, 0x00, 0x00, 0x00, 0x00, 0x00, 0x19, 0x00, 0x00, 0x00, 0x00,
  0x00, 0x00, 0x00, 0x00, 0x00, 0x00, 0x00, 0x22, 0x00, 0x00, 0x00, 0x00,
  0x00, 0x00, 0x00, 0x00, 0x08, 0x1b, 0x00, 0x00, 0x00, 0x00, 0x00, 0x2a,
  0x00, 0x0a, 0x00, 0x00, 0x00, 0x00, 0xed, 0x00, 0x1c, 0x00, 0x00, 0x00,
  0x00, 0x00, 0x00, 0xda, 0x00, 0x00, 0xee, 0x00, 0x00, 0x00, 0x00, 0x00,
  0xde, 0x00, 0x00, 0xca, 0x00, 0x00, 0x00, 0x00, 0x00, 0x00, 0x00, 0x00,
  0xe2, 0xc0, 0x23, 0x00, 0xed, 0x00, 0x00, 0x00, 0x00, 0x00, 0x00, 0x00,
  0x00, 0x00, 0x36, 0x00, 0x00, 0x00, 0x00, 0x00, 0x00, 0xd7, 0x03, 0x00,
  0x00, 0x00, 0xf5, 0x00, 0x3b, 0x00, 0x00, 0x00, 0x00, 0xd5, 0x43, 0x00,
  0x00, 0xae, 0x00, 0xcb, 0x38, 0x00, 0x00, 0x00, 0xf8, 0x00, 0x32, 0x20,
  0x00, 0xa4, 0x00, 0x00, 0xfc, 0x00, 0x00, 0x00, 0x00, 0x00, 0x00, 0x20,
  0x00, 0x00, 0x00, 0x00, 0x00, 0x00, 0x00, 0x00, 0x00, 0x00, 0x00, 0x00,
  0x00, 0x00, 0x00, 0x00, 0x00, 0x00, 0x00, 0x00, 0x00, 0x00, 0x00, 0x00,
  0x00, 0xaa, 0x00, 0x00, 0xe7, 0x00, 0x00, 0x00, 0x00, 0x00, 0x00, 0x00,
  0x00, 0x00, 0x00, 0x1b, 0xbe, 0x00, 0x00, 0x00, 0x00, 0x00, 0x00, 0x00,
  0x00, 0x00, 0x00, 0x11, 0x00, 0x00, 0x00, 0xea, 0x00, 0x00, 0x00, 0x00,
  0xee, 0x00, 0x00, 0x00, 0x00, 0x00, 0xe5, 0xea, 0x00, 0x00, 0x0c, 0x0a,
  0x00, 0xf2, 0x00, 0x00, 0x00, 0x00, 0x00, 0xf9, 0x00, 0x00, 0x00, 0x00,
  0x00, 0x00, 0x00, 0xe1, 0x00, 0x00, 0x00, 0x00, 0x00, 0xdb, 0x00, 0x00,
  0x00, 0x00, 0x00, 0xd3, 0x00, 0x00, 0x00, 0x00, 0x00, 0xdd, 0x00, 0x00,
  0x00, 0x00, 0x00, 0xdb, 0x00, 0x00, 0x00, 0x00, 0x00, 0x00, 0x00, 0x00,
  0x00, 0x00, 0x00, 0x00, 0x00, 0x00, 0x00, 0x00, 0x00, 0x00, 0x00, 0x00,
  0x00, 0x00, 0x00, 0x00, 0x00, 0x00, 0x00, 0x00, 0x00, 0x00, 0x00, 0x00,
  0x00, 0x00, 0x00, 0x00, 0x00, 0xd7, 0x00, 0x00, 0x00, 0x00, 0x00, 0xd5,
  0xe7, 0x00, 0x00, 0x00, 0x00, 0x00, 0xe3, 0x00, 0x00, 0x00, 0x00, 0x00,
  0x00, 0x00, 0x00, 0x00, 0x1e, 0x00, 0x00, 0x00, 0x00, 0x00, 0x00, 0x00,
  0x00, 0x2c, 0x00, 0x00, 0xec, 0x00, 0x00, 0x00, 0xf1, 0x00, 0x00, 0x00,
  0x00, 0x00, 0x00, 0x00, 0x00, 0x41, 0x00, 0x00, 0x00, 0x00, 0x00, 0x00,
  0x00, 0x00, 0x25, 0x00, 0x00, 0x42, 0x00, 0x00, 0x00, 0x00, 0x00, 0x49,
  0x00, 0x00, 0x00, 0x00, 0x00, 0x00, 0xca, 0x00, 0x00, 0x00, 0x00, 0x00,
  0x00, 0x25, 0x00, 0x00, 0x00, 0x46, 0x00, 0x26, 0x00, 0x00, 0x00, 0x3f,
  0x00, 0x00, 0x00, 0x00, 0x00, 0x00, 0x00, 0x1d, 0x00, 0x00, 0x00, 0x00,
  0xc9, 0x00, 0x03, 0x00, 0x11, 0x00, 0x00, 0x00, 0x00, 0x00, 0x00, 0x00,
  0xc6, 0x23, 0x00, 0x00, 0x00, 0x00, 0x00, 0x00, 0x00, 0x00, 0x00, 0x00,
  0x00, 0x00, 0x00, 0x00, 0x00, 0x00, 0x00, 0x00, 0x00, 0x00, 0x00, 0x00,
  0x00, 0x27, 0x00, 0x00, 0x00, 0x00, 0x00, 0x00, 0x00, 0x00, 0x00, 0x00,
  0x00, 0x00, 0xf3, 0x00, 0x00, 0x00, 0x00, 0x00, 0x00, 0x00, 0xeb, 0x00,
  0xcf, 0x00, 0xf5, 0x00, 0x00, 0x3d, 0x00, 0x00, 0x00, 0x00, 0x00, 0x00,
  0x00, 0x00, 0xf4, 0x00, 0x00, 0x00, 0x00, 0x31, 0x00, 0x00, 0x00, 0x38,
  0x00, 0x00, 0x00, 0x00, 0x00, 0x00, 0x00, 0x00, 0x00, 0x00, 0x00, 0x00,
  0x00, 0x00, 0x00, 0xcf, 0x00, 0x3e, 0x00, 0x2c, 0x00, 0x00, 0xe1, 0x00,
  0x00, 0x00, 0x00, 0x00, 0x00, 0x00, 0xd4, 0x00, 0x00, 0x00, 0x00, 0x00,
  0x00, 0x00, 0x00, 0x00, 0x00, 0x00, 0x00, 0x18, 0xf7, 0x00, 0x00, 0x00,
  0x00, 0x00, 0x00, 0x00, 0x00, 0x00, 0x00, 0x00, 0x00, 0x00, 0x00, 0x00,
  0x00, 0x0a, 0x00, 0x00, 0x00, 0x00, 0x00, 0x18, 0x00, 0x00, 0x00, 0x00,
  0x00, 0x00, 0x00, 0x00, 0x00, 0x44, 0x00, 0x00, 0x00, 0x00, 0x00, 0x00,
  0x00, 0x00, 0x00, 0x00, 0x00, 0x00, 0x00, 0x00, 0x00, 0x00, 0x00, 0x00,
  0x00, 0x00, 0xfb, 0x00, 0x00, 0x00, 0x00, 0x0f, 0x00, 0x00, 0x00, 0x00,
  0x00, 0x00, 0x00, 0x00, 0x00, 0x47, 0x00, 0x00, 0x00, 0x00, 0x00, 0x00,
  0x00, 0x00, 0x08, 0x00, 0xd3, 0x3b, 0xd2, 0x00, 0x00, 0x00, 0x00, 0x00,
  0x00, 0x00, 0x00, 0x00, 0x00, 0x39, 0x00, 0x00, 0x00, 0xd8, 0x00, 0x00,
  0x00, 0x0f, 0x00, 0x00, 0x0d, 0x43, 0xd3, 0x00, 0x00, 0x00, 0x00, 0x3a,
  0x00, 0x00, 0x00, 0x00, 0x00, 0x00, 0x00, 0x0f, 0x00, 0x00, 0x00, 0x00,
  0xd8, 0x00, 0x24, 0x00, 0x00, 0x00, 0x00, 0x00, 0x00, 0x00, 0x09, 0x00,
  0x00, 0x1c, 0x00, 0x00, 0x00, 0x00, 0x00, 0x12, 0x00, 0x00, 0x00, 0x00,
  0x00, 0x00, 0x00, 0xcd, 0x00, 0x00, 0x00, 0x00, 0x00, 0x00, 0x00, 0x00,
  0x00, 0x1f, 0x00, 0x00, 0x00, 0x36, 0x00, 0x00, 0x00, 0x00, 0x00, 0x00,
  0x00, 0x00, 0x00, 0x00, 0x00, 0x00, 0x00, 0x2a, 0x00, 0x00, 0x00, 0x00,
  0x00, 0x2d, 0x00, 0x00, 0x13, 0x00, 0x00, 0x00, 0x00, 0x00, 0x00, 0x00,
  0x00, 0x00, 0x00, 0x00, 0x00, 0x00, 0x00, 0x2f, 0x00, 0x00, 0x00, 0x00,
  0x00, 0x30, 0x00, 0x00, 0x00, 0x00, 0x00, 0x00, 0x00, 0x00, 0x00, 0x00,
  0x00, 0x34, 0x00, 0x00, 0x00, 0x00, 0x00, 0x00, 0x00, 0x00, 0x00, 0x00,
  0x00, 0x28, 0x00, 0x00, 0x00, 0x00, 0x00, 0x00, 0x00, 0x00, 0x27, 0x00,
  0xc5, 0x00, 0x00, 0x00, 0x00, 0x3e, 0x00, 0x00, 0x00, 0x00, 0x00, 0x00,
  0x00, 0x00, 0x00, 0x00, 0x00, 0x00, 0x00, 0x22, 0x00, 0x00, 0x00, 0x00,
  0x00, 0x00, 0x00, 0x00, 0x00, 0x42, 0xbb, 0x00, 0x00, 0x00, 0x00, 0x00,
  0x00, 0x00, 0x00, 0x00, 0x00, 0x00, 0x00, 0x30, 0x00, 0x00, 0x00, 0x00,
  0x00, 0x00, 0x00, 0x00, 0x00, 0x00, 0x00, 0x38, 0x00, 0xc4, 0xea, 0x00,
  0x00, 0x00, 0x00, 0x00, 0x00, 0x3a, 0x00, 0x2b, 0x00, 0x00, 0x00, 0x00,
  0x00, 0x00, 0x00, 0x00, 0x00, 0x00, 0x00, 0x34, 0x00, 0x00, 0xfb, 0x00,
  0x00, 0x00, 0xfb, 0x00, 0x00, 0x31, 0x00, 0x00, 0x00, 0x00, 0x00, 0x00,
  0x00, 0x00, 0x00, 0x00, 0x00, 0x00, 0xc1, 0x00, 0x00, 0x00, 0x00, 0x00,
  0xc6, 0x31, 0x00, 0x00, 0x00, 0x00, 0x00, 0x2e, 0x00, 0x00, 0x00, 0x00,
  0x00, 0x00, 0x00, 0x00, 0x00, 0x00, 0xcb, 0x27, 0xf6, 0x00, 0xe4, 0x00,
  0x00, 0x00, 0x00, 0x00, 0x00, 0x00, 0x00, 0x00, 0x00, 0x00, 0x00, 0x00,
  0x00, 0x00, 0x00, 0x00, 0x00, 0x00, 0x00, 0x00, 0xc0, 0xfe, 0xff, 0xff,
  0xc4, 0xfe, 0xff, 0xff, 0x0f, 0x00, 0x00, 0x00, 0x4d, 0x4c, 0x49, 0x52,
  0x20, 0x43, 0x6f, 0x6e, 0x76, 0x65, 0x72, 0x74, 0x65, 0x64, 0x2e, 0x00,
  0x01, 0x00, 0x00, 0x00, 0x14, 0x00, 0x00, 0x00, 0x00, 0x00, 0x0e, 0x00,
  0x18, 0x00, 0x14, 0x00, 0x10, 0x00, 0x0c, 0x00, 0x08, 0x00, 0x04, 0x00,
  0x0e, 0x00, 0x00, 0x00, 0x14, 0x00, 0x00, 0x00, 0x1c, 0x00, 0x00, 0x00,
  0x6c, 0x01, 0x00, 0x00, 0x70, 0x01, 0x00, 0x00, 0x74, 0x01, 0x00, 0x00,
  0x04, 0x00, 0x00, 0x00, 0x6d, 0x61, 0x69, 0x6e, 0x00, 0x00, 0x00, 0x00,
  0x05, 0x00, 0x00, 0x00, 0x14, 0x01, 0x00, 0x00, 0xcc, 0x00, 0x00, 0x00,
  0x84, 0x00, 0x00, 0x00, 0x50, 0x00, 0x00, 0x00, 0x14, 0x00, 0x00, 0x00,
  0x00, 0x00, 0x0e, 0x00, 0x1a, 0x00, 0x14, 0x00, 0x10, 0x00, 0x0c, 0x00,
  0x0b, 0x00, 0x04, 0x00, 0x0e, 0x00, 0x00, 0x00, 0x1c, 0x00, 0x00, 0x00,
  0x00, 0x00, 0x00, 0x09, 0x1c, 0x00, 0x00, 0x00, 0x20, 0x00, 0x00, 0x00,
  0x01, 0x00, 0x00, 0x00, 0x00, 0x00, 0x06, 0x00, 0x08, 0x00, 0x04, 0x00,
  0x06, 0x00, 0x00, 0x00, 0x00, 0x00, 0x80, 0x3f, 0x01, 0x00, 0x00, 0x00,
  0x0d, 0x00, 0x00, 0x00, 0x01, 0x00, 0x00, 0x00, 0x0c, 0x00, 0x00, 0x00,
  0x9a, 0xff, 0xff, 0xff, 0x10, 0x00, 0x00, 0x00, 0x00, 0x00, 0x00, 0x08,
  0x0c, 0x00, 0x00, 0x00, 0x10, 0x00, 0x00, 0x00, 0x8c, 0xff, 0xff, 0xff,
  0x01, 0x00, 0x00, 0x00, 0x0c, 0x00, 0x00, 0x00, 0x03, 0x00, 0x00, 0x00,
  0x09, 0x00, 0x00, 0x00, 0x0a, 0x00, 0x00, 0x00, 0x0b, 0x00, 0x00, 0x00,
  0xca, 0xff, 0xff, 0xff, 0x10, 0x00, 0x00, 0x00, 0x00, 0x00, 0x00, 0x08,
  0x10, 0x00, 0x00, 0x00, 0x14, 0x00, 0x00, 0x00, 0x76, 0xff, 0xff, 0xff,
  0x00, 0x00, 0x00, 0x01, 0x01, 0x00, 0x00, 0x00, 0x09, 0x00, 0x00, 0x00,
  0x03, 0x00, 0x00, 0x00, 0x06, 0x00, 0x00, 0x00, 0x07, 0x00, 0x00, 0x00,
  0x08, 0x00, 0x00, 0x00, 0x00, 0x00, 0x0e, 0x00, 0x14, 0x00, 0x00, 0x00,
  0x10, 0x00, 0x0c, 0x00, 0x0b, 0x00, 0x04, 0x00, 0x0e, 0x00, 0x00, 0x00,
  0x14, 0x00, 0x00, 0x00, 0x00, 0x00, 0x00, 0x08, 0x10, 0x00, 0x00, 0x00,
  0x14, 0x00, 0x00, 0x00, 0x04, 0x00, 0x04, 0x00, 0x04, 0x00, 0x00, 0x00,
  0x01, 0x00, 0x00, 0x00, 0x06, 0x00, 0x00, 0x00, 0x03, 0x00, 0x00, 0x00,
  0x03, 0x00, 0x00, 0x00, 0x04, 0x00, 0x00, 0x00, 0x05, 0x00, 0x00, 0x00,
  0x00, 0x00, 0x0e, 0x00, 0x16, 0x00, 0x00, 0x00, 0x10, 0x00, 0x0c, 0x00,
  0x0b, 0x00, 0x04, 0x00, 0x0e, 0x00, 0x00, 0x00, 0x18, 0x00, 0x00, 0x00,
  0x00, 0x00, 0x00, 0x08, 0x18, 0x00, 0x00, 0x00, 0x1c, 0x00, 0x00, 0x00,
  0x00, 0x00, 0x06, 0x00, 0x08, 0x00, 0x07, 0x00, 0x06, 0x00, 0x00, 0x00,
  0x00, 0x00, 0x00, 0x01, 0x01, 0x00, 0x00, 0x00, 0x03, 0x00, 0x00, 0x00,
  0x03, 0x00, 0x00, 0x00, 0x00, 0x00, 0x00, 0x00, 0x01, 0x00, 0x00, 0x00,
  0x02, 0x00, 0x00, 0x00, 0x01, 0x00, 0x00, 0x00, 0x0d, 0x00, 0x00, 0x00,
  0x01, 0x00, 0x00, 0x00, 0x00, 0x00, 0x00, 0x00, 0x0e, 0x00, 0x00, 0x00,
  0xdc, 0x09, 0x00, 0x00, 0xec, 0x08, 0x00, 0x00, 0x40, 0x08, 0x00, 0x00,
  0x44, 0x07, 0x00, 0x00, 0x78, 0x06, 0x00, 0x00, 0xec, 0x05, 0x00, 0x00,
  0x30, 0x05, 0x00, 0x00, 0x54, 0x04, 0x00, 0x00, 0xc0, 0x03, 0x00, 0x00,
  0xbc, 0x02, 0x00, 0x00, 0xe0, 0x01, 0x00, 0x00, 0x4c, 0x01, 0x00, 0x00,
  0x80, 0x00, 0x00, 0x00, 0x04, 0x00, 0x00, 0x00, 0x72, 0xf6, 0xff, 0xff,
  0x00, 0x00, 0x00, 0x01, 0x18, 0x00, 0x00, 0x00, 0x20, 0x00, 0x00, 0x00,
  0x3c, 0x00, 0x00, 0x00, 0x0e, 0x00, 0x00, 0x00, 0x00, 0x00, 0x00, 0x09,
  0x50, 0x00, 0x00, 0x00, 0x02, 0x00, 0x00, 0x00, 0xff, 0xff, 0xff, 0xff,
  0x0c, 0x00, 0x00, 0x00, 0x5c, 0xf6, 0xff, 0xff, 0x08, 0x00, 0x00, 0x00,
  0x10, 0x00, 0x00, 0x00, 0x01, 0x00, 0x00, 0x00, 0x80, 0xff, 0xff, 0xff,
  0xff, 0xff, 0xff, 0xff, 0x01, 0x00, 0x00, 0x00, 0x00, 0x00, 0x80, 0x3b,
  0x19, 0x00, 0x00, 0x00, 0x53, 0x74, 0x61, 0x74, 0x65, 0x66, 0x75, 0x6c,
  0x50, 0x61, 0x72, 0x74, 0x69, 0x74, 0x69, 0x6f, 0x6e, 0x65, 0x64, 0x43,
  0x61, 0x6c, 0x6c, 0x3a, 0x30, 0x00, 0x00, 0x00, 0x02, 0x00, 0x00, 0x00,
  0x01, 0x00, 0x00, 0x00, 0x0c, 0x00, 0x00, 0x00, 0xea, 0xf6, 0xff, 0xff,
  0x00, 0x00, 0x00, 0x01, 0x18, 0x00, 0x00, 0x00, 0x20, 0x00, 0x00, 0x00,
  0x40, 0x00, 0x00, 0x00, 0x0d, 0x00, 0x00, 0x00, 0x00, 0x00, 0x00, 0x09,
  0xa0, 0x00, 0x00, 0x00, 0x02, 0x00, 0x00, 0x00, 0xff, 0xff, 0xff, 0xff,
  0x0c, 0x00, 0x00, 0x00, 0xd4, 0xf6, 0xff, 0xff, 0x08, 0x00, 0x00, 0x00,
  0x14, 0x00, 0x00, 0x00, 0x01, 0x00, 0x00, 0x00, 0x36, 0x00, 0x00, 0x00,
  0x00, 0x00, 0x00, 0x00, 0x00, 0x00, 0x00, 0x00, 0x01, 0x00, 0x00, 0x00,
  0x4e, 0x52, 0xd3, 0x3d, 0x66, 0x00, 0x00, 0x00, 0x65, 0x6e, 0x63, 0x6f,
  0x64, 0x65, 0x72, 0x5f, 0x63, 0x6c, 0x66, 0x5f, 0x72, 0x61, 0x77, 0x5f,
  0x66, 0x6c, 0x61, 0x74, 0x2f, 0x71, 0x75, 0x61, 0x6e, 0x74, 0x5f, 0x61,
  0x63, 0x74, 0x69, 0x76, 0x69, 0x74, 0x79, 0x5f, 0x73, 0x6f, 0x66, 0x74,
  0x6d, 0x61, 0x78, 0x2f, 0x4d, 0x61, 0x74, 0x4d, 0x75, 0x6c, 0x3b, 0x65,
  0x6e, 0x63, 0x6f, 0x64, 0x65, 0x72, 0x5f, 0x63, 0x6c, 0x66, 0x5f, 0x72,
  0x61, 0x77, 0x5f, 0x66, 0x6c, 0x61, 0x74, 0x2f, 0x71, 0x75, 0x61, 0x6e,
  0x74, 0x5f, 0x61, 0x63, 0x74, 0x69, 0x76, 0x69, 0x74, 0x79, 0x5f, 0x73,
  0x6f, 0x66, 0x74, 0x6d, 0x61, 0x78, 0x2f, 0x42, 0x69, 0x61, 0x73, 0x41,
  0x64, 0x64, 0x00, 0x00, 0x02, 0x00, 0x00, 0x00, 0x01, 0x00, 0x00, 0x00,
  0x0c, 0x00, 0x00, 0x00, 0x9e, 0xf8, 0xff, 0xff, 0x00, 0x00, 0x00, 0x01,
  0x14, 0x00, 0x00, 0x00, 0x34, 0x00, 0x00, 0x00, 0x0c, 0x00, 0x00, 0x00,
  0x00, 0x00, 0x00, 0x02, 0x70, 0x00, 0x00, 0x00, 0x8c, 0xf7, 0xff, 0xff,
  0x08, 0x00, 0x00, 0x00, 0x14, 0x00, 0x00, 0x00, 0x01, 0x00, 0x00, 0x00,
  0x00, 0x00, 0x00, 0x00, 0x00, 0x00, 0x00, 0x00, 0x00, 0x00, 0x00, 0x00,
  0x01, 0x00, 0x00, 0x00, 0x83, 0x8b, 0xbd, 0x3a, 0x42, 0x00, 0x00, 0x00,
  0x65, 0x6e, 0x63, 0x6f, 0x64, 0x65, 0x72, 0x5f, 0x63, 0x6c, 0x66, 0x5f,
  0x72, 0x61, 0x77, 0x5f, 0x66, 0x6c, 0x61, 0x74, 0x2f, 0x71, 0x75, 0x61,
  0x6e, 0x74, 0x5f, 0x61, 0x63, 0x74, 0x69, 0x76, 0x69, 0x74, 0x79, 0x5f,
  0x73, 0x6f, 0x66, 0x74, 0x6d, 0x61, 0x78, 0x2f, 0x42, 0x69, 0x61, 0x73,
  0x41, 0x64, 0x64, 0x2f, 0x52, 0x65, 0x61, 0x64, 0x56, 0x61, 0x72, 0x69,
  0x61, 0x62, 0x6c, 0x65, 0x4f, 0x70, 0x00, 0x00, 0x01, 0x00, 0x00, 0x00,
  0x0c, 0x00, 0x00, 0x00, 0x2e, 0xf9, 0xff, 0xff, 0x00, 0x00, 0x00, 0x01,
  0x14, 0x00, 0x00, 0x00, 0x34, 0x00, 0x00, 0x00, 0x0b, 0x00, 0x00, 0x00,
  0x00, 0x00, 0x00, 0x09, 0xb4, 0x00, 0x00, 0x00, 0x1c, 0xf8, 0xff, 0xff,
  0x08, 0x00, 0x00, 0x00, 0x14, 0x00, 0x00, 0x00, 0x01, 0x00, 0x00, 0x00,
  0x00, 0x00, 0x00, 0x00, 0x00, 0x00, 0x00, 0x00, 0x00, 0x00, 0x00, 0x00,
  0x01, 0x00, 0x00, 0x00, 0xe1, 0xb0, 0xbe, 0x3c, 0x85, 0x00, 0x00, 0x00,
  0x65, 0x6e, 0x63, 0x6f, 0x64, 0x65, 0x72, 0x5f, 0x63, 0x6c, 0x66, 0x5f,
  0x72, 0x61, 0x77, 0x5f, 0x66, 0x6c, 0x61, 0x74, 0x2f, 0x71, 0x75, 0x61,
  0x6e, 0x74, 0x5f, 0x61, 0x63, 0x74, 0x69, 0x76, 0x69, 0x74, 0x79, 0x5f,
  0x73, 0x6f, 0x66, 0x74, 0x6d, 0x61, 0x78, 0x2f, 0x4d, 0x61, 0x74, 0x4d,
  0x75, 0x6c, 0x3b, 0x65, 0x6e, 0x63, 0x6f, 0x64, 0x65, 0x72, 0x5f, 0x63,
  0x6c, 0x66, 0x5f, 0x72, 0x61, 0x77, 0x5f, 0x66, 0x6c, 0x61, 0x74, 0x2f,
  0x71, 0x75, 0x61, 0x6e, 0x74, 0x5f, 0x61, 0x63, 0x74, 0x69, 0x76, 0x69,
  0x74, 0x79, 0x5f, 0x73, 0x6f, 0x66, 0x74, 0x6d, 0x61, 0x78, 0x2f, 0x4c,
  0x61, 0x73, 0x74, 0x56, 0x61, 0x6c, 0x75, 0x65, 0x51, 0x75, 0x61, 0x6e,
  0x74, 0x2f, 0x46, 0x61, 0x6b, 0x65, 0x51, 0x75, 0x61, 0x6e, 0x74, 0x57,
  0x69, 0x74, 0x68, 0x4d, 0x69, 0x6e, 0x4d, 0x61, 0x78, 0x56, 0x61, 0x72,
  0x73, 0x00, 0x00, 0x00, 0x02, 0x00, 0x00, 0x00, 0x0c, 0x00, 0x00, 0x00,
  0x14, 0x00, 0x00, 0x00, 0x1a, 0xf9, 0xff, 0xff, 0x00, 0x00, 0x00, 0x01,
  0x18, 0x00, 0x00, 0x00, 0x20, 0x00, 0x00, 0x00, 0x3c, 0x00, 0x00, 0x00,
  0x0a, 0x00, 0x00, 0x00, 0x00, 0x00, 0x00, 0x09, 0xd8, 0x00, 0x00, 0x00,
  0x02, 0x00, 0x00, 0x00, 0xff, 0xff, 0xff, 0xff, 0x14, 0x00, 0x00, 0x00,
  0x04, 0xf9, 0xff, 0xff, 0x08, 0x00, 0x00, 0x00, 0x10, 0x00, 0x00, 0x00,
  0x01, 0x00, 0x00, 0x00, 0xbf, 0xff, 0xff, 0xff, 0xff, 0xff, 0xff, 0xff,
  0x01, 0x00, 0x00, 0x00, 0x29, 0x76, 0x7e, 0x3d, 0xa0, 0x00, 0x00, 0x00,
  0x65, 0x6e, 0x63, 0x6f, 0x64, 0x65, 0x72, 0x5f, 0x63, 0x6c, 0x66, 0x5f,
  0x72, 0x61, 0x77, 0x5f, 0x66, 0x6c, 0x61, 0x74, 0x2f, 0x71, 0x75, 0x61,
  0x6e, 0x74, 0x5f, 0x63, 0x6c, 0x61, 0x73, 0x73, 0x69, 0x66, 0x69, 0x65,
  0x72, 0x5f, 0x64, 0x65, 0x6e, 0x73, 0x65, 0x5f, 0x32, 0x30, 0x2f, 0x4d,
  0x61, 0x74, 0x4d, 0x75, 0x6c, 0x3b, 0x65, 0x6e, 0x63, 0x6f, 0x64, 0x65,
  0x72, 0x5f, 0x63, 0x6c, 0x66, 0x5f, 0x72, 0x61, 0x77, 0x5f, 0x66, 0x6c,
  0x61, 0x74, 0x2f, 0x71, 0x75, 0x61, 0x6e, 0x74, 0x5f, 0x63, 0x6c, 0x61,
  0x73, 0x73, 0x69, 0x66, 0x69, 0x65, 0x72, 0x5f, 0x64, 0x65, 0x6e, 0x73,
  0x65, 0x5f, 0x32, 0x30, 0x2f, 0x52, 0x65, 0x6c, 0x75, 0x3b, 0x65, 0x6e,
  0x63, 0x6f, 0x64, 0x65, 0x72, 0x5f, 0x63, 0x6c, 0x66, 0x5f, 0x72, 0x61,
  0x77, 0x5f, 0x66, 0x6c, 0x61, 0x74, 0x2f, 0x71, 0x75, 0x61, 0x6e, 0x74,
  0x5f, 0x63, 0x6c, 0x61, 0x73, 0x73, 0x69, 0x66, 0x69, 0x65, 0x72, 0x5f,
  0x64, 0x65, 0x6e, 0x73, 0x65, 0x5f, 0x32, 0x30, 0x2f, 0x42, 0x69, 0x61,
  0x73, 0x41, 0x64, 0x64, 0x00, 0x00, 0x00, 0x00, 0x02, 0x00, 0x00, 0x00,
  0x01, 0x00, 0x00, 0x00, 0x14, 0x00, 0x00, 0x00, 0x06, 0xfb, 0xff, 0xff,
  0x00, 0x00, 0x00, 0x01, 0x14, 0x00, 0x00, 0x00, 0x30, 0x00, 0x00, 0x00,
  0x09, 0x00, 0x00, 0x00, 0x00, 0x00, 0x00, 0x02, 0x70, 0x00, 0x00, 0x00,
  0xf4, 0xf9, 0xff, 0xff, 0x08, 0x00, 0x00, 0x00, 0x10, 0x00, 0x00, 0x00,
  0x01, 0x00, 0x00, 0x00, 0x00, 0x00, 0x00, 0x00, 0x00, 0x00, 0x00, 0x00,
  0x01, 0x00, 0x00, 0x00, 0x65, 0x7d, 0x64, 0x3a, 0x45, 0x00, 0x00, 0x00,
  0x65, 0x6e, 0x63, 0x6f, 0x64, 0x65, 0x72, 0x5f, 0x63, 0x6c, 0x66, 0x5f,
  0x72, 0x61, 0x77, 0x5f, 0x66, 0x6c, 0x61, 0x74, 0x2f, 0x71, 0x75, 0x61,
  0x6e, 0x74, 0x5f, 0x63, 0x6c, 0x61, 0x73, 0x73, 0x69, 0x66, 0x69, 0x65,
  0x72, 0x5f, 0x64, 0x65, 0x6e, 0x73, 0x65, 0x5f, 0x32, 0x30, 0x2f, 0x42,
  0x69, 0x61, 0x73, 0x41, 0x64, 0x64, 0x2f, 0x52, 0x65, 0x61, 0x64, 0x56,
  0x61, 0x72, 0x69, 0x61, 0x62, 0x6c, 0x65, 0x4f, 0x70, 0x00, 0x00, 0x00,
  0x01, 0x00, 0x00, 0x00, 0x14, 0x00, 0x00, 0x00, 0x96, 0xfb, 0xff, 0xff,
  0x00, 0x00, 0x00, 0x01, 0x14, 0x00, 0x00, 0x00, 0x30, 0x00, 0x00, 0x00,
  0x08, 0x00, 0x00, 0x00, 0x00, 0x00, 0x00, 0x09, 0xb4, 0x00, 0x00, 0x00,
  0x84, 0xfa, 0xff, 0xff, 0x08, 0x00, 0x00, 0x00, 0x10, 0x00, 0x00, 0x00,
  0x01, 0x00, 0x00, 0x00, 0x00, 0x00, 0x00, 0x00, 0x00, 0x00, 0x00, 0x00,
  0x01, 0x00, 0x00, 0x00, 0x7c, 0x91, 0xc6, 0x3b, 0x8b, 0x00, 0x00, 0x00,
  0x65, 0x6e, 0x63, 0x6f, 0x64, 0x65, 0x72, 0x5f, 0x63, 0x6c, 0x66, 0x5f,
  0x72, 0x61, 0x77, 0x5f, 0x66, 0x6c, 0x61, 0x74, 0x2f, 0x71, 0x75, 0x61,
  0x6e, 0x74, 0x5f, 0x63, 0x6c, 0x61, 0x73, 0x73, 0x69, 0x66, 0x69, 0x65,
  0x72, 0x5f, 0x64, 0x65, 0x6e, 0x73, 0x65, 0x5f, 0x32, 0x30, 0x2f, 0x4d,
  0x61, 0x74, 0x4d, 0x75, 0x6c, 0x3b, 0x65, 0x6e, 0x63, 0x6f, 0x64, 0x65,
  0x72, 0x5f, 0x63, 0x6c, 0x66, 0x5f, 0x72, 0x61, 0x77, 0x5f, 0x66, 0x6c,
  0x61, 0x74, 0x2f, 0x71, 0x75, 0x61, 0x6e, 0x74, 0x5f, 0x63, 0x6c, 0x61,
  0x73, 0x73, 0x69, 0x66, 0x69, 0x65, 0x72, 0x5f, 0x64, 0x65, 0x6e, 0x73,
  0x65, 0x5f, 0x32, 0x30, 0x2f, 0x4c, 0x61, 0x73, 0x74, 0x56, 0x61, 0x6c,
  0x75, 0x65, 0x51, 0x75, 0x61, 0x6e, 0x74, 0x2f, 0x46, 0x61, 0x6b, 0x65,
  0x51, 0x75, 0x61, 0x6e, 0x74, 0x57, 0x69, 0x74, 0x68, 0x4d, 0x69, 0x6e,
  0x4d, 0x61, 0x78, 0x56, 0x61, 0x72, 0x73, 0x00, 0x02, 0x00, 0x00, 0x00,
  0x14, 0x00, 0x00, 0x00, 0x20, 0x00, 0x00, 0x00, 0x82, 0xfb, 0xff, 0xff,
  0x00, 0x00, 0x00, 0x01, 0x18, 0x00, 0x00, 0x00, 0x20, 0x00, 0x00, 0x00,
  0x3c, 0x00, 0x00, 0x00, 0x07, 0x00, 0x00, 0x00, 0x00, 0x00, 0x00, 0x09,
  0x90, 0x00, 0x00, 0x00, 0x02, 0x00, 0x00, 0x00, 0xff, 0xff, 0xff, 0xff,
  0x20, 0x00, 0x00, 0x00, 0x6c, 0xfb, 0xff, 0xff, 0x08, 0x00, 0x00, 0x00,
  0x10, 0x00, 0x00, 0x00, 0x01, 0x00, 0x00, 0x00, 0x09, 0x00, 0x00, 0x00,
  0x00, 0x00, 0x00, 0x00, 0x01, 0x00, 0x00, 0x00, 0xb1, 0x49, 0x13, 0x3e,
  0x58, 0x00, 0x00, 0x00, 0x65, 0x6e, 0x63, 0x6f, 0x64, 0x65, 0x72, 0x5f,
  0x63, 0x6c, 0x66, 0x5f, 0x72, 0x61, 0x77, 0x5f, 0x66, 0x6c, 0x61, 0x74,
  0x2f, 0x71, 0x75, 0x61, 0x6e, 0x74, 0x5f, 0x6c, 0x61, 0x74, 0x65, 0x6e,
  0x74, 0x5f, 0x33, 0x32, 0x2f, 0x4d, 0x61, 0x74, 0x4d, 0x75, 0x6c, 0x3b,
  0x65, 0x6e, 0x63, 0x6f, 0x64, 0x65, 0x72, 0x5f, 0x63, 0x6c, 0x66, 0x5f,
  0x72, 0x61, 0x77, 0x5f, 0x66, 0x6c, 0x61, 0x74, 0x2f, 0x71, 0x75, 0x61,
  0x6e, 0x74, 0x5f, 0x6c, 0x61, 0x74, 0x65, 0x6e, 0x74, 0x5f, 0x33, 0x32,
  0x2f, 0x42, 0x69, 0x61, 0x73, 0x41, 0x64, 0x64, 0x00, 0x00, 0x00, 0x00,
  0x02, 0x00, 0x00, 0x00, 0x01, 0x00, 0x00, 0x00, 0x20, 0x00, 0x00, 0x00,
  0x26, 0xfd, 0xff, 0xff, 0x00, 0x00, 0x00, 0x01, 0x14, 0x00, 0x00, 0x00,
  0x34, 0x00, 0x00, 0x00, 0x06, 0x00, 0x00, 0x00, 0x00, 0x00, 0x00, 0x02,
  0x68, 0x00, 0x00, 0x00, 0x14, 0xfc, 0xff, 0xff, 0x08, 0x00, 0x00, 0x00,
  0x14, 0x00, 0x00, 0x00, 0x01, 0x00, 0x00, 0x00, 0x00, 0x00, 0x00, 0x00,
  0x00, 0x00, 0x00, 0x00, 0x00, 0x00, 0x00, 0x00, 0x01, 0x00, 0x00, 0x00,
  0x2a, 0x55, 0x81, 0x3a, 0x3b, 0x00, 0x00, 0x00, 0x65, 0x6e, 0x63, 0x6f,
  0x64, 0x65, 0x72, 0x5f, 0x63, 0x6c, 0x66, 0x5f, 0x72, 0x61, 0x77, 0x5f,
  0x66, 0x6c, 0x61, 0x74, 0x2f, 0x71, 0x75, 0x61, 0x6e, 0x74, 0x5f, 0x6c,
  0x61, 0x74, 0x65, 0x6e, 0x74, 0x5f, 0x33, 0x32, 0x2f, 0x42, 0x69, 0x61,
  0x73, 0x41, 0x64, 0x64, 0x2f, 0x52, 0x65, 0x61, 0x64, 0x56, 0x61, 0x72,
  0x69, 0x61, 0x62, 0x6c, 0x65, 0x4f, 0x70, 0x00, 0x01, 0x00, 0x00, 0x00,
  0x20, 0x00, 0x00, 0x00, 0xae, 0xfd, 0xff, 0xff, 0x00, 0x00, 0x00, 0x01,
  0x14, 0x00, 0x00, 0x00, 0x34, 0x00, 0x00, 0x00, 0x05, 0x00, 0x00, 0x00,
  0x00, 0x00, 0x00, 0x09, 0xa4, 0x00, 0x00, 0x00, 0x9c, 0xfc, 0xff, 0xff,
  0x08, 0x00, 0x00, 0x00, 0x14, 0x00, 0x00, 0x00, 0x01, 0x00, 0x00, 0x00,
  0x00, 0x00, 0x00, 0x00, 0x00, 0x00, 0x00, 0x00, 0x00, 0x00, 0x00, 0x00,
  0x01, 0x00, 0x00, 0x00, 0x1a, 0xe4, 0x9e, 0x3b, 0x77, 0x00, 0x00, 0x00,
  0x65, 0x6e, 0x63, 0x6f, 0x64, 0x65, 0x72, 0x5f, 0x63, 0x6c, 0x66, 0x5f,
  0x72, 0x61, 0x77, 0x5f, 0x66, 0x6c, 0x61, 0x74, 0x2f, 0x71, 0x75, 0x61,
  0x6e, 0x74, 0x5f, 0x6c, 0x61, 0x74, 0x65, 0x6e, 0x74, 0x5f, 0x33, 0x32,
  0x2f, 0x4d, 0x61, 0x74, 0x4d, 0x75, 0x6c, 0x3b, 0x65, 0x6e, 0x63, 0x6f,
  0x64, 0x65, 0x72, 0x5f, 0x63, 0x6c, 0x66, 0x5f, 0x72, 0x61, 0x77, 0x5f,
  0x66, 0x6c, 0x61, 0x74, 0x2f, 0x71, 0x75, 0x61, 0x6e, 0x74, 0x5f, 0x6c,
  0x61, 0x74, 0x65, 0x6e, 0x74, 0x5f, 0x33, 0x32, 0x2f, 0x4c, 0x61, 0x73,
  0x74, 0x56, 0x61, 0x6c, 0x75, 0x65, 0x51, 0x75, 0x61, 0x6e, 0x74, 0x2f,
  0x46, 0x61, 0x6b, 0x65, 0x51, 0x75, 0x61, 0x6e, 0x74, 0x57, 0x69, 0x74,
  0x68, 0x4d, 0x69, 0x6e, 0x4d, 0x61, 0x78, 0x56, 0x61, 0x72, 0x73, 0x00,
  0x02, 0x00, 0x00, 0x00, 0x20, 0x00, 0x00, 0x00, 0x40, 0x00, 0x00, 0x00,
  0x8a, 0xfd, 0xff, 0xff, 0x00, 0x00, 0x00, 0x01, 0x18, 0x00, 0x00, 0x00,
  0x20, 0x00, 0x00, 0x00, 0x40, 0x00, 0x00, 0x00, 0x04, 0x00, 0x00, 0x00,
  0x00, 0x00, 0x00, 0x09, 0xd0, 0x00, 0x00, 0x00, 0x02, 0x00, 0x00, 0x00,
  0xff, 0xff, 0xff, 0xff, 0x40, 0x00, 0x00, 0x00, 0x74, 0xfd, 0xff, 0xff,
  0x08, 0x00, 0x00, 0x00, 0x14, 0x00, 0x00, 0x00, 0x01, 0x00, 0x00, 0x00,
  0x93, 0xff, 0xff, 0xff, 0xff, 0xff, 0xff, 0xff, 0x00, 0x00, 0x00, 0x00,
  0x01, 0x00, 0x00, 0x00, 0x67, 0x60, 0x50, 0x3e, 0x97, 0x00, 0x00, 0x00,
  0x65, 0x6e, 0x63, 0x6f, 0x64, 0x65, 0x72, 0x5f, 0x63, 0x6c, 0x66, 0x5f,
  0x72, 0x61, 0x77, 0x5f, 0x66, 0x6c, 0x61, 0x74, 0x2f, 0x71, 0x75, 0x61,
  0x6e, 0x74, 0x5f, 0x65, 0x6e, 0x63, 0x6f, 0x64, 0x65, 0x72, 0x5f, 0x64,
  0x65, 0x6e, 0x73, 0x65, 0x5f, 0x36, 0x34, 0x2f, 0x4d, 0x61, 0x74, 0x4d,
  0x75, 0x6c, 0x3b, 0x65, 0x6e, 0x63, 0x6f, 0x64, 0x65, 0x72, 0x5f, 0x63,
  0x6c, 0x66, 0x5f, 0x72, 0x61, 0x77, 0x5f, 0x66, 0x6c, 0x61, 0x74, 0x2f,
  0x71, 0x75, 0x61, 0x6e, 0x74, 0x5f, 0x65, 0x6e, 0x63, 0x6f, 0x64, 0x65,
  0x72, 0x5f, 0x64, 0x65, 0x6e, 0x73, 0x65, 0x5f, 0x36, 0x34, 0x2f, 0x52,
  0x65, 0x6c, 0x75, 0x3b, 0x65, 0x6e, 0x63, 0x6f, 0x64, 0x65, 0x72, 0x5f,
  0x63, 0x6c, 0x66, 0x5f, 0x72, 0x61, 0x77, 0x5f, 0x66, 0x6c, 0x61, 0x74,
  0x2f, 0x71, 0x75, 0x61, 0x6e, 0x74, 0x5f, 0x65, 0x6e, 0x63, 0x6f, 0x64,
  0x65, 0x72, 0x5f, 0x64, 0x65, 0x6e, 0x73, 0x65, 0x5f, 0x36, 0x34, 0x2f,
  0x42, 0x69, 0x61, 0x73, 0x41, 0x64, 0x64, 0x00, 0x02, 0x00, 0x00, 0x00,
  0x01, 0x00, 0x00, 0x00, 0x40, 0x00, 0x00, 0x00, 0x6e, 0xff, 0xff, 0xff,
  0x00, 0x00, 0x00, 0x01, 0x14, 0x00, 0x00, 0x00, 0x34, 0x00, 0x00, 0x00,
  0x03, 0x00, 0x00, 0x00, 0x00, 0x00, 0x00, 0x02, 0x70, 0x00, 0x00, 0x00,
  0x5c, 0xfe, 0xff, 0xff, 0x08, 0x00, 0x00, 0x00, 0x14, 0x00, 0x00, 0x00,
  0x01, 0x00, 0x00, 0x00, 0x00, 0x00, 0x00, 0x00, 0x00, 0x00, 0x00, 0x00,
  0x00, 0x00, 0x00, 0x00, 0x01, 0x00, 0x00, 0x00, 0x92, 0x8d, 0x41, 0x3a,
  0x42, 0x00, 0x00, 0x00, 0x65, 0x6e, 0x63, 0x6f, 0x64, 0x65, 0x72, 0x5f,
  0x63, 0x6c, 0x66, 0x5f, 0x72, 0x61, 0x77, 0x5f, 0x66, 0x6c, 0x61, 0x74,
  0x2f, 0x71, 0x75, 0x61, 0x6e, 0x74, 0x5f, 0x65, 0x6e, 0x63, 0x6f, 0x64,
  0x65, 0x72, 0x5f, 0x64, 0x65, 0x6e, 0x73, 0x65, 0x5f, 0x36, 0x34, 0x2f,
  0x42, 0x69, 0x61, 0x73, 0x41, 0x64, 0x64, 0x2f, 0x52, 0x65, 0x61, 0x64,
  0x56, 0x61, 0x72, 0x69, 0x61, 0x62, 0x6c, 0x65, 0x4f, 0x70, 0x00, 0x00,
  0x01, 0x00, 0x00, 0x00, 0x40, 0x00, 0x00, 0x00, 0x00, 0x00, 0x16, 0x00,
  0x1c, 0x00, 0x18, 0x00, 0x17, 0x00, 0x10, 0x00, 0x0c, 0x00, 0x08, 0x00,
  0x00, 0x00, 0x00, 0x00, 0x00, 0x00, 0x07, 0x00, 0x16, 0x00, 0x00, 0x00,
  0x00, 0x00, 0x00, 0x01, 0x14, 0x00, 0x00, 0x00, 0x30, 0x00, 0x00, 0x00,
  0x02, 0x00, 0x00, 0x00, 0x00, 0x00, 0x00, 0x09, 0xb0, 0x00, 0x00, 0x00,
  0x04, 0xff, 0xff, 0xff, 0x08, 0x00, 0x00, 0x00, 0x10, 0x00, 0x00, 0x00,
  0x01, 0x00, 0x00, 0x00, 0x00, 0x00, 0x00, 0x00, 0x00, 0x00, 0x00, 0x00,
  0x01, 0x00, 0x00, 0x00, 0x36, 0x23, 0x84, 0x3b, 0x85, 0x00, 0x00, 0x00,
  0x65, 0x6e, 0x63, 0x6f, 0x64, 0x65, 0x72, 0x5f, 0x63, 0x6c, 0x66, 0x5f,
  0x72, 0x61, 0x77, 0x5f, 0x66, 0x6c, 0x61, 0x74, 0x2f, 0x71, 0x75, 0x61,
  0x6e, 0x74, 0x5f, 0x65, 0x6e, 0x63, 0x6f, 0x64, 0x65, 0x72, 0x5f, 0x64,
  0x65, 0x6e, 0x73, 0x65, 0x5f, 0x36, 0x34, 0x2f, 0x4d, 0x61, 0x74, 0x4d,
  0x75, 0x6c, 0x3b, 0x65, 0x6e, 0x63, 0x6f, 0x64, 0x65, 0x72, 0x5f, 0x63,
  0x6c, 0x66, 0x5f, 0x72, 0x61, 0x77, 0x5f, 0x66, 0x6c, 0x61, 0x74, 0x2f,
  0x71, 0x75, 0x61, 0x6e, 0x74, 0x5f, 0x65, 0x6e, 0x63, 0x6f, 0x64, 0x65,
  0x72, 0x5f, 0x64, 0x65, 0x6e, 0x73, 0x65, 0x5f, 0x36, 0x34, 0x2f, 0x4c,
  0x61, 0x73, 0x74, 0x56, 0x61, 0x6c, 0x75, 0x65, 0x51, 0x75, 0x61, 0x6e,
  0x74, 0x2f, 0x46, 0x61, 0x6b, 0x65, 0x51, 0x75, 0x61, 0x6e, 0x74, 0x57,
  0x69, 0x74, 0x68, 0x4d, 0x69, 0x6e, 0x4d, 0x61, 0x78, 0x56, 0x61, 0x72,
  0x73, 0x00, 0x00, 0x00, 0x02, 0x00, 0x00, 0x00, 0x40, 0x00, 0x00, 0x00,
  0x58, 0x02, 0x00, 0x00, 0x00, 0x00, 0x16, 0x00, 0x20, 0x00, 0x1c, 0x00,
  0x1b, 0x00, 0x14, 0x00, 0x10, 0x00, 0x0c, 0x00, 0x00, 0x00, 0x00, 0x00,
  0x08, 0x00, 0x07, 0x00, 0x16, 0x00, 0x00, 0x00, 0x00, 0x00, 0x00, 0x01,
  0x18, 0x00, 0x00, 0x00, 0x2c, 0x00, 0x00, 0x00, 0x48, 0x00, 0x00, 0x00,
  0x01, 0x00, 0x00, 0x00, 0x00, 0x00, 0x00, 0x09, 0x60, 0x00, 0x00, 0x00,
  0x02, 0x00, 0x00, 0x00, 0xff, 0xff, 0xff, 0xff, 0x58, 0x02, 0x00, 0x00,
  0x0c, 0x00, 0x0c, 0x00, 0x00, 0x00, 0x00, 0x00, 0x08, 0x00, 0x04, 0x00,
  0x0c, 0x00, 0x00, 0x00, 0x08, 0x00, 0x00, 0x00, 0x10, 0x00, 0x00, 0x00,
  0x01, 0x00, 0x00, 0x00, 0xf9, 0xff, 0xff, 0xff, 0xff, 0xff, 0xff, 0xff,
  0x01, 0x00, 0x00, 0x00, 0x0e, 0x7e, 0x3b, 0x3e, 0x1e, 0x00, 0x00, 0x00,
  0x73, 0x65, 0x72, 0x76, 0x69, 0x6e, 0x67, 0x5f, 0x64, 0x65, 0x66, 0x61,
  0x75, 0x6c, 0x74, 0x5f, 0x77, 0x69, 0x6e, 0x64, 0x6f, 0x77, 0x5f, 0x69,
  0x6e, 0x70, 0x75, 0x74, 0x3a, 0x30, 0x00, 0x00, 0x02, 0x00, 0x00, 0x00,
  0x01, 0x00, 0x00, 0x00, 0x58, 0x02, 0x00, 0x00, 0x02, 0x00, 0x00, 0x00,
  0x24, 0x00, 0x00, 0x00, 0x04, 0x00, 0x00, 0x00, 0xf0, 0xff, 0xff, 0xff,
  0x19, 0x00, 0x00, 0x00, 0x02, 0x00, 0x00, 0x00, 0x00, 0x00, 0x00, 0x19,
  0x0c, 0x00, 0x10, 0x00, 0x0f, 0x00, 0x00, 0x00, 0x08, 0x00, 0x04, 0x00,
  0x0c, 0x00, 0x00, 0x00, 0x09, 0x00, 0x00, 0x00, 0x04, 0x00, 0x00, 0x00,
  0x00, 0x00, 0x00, 0x09
};
unsigned int encoder_clf_raw_pruned_qat_int8_tflite_len = 45616;
